Unity Editor version:    6000.6.3f1 (45d8eee7de74)
Branch:                  6000.6/staging
Build type:              Release
Batch mode:              YES
macOS version:           Version 26.6.2 (Build 25G83)
Darwin version:          25.6.0
Architecture:            x86_64
Running under Rosetta:   YES
Available memory:        49152 MB
Date:                    2026-10-01T19:11:18Z
[WARNING] The Intel macOS Editor is deprecated; it will no longer be available after Unity 6.7 LTS.

[Licensing::Module] Trying to connect to existing licensing client channel...
[Licensing::IpcConnector] Successfully connected to: "LicenseClient-mariaukrainskaa" at "2026-10-01T19:11:18.017486Z"

COMMAND LINE ARGUMENTS:
/Applications/Unity/Hub/Editor/6000.6.3f1/Unity.app/Contents/MacOS/Unity
-adb2
-batchMode
-noUpm
-name
AssetImportWorkerHW0
-projectPath
/Users/mariaukrainskaa/Desktop/OPD_lab2/New Unity Project
-logFile
Logs/AssetImportWorkerHW0.log
-srvPort
61545
-parentPid
29002
-analyticsCloudUserId
anonymous
-analyticsLocalProjectId
ff8582b964f5645d48dd6b0b7b41f3e7
-editorAnalyticsEnabled
1
-cbmEditorLicense
6ccd1c2106d406fa2e9c41dc9084c5b0f2065f1d
-cbmMachineId
LpnL7C59YsJ+/7ARDlfIqvcwJFM=
-noDiagnosticSwitchPersistentStore
-job-worker-count
8
-background-job-worker-count
8
-asset-garbage-collectors
1
-force-metal
-name AssetImport
Successfully changed project path to: /Users/mariaukrainskaa/Desktop/OPD_lab2/New Unity Project
/Users/mariaukrainskaa/Desktop/OPD_lab2/New Unity Project
[UnityMemory] Configuration Parameters - Can be set up in boot.config
    "memorysetup-temp-allocator-size-gi-baking-worker=262144"
    "memorysetup-temp-allocator-size-gi-baking-worker=262144"
    "memorysetup-temp-allocator-size-gi-baking-worker=262144"
    "memorysetup-temp-allocator-size-gi-baking-worker=262144"
    "memorysetup-temp-allocator-size-gi-baking-worker=262144"
    "memorysetup-temp-allocator-size-nav-mesh-worker=65536"
    "memorysetup-temp-allocator-size-audio-worker=65536"
    "memorysetup-temp-allocator-size-cloud-worker=32768"
    "memorysetup-temp-allocator-size-preload-manager=33554432"
    "memorysetup-remapper-allocator-initial-capacity=32768"
    "memorysetup-temp-allocator-size-gfx=262144"
    "memorysetup-allocator-temp-initial-block-size-main=262144"
    "memorysetup-allocator-temp-initial-block-size-worker=262144"
    "memorysetup-temp-allocator-size-background-worker=32768"
    "memorysetup-temp-allocator-size-job-worker=262144"
    "memorysetup-bucket-allocator-granularity=16"
    "memorysetup-bucket-allocator-bucket-count=8"
    "memorysetup-bucket-allocator-block-size=33554432"
    "memorysetup-bucket-allocator-block-count=8"
    "memorysetup-main-allocator-block-size=16777216"
    "memorysetup-thread-allocator-block-size=16777216"
    "memorysetup-main-allocator-mimalloc-enabled=1"
    "memorysetup-gfx-main-allocator-block-size=16777216"
    "memorysetup-gfx-thread-allocator-block-size=16777216"
    "memorysetup-cache-allocator-block-size=4194304"
    "memorysetup-typetree-allocator-block-size=2097152"
    "memorysetup-profiler-bucket-allocator-granularity=16"
    "memorysetup-profiler-bucket-allocator-bucket-count=8"
    "memorysetup-profiler-bucket-allocator-block-size=33554432"
    "memorysetup-profiler-bucket-allocator-block-count=8"
    "memorysetup-profiler-allocator-block-size=16777216"
    "memorysetup-profiler-editor-allocator-block-size=1048576"
    "memorysetup-temp-allocator-size-main=16777216"
    "memorysetup-job-temp-allocator-block-size=2097152"
    "memorysetup-job-temp-allocator-block-size-background=1048576"
    "memorysetup-job-temp-allocator-reduction-small-platforms=262144"
Player connection [8811269696]  Target information:

Player connection [8811269696]  * "[IP] 192.168.3.97 [Port] 0 [Flags] 2 [Guid] 2469110918 [EditorId] 2469110918 [Version] 1048832 [Id] OSXEditor(0,MacBook-Pro-Maria.local) [Debug] 1 [PackageName] OSXEditor [ProjectName] Editor" 

Player connection [8811269696]  * "[IP] 198.18.0.1 [Port] 0 [Flags] 2 [Guid] 2469110918 [EditorId] 2469110918 [Version] 1048832 [Id] OSXEditor(0,MacBook-Pro-Maria.local) [Debug] 1 [PackageName] OSXEditor [ProjectName] Editor" 

Player connection [8811269696] Host joined multi-casting on [225.0.0.222:54997]...
Player connection [8811269696] Host joined alternative multi-casting on [225.0.0.222:34997]...
JobSystem: Creating JobQueue using job-worker-count value 8
Input System module state changed to: Initialized.
[Physics::Module] Initialized fallback backend.
[Physics::Module] Id: 0xdecafbad
Library Redirect Path: Library/
Initialising UDS system complete:
  - System type: Client
  - Resource namespace: a2e7f610497cdd3dc97cf50c3e5eaf0e
  - Shared memory size: 1073741824
  - Command buffer id: 1052672
  - Command buffer size: 8192
  - Hashmap size: 4194304
  - Service connected: true
  - Service working directory: Library/DataStore/
[Licensing::Client] Handshaking with LicensingClient:
  Version:                 1.18.3+d7ffd15
  Session Id:              76770be14c264f6e87d48a58d1a3094e
  Correlation Id:          0109fd588050133db5480bb7abdad274
  External correlation Id: 1973348959200684575
  Machine Id:              LpnL7C59YsJ+/7ARDlfIqvcwJFM=
[Licensing::Module] Successfully connected to LicensingClient on channel: "LicenseClient-mariaukrainskaa" (connect: 0.00s, validation: 0.00s, handshake: 0.21s)
[Licensing::IpcConnector] Successfully connected to: "LicenseClient-mariaukrainskaa-notifications" at "2026-10-01T19:11:18.225517Z"
[Licensing::Module] Licensing Background thread has ended after 0.21s
[Physics::Module] Selected backend (deferred post-plugins).
[Physics::Module] Name: PhysX
[Physics::Module] Id: 0xf2b8ea05
[Physics::Module] SDK Version: 4.1.2
[Physics::Module] Integration Version: 1.0.0
[Physics::Module] Threading Mode: Multi-Threaded
Initialize engine version: 6000.6.3f1 (45d8eee7de74)
[EntityIdStore] init: VM path (explicit commit), pageSize=4096, blockCount=1048576, entitiesPerBlock=256, slots reserved=4294967296 bytes
[Subsystems] Discovering subsystems at path /Applications/Unity/Hub/Editor/6000.6.3f1/Unity.app/Contents/Resources/UnitySubsystems
[Subsystems] Discovering subsystems at path /Users/mariaukrainskaa/Desktop/OPD_lab2/New Unity Project/Assets
Forcing GfxDevice: Metal
GfxDevice: creating device client; kGfxThreadingModeNonThreaded
 preferred device: Apple M5 Pro (high power)
Metal devices available: 1
0: Apple M5 Pro (high power)
Using device Apple M5 Pro (high power)
Initializing Metal device caps: Apple M5 Pro
Mac GPU Family: 2
Apple GPU Family: 9
MSL Version: 3.0
Has Float MSAA: 1
Has Float Filtering: 1
ReadWrite Texture Tier: 2
Initialize mono
Mono path[0] = '/Applications/Unity/Hub/Editor/6000.6.3f1/Unity.app/Contents/Resources/Scripting/Managed'
Mono path[1] = '/Applications/Unity/Hub/Editor/6000.6.3f1/Unity.app/Contents/Resources/Scripting/BCLExtensions/runtime/netstandard2.1'
Mono path[2] = '/Applications/Unity/Hub/Editor/6000.6.3f1/Unity.app/Contents/Resources/Scripting/MonoBleedingEdge/lib/mono/unityjit-macos'
Mono config path = '/Applications/Unity/Hub/Editor/6000.6.3f1/Unity.app/Contents/Resources/Scripting/MonoBleedingEdge/etc'
Using monoOptions --debugger-agent=transport=dt_socket,embedding=1,server=y,suspend=n,address=127.0.0.1:56269
CodeReloadManager initialized
Begin MonoManager ReloadAssembly
Registering precompiled unity dll's ...
Register platform support module: /Applications/Unity/Hub/Editor/6000.6.3f1/PlaybackEngines/WebGLSupport/UnityEditor.WebGL.Extensions.dll
Register platform support module: /Applications/Unity/Hub/Editor/6000.6.3f1/PlaybackEngines/MacStandaloneSupport/UnityEditor.OSXStandalone.Extensions.dll
Registered in 0.000746 seconds.
Native extension for OSXStandalone target not found
Native extension for WebGL target not found
Package Manager log level set to [2]
[Package Manager] Failed to launch server process. Reason: Unity was launched with the -noUpm command-line argument
[Package Manager] Unable to send message (not connected to server process).
[Package Manager] Cannot connect to Unity Package Manager local server
ScheduleIndexationOnStartup MainProcess:False IndexOnStartup:False
Scripting: successfully reloaded assembly
- Finished resetting the current domain, in  1.119 seconds
Domain Reload Profiling: 1762ms
	BeginReloadAssembly (130ms)
	RebuildCommonClasses (4ms)
	RebuildNativeTypeToScriptingClass (11ms)
	initialDomainReloadingComplete (86ms)
	LoadAllAssembliesAndSetupDomain (409ms)
		LoadAssemblies (128ms)
		TypeCache.Refresh (150ms)
			TypeCache.ScanAssembly (139ms)
		AnalyzeDomain (1ms)
	FinalizeReload (1121ms)
		SetupLoadedEditorAssemblies (0ms)
			LogAssemblyErrors (3ms)
			InitializePlatformSupportModulesInManaged (5ms)
			BeforeProcessingInitializeOnLoad (375ms)
			ProcessInitializeOnLoadAttributes (250ms)
			ProcessInitializeOnLoadMethodAttributes (307ms)
Initializing Unity extensions:
[Licensing::Client] Successfully resolved entitlement details
[Licensing::Module] License group:
  Id: 10171657589034-UnityPersXXXX
  Product: Unity Personal
  Type: Assigned
  Expiration: Unlimited
[CoreBusinessMetrics] Unexpected thread when updating session info.
[CoreBusinessMetrics] Unexpected thread when updating session info.
========================================================================
Worker process is ready to serve import requests
Import Worker Mode flag is 0x00
Begin MonoManager ReloadAssembly
Native extension for OSXStandalone target not found
Native extension for WebGL target not found
[Package Manager] Failed to launch server process. Reason: Unity was launched with the -noUpm command-line argument
[Package Manager] Unable to send message (not connected to server process).
[Package Manager] Cannot connect to Unity Package Manager local server
ScheduleIndexationOnStartup MainProcess:False IndexOnStartup:True
Scripting: successfully reloaded assembly
- Finished resetting the current domain, in  1.039 seconds
Domain Reload Profiling: 1828ms
	BeginReloadAssembly (290ms)
		DisableScriptedObjects (36ms)
		CreateAndSetChildDomain (22ms)
	RebuildCommonClasses (6ms)
	RebuildNativeTypeToScriptingClass (11ms)
	initialDomainReloadingComplete (53ms)
	LoadAllAssembliesAndSetupDomain (427ms)
		LoadAssemblies (272ms)
		TypeCache.Refresh (13ms)
			TypeCache.ScanAssembly (6ms)
		AnalyzeDomain (11ms)
			BuildScriptInfoCaches (10ms)
	FinalizeReload (1042ms)
		SetupLoadedEditorAssemblies (0ms)
			InitializePlatformSupportModulesInManaged (4ms)
			BeforeProcessingInitializeOnLoad (366ms)
			ProcessInitializeOnLoadAttributes (186ms)
			ProcessInitializeOnLoadMethodAttributes (89ms)
		AwakeInstancesAfterBackupRestoration (16ms)
AcceleratorClientConnectionCallback - disconnected - :0
Launching external process: /Applications/Unity/Hub/Editor/6000.6.3f1/Unity.app/Contents/Helpers/UnityShaderCompiler
Launched and connected shader compiler UnityShaderCompiler after 0.04 seconds
Unloading 1 Unused Serialized files (Serialized files now loaded: 0)
Unloading 485 unused Assets / (35.7 KB). Loaded Objects now: 1190.
Memory consumption went from 101.1 MB to 101.1 MB.
Total: 4.489958 ms (FindLiveObjects: 0.112833 ms CreateObjectMapping: 0.012042 ms MarkObjects: 4.203250 ms  DeleteObjects: 0.126583 ms)

========================================================================
Received Import Request.
  Time of request: 2026-10-01T19:11:24.193868Z
  Time since last request: 161377.02224183300859 seconds.
  importAddress: GUID: b73b3de0d473d4a1c887ab31f69b1a8d - Path: Packages/com.unity.ide.visualstudio/Editor/Testing/TestAdaptor.cs - Importer: ScriptedImporter/UnityEditor.QuickSearchModule:UnityEditor.Search:ASIAI0B
Importing 'GUID: b73b3de0d473d4a1c887ab31f69b1a8d - Path: Packages/com.unity.ide.visualstudio/Editor/Testing/TestAdaptor.cs - Importer: ScriptedImporter/UnityEditor.QuickSearchModule:UnityEditor.Search:ASIAI0B' with importer (ScriptedImporter : UnityEditor.QuickSearchModule:UnityEditor.Search:ASIAI0B)
Imported 'GUID: b73b3de0d473d4a1c887ab31f69b1a8d' -> (Import Result ID: '71e91c225620155c3e5f7497678d5369') in 0.204 seconds [static and dynamic dependencies]. Details - ImportResultOutputID=7b8e37b681f0647fdf68cdb6f4f2eb86 DependenciesID=5cd527fc9cd734d81403d965e41ec006 StaticDependenciesID=07e99c7fa9d1a3d7f28e77fdf6b77ac9 
Number of updated asset objects reloaded before import = 0
Number of asset objects unloaded after import = 0
========================================================================
Received Import Request.
  Time of request: 2026-10-01T19:11:24.403383Z
  Time since last request: 0.003017584 seconds.
  importAddress: GUID: fbbb1ee655846b043baf6c3502b5ce49 - Path: Packages/com.unity.ide.visualstudio/Editor/SolutionParser.cs - Importer: ScriptedImporter/UnityEditor.QuickSearchModule:UnityEditor.Search:ASIAI0B
Importing 'GUID: fbbb1ee655846b043baf6c3502b5ce49 - Path: Packages/com.unity.ide.visualstudio/Editor/SolutionParser.cs - Importer: ScriptedImporter/UnityEditor.QuickSearchModule:UnityEditor.Search:ASIAI0B' with importer (ScriptedImporter : UnityEditor.QuickSearchModule:UnityEditor.Search:ASIAI0B)
Imported 'GUID: fbbb1ee655846b043baf6c3502b5ce49' -> (Import Result ID: 'ce50c3b5c5240159aa729b515ef1ba92') in 0.006 seconds [static and dynamic dependencies]. Details - ImportResultOutputID=7c69c14ec01f67921eec1b2546bdcf9d DependenciesID=a2322ad89c57f4cc2c7765e4c407dc48 StaticDependenciesID=cf8fabae8936e50802e0306eda65f411 
Number of updated asset objects reloaded before import = 0
Number of asset objects unloaded after import = 0
========================================================================
Received Import Request.
  Time of request: 2026-10-01T19:11:24.40937Z
  Time since last request: 0.000220334 seconds.
  importAddress: GUID: a3f71b076c36a204a864f8c44142b3a9 - Path: Packages/com.unity.ide.visualstudio/ValidationConfig.json - Importer: ScriptedImporter/UnityEditor.QuickSearchModule:UnityEditor.Search:ASIAI0B
Importing 'GUID: a3f71b076c36a204a864f8c44142b3a9 - Path: Packages/com.unity.ide.visualstudio/ValidationConfig.json - Importer: ScriptedImporter/UnityEditor.QuickSearchModule:UnityEditor.Search:ASIAI0B' with importer (ScriptedImporter : UnityEditor.QuickSearchModule:UnityEditor.Search:ASIAI0B)
Imported 'GUID: a3f71b076c36a204a864f8c44142b3a9' -> (Import Result ID: 'a887790673307534fecdddc25267ff4a') in 0.002 seconds [static and dynamic dependencies]. Details - ImportResultOutputID=919d6cb3880aa15da07df6bec736af1f DependenciesID=8b704b719ba470cb4a249aca86ea3801 StaticDependenciesID=8e5826559af3bdf31948b3884c2c4b67 
Number of updated asset objects reloaded before import = 0
Number of asset objects unloaded after import = 1
========================================================================
Received Import Request.
  Time of request: 2026-10-01T19:11:24.411805Z
  Time since last request: 0.000288584 seconds.
  importAddress: GUID: 5c1b8a755d2c97640bbb207c43f4cf61 - Path: Packages/com.unity.ide.visualstudio/Editor/SolutionProjectEntry.cs - Importer: ScriptedImporter/UnityEditor.QuickSearchModule:UnityEditor.Search:ASIAI0B
Importing 'GUID: 5c1b8a755d2c97640bbb207c43f4cf61 - Path: Packages/com.unity.ide.visualstudio/Editor/SolutionProjectEntry.cs - Importer: ScriptedImporter/UnityEditor.QuickSearchModule:UnityEditor.Search:ASIAI0B' with importer (ScriptedImporter : UnityEditor.QuickSearchModule:UnityEditor.Search:ASIAI0B)
Imported 'GUID: 5c1b8a755d2c97640bbb207c43f4cf61' -> (Import Result ID: 'f7dcab21876e4eb344d82545ee4705ea') in 0.001 seconds [static and dynamic dependencies]. Details - ImportResultOutputID=47ba4778885d5ac4c526aeadf25f0621 DependenciesID=687940e5230c1cc537f20b4032cc3842 StaticDependenciesID=6938db1261c82ba5f1ff5c5794f5192b 
Number of updated asset objects reloaded before import = 0
Number of asset objects unloaded after import = 0
========================================================================
Received Import Request.
  Time of request: 2026-10-01T19:11:24.413532Z
  Time since last request: 0.0002285 seconds.
  importAddress: GUID: f7b5530092b3a7646bdc7865f1f6ee94 - Path: Packages/com.unity.ide.visualstudio/Editor/Cli.cs - Importer: ScriptedImporter/UnityEditor.QuickSearchModule:UnityEditor.Search:ASIAI0B
Importing 'GUID: f7b5530092b3a7646bdc7865f1f6ee94 - Path: Packages/com.unity.ide.visualstudio/Editor/Cli.cs - Importer: ScriptedImporter/UnityEditor.QuickSearchModule:UnityEditor.Search:ASIAI0B' with importer (ScriptedImporter : UnityEditor.QuickSearchModule:UnityEditor.Search:ASIAI0B)
Imported 'GUID: f7b5530092b3a7646bdc7865f1f6ee94' -> (Import Result ID: '6ea3fa9b3771b1425431bbdee9aeaa55') in 0.001 seconds [static and dynamic dependencies]. Details - ImportResultOutputID=546512154549ec7adca300817e46cd1f DependenciesID=620ae46ef67b7e7054a81e1c65a897fe StaticDependenciesID=31398e6dd497873eff3ece03d4e55e3b 
Number of updated asset objects reloaded before import = 0
Number of asset objects unloaded after import = 0
========================================================================
Received Import Request.
  Time of request: 2026-10-01T19:11:24.414939Z
  Time since last request: 0.000196334 seconds.
  importAddress: GUID: 3070b6395b0f5f04faaab13164c6256d - Path: Packages/com.unity.ide.visualstudio/Editor/ProjectGeneration/LegacyStyleProjectGeneration.cs - Importer: ScriptedImporter/UnityEditor.QuickSearchModule:UnityEditor.Search:ASIAI0B
Importing 'GUID: 3070b6395b0f5f04faaab13164c6256d - Path: Packages/com.unity.ide.visualstudio/Editor/ProjectGeneration/LegacyStyleProjectGeneration.cs - Importer: ScriptedImporter/UnityEditor.QuickSearchModule:UnityEditor.Search:ASIAI0B' with importer (ScriptedImporter : UnityEditor.QuickSearchModule:UnityEditor.Search:ASIAI0B)
Imported 'GUID: 3070b6395b0f5f04faaab13164c6256d' -> (Import Result ID: '143aedd459d02e2eb8708bf868897053') in 0.001 seconds [static and dynamic dependencies]. Details - ImportResultOutputID=fcb257d1d35f6422ec7a438808a92a85 DependenciesID=2d3c10cd2c2ad10808e70993b04d3443 StaticDependenciesID=a03e3d9030bef4d3f0c9507ac070f147 
Number of updated asset objects reloaded before import = 0
Number of asset objects unloaded after import = 0
========================================================================
Received Import Request.
  Time of request: 2026-10-01T19:11:24.416035Z
  Time since last request: 0.000192583 seconds.
  importAddress: GUID: b9308b762484008498bb5cd1886aa491 - Path: Packages/com.unity.ide.visualstudio/Editor/Symbols.cs - Importer: ScriptedImporter/UnityEditor.QuickSearchModule:UnityEditor.Search:ASIAI0B
Importing 'GUID: b9308b762484008498bb5cd1886aa491 - Path: Packages/com.unity.ide.visualstudio/Editor/Symbols.cs - Importer: ScriptedImporter/UnityEditor.QuickSearchModule:UnityEditor.Search:ASIAI0B' with importer (ScriptedImporter : UnityEditor.QuickSearchModule:UnityEditor.Search:ASIAI0B)
Imported 'GUID: b9308b762484008498bb5cd1886aa491' -> (Import Result ID: 'ce30a1297b221bb09ace14874609987d') in 0.001 seconds [static and dynamic dependencies]. Details - ImportResultOutputID=9fb27e6a56f23dc3b624e7e0830ed65f DependenciesID=5e09dd6ecd6c48e2fdb9eabaee08a896 StaticDependenciesID=0297133a19a11b201fad99b9704ff07f 
Number of updated asset objects reloaded before import = 0
Number of asset objects unloaded after import = 0
========================================================================
Received Import Request.
  Time of request: 2026-10-01T19:11:24.416975Z
  Time since last request: 0.000165167 seconds.
  importAddress: GUID: cd78ce5b75b8be84d8b94cd99903161f - Path: Packages/com.unity.ide.visualstudio/CONTRIBUTING.md - Importer: ScriptedImporter/UnityEditor.QuickSearchModule:UnityEditor.Search:ASIAI0B
Importing 'GUID: cd78ce5b75b8be84d8b94cd99903161f - Path: Packages/com.unity.ide.visualstudio/CONTRIBUTING.md - Importer: ScriptedImporter/UnityEditor.QuickSearchModule:UnityEditor.Search:ASIAI0B' with importer (ScriptedImporter : UnityEditor.QuickSearchModule:UnityEditor.Search:ASIAI0B)
Imported 'GUID: cd78ce5b75b8be84d8b94cd99903161f' -> (Import Result ID: '4e70df90e7509dc51f791fbb4a069bca') in 0.001 seconds [static and dynamic dependencies]. Details - ImportResultOutputID=5faa15a70c3d300acbe5742e0eefdd15 DependenciesID=75e36343d51f7e4fb76328e61e37d06e StaticDependenciesID=3d5da7662bac8de2e20218fa6a7937f1 
Number of updated asset objects reloaded before import = 0
Number of asset objects unloaded after import = 1
========================================================================
Received Import Request.
  Time of request: 2026-10-01T19:11:24.418009Z
  Time since last request: 0.000192584 seconds.
  importAddress: GUID: ffe1bdf971d321f4db593c4c6ebd6e47 - Path: Packages/com.unity.ide.visualstudio/Editor/VersionPair.cs - Importer: ScriptedImporter/UnityEditor.QuickSearchModule:UnityEditor.Search:ASIAI0B
Importing 'GUID: ffe1bdf971d321f4db593c4c6ebd6e47 - Path: Packages/com.unity.ide.visualstudio/Editor/VersionPair.cs - Importer: ScriptedImporter/UnityEditor.QuickSearchModule:UnityEditor.Search:ASIAI0B' with importer (ScriptedImporter : UnityEditor.QuickSearchModule:UnityEditor.Search:ASIAI0B)
Imported 'GUID: ffe1bdf971d321f4db593c4c6ebd6e47' -> (Import Result ID: '3d0487cf4d33c674de8a16c766de979e') in 0.003 seconds [static and dynamic dependencies]. Details - ImportResultOutputID=80e453871063de0b6e7974fc22bd19ac DependenciesID=f08f22d43fc69a2b9d26767e213a6d2d StaticDependenciesID=9596017d723e277574932dac3ccefae2 
Number of updated asset objects reloaded before import = 0
Number of asset objects unloaded after import = 0
========================================================================
Received Import Request.
  Time of request: 2026-10-01T19:11:24.421046Z
  Time since last request: 0.000422 seconds.
  importAddress: GUID: 0173aff8c07e06b42af07ebdd7f08032 - Path: Packages/com.unity.ide.visualstudio/Editor/VisualStudioEditor.cs - Importer: ScriptedImporter/UnityEditor.QuickSearchModule:UnityEditor.Search:ASIAI0B
Importing 'GUID: 0173aff8c07e06b42af07ebdd7f08032 - Path: Packages/com.unity.ide.visualstudio/Editor/VisualStudioEditor.cs - Importer: ScriptedImporter/UnityEditor.QuickSearchModule:UnityEditor.Search:ASIAI0B' with importer (ScriptedImporter : UnityEditor.QuickSearchModule:UnityEditor.Search:ASIAI0B)
Imported 'GUID: 0173aff8c07e06b42af07ebdd7f08032' -> (Import Result ID: '8c94afbf943272d75b1aa637a026de2a') in 0.001 seconds [static and dynamic dependencies]. Details - ImportResultOutputID=ab33eb0cbc437a2e788ea0933bb36ca9 DependenciesID=92954a6d4334862fe0a2a670557097d6 StaticDependenciesID=db4816cd1808883456357c7ec0a42e45 
Number of updated asset objects reloaded before import = 0
Number of asset objects unloaded after import = 0
========================================================================
Received Import Request.
  Time of request: 2026-10-01T19:11:24.422662Z
  Time since last request: 0.000286791 seconds.
  importAddress: GUID: 48fcd6ebd5ce8fd4cbe931895233677d - Path: Packages/com.unity.ide.visualstudio/Editor/VisualStudioIntegration.cs - Importer: ScriptedImporter/UnityEditor.QuickSearchModule:UnityEditor.Search:ASIAI0B
Importing 'GUID: 48fcd6ebd5ce8fd4cbe931895233677d - Path: Packages/com.unity.ide.visualstudio/Editor/VisualStudioIntegration.cs - Importer: ScriptedImporter/UnityEditor.QuickSearchModule:UnityEditor.Search:ASIAI0B' with importer (ScriptedImporter : UnityEditor.QuickSearchModule:UnityEditor.Search:ASIAI0B)
Imported 'GUID: 48fcd6ebd5ce8fd4cbe931895233677d' -> (Import Result ID: '75a16e386cca6e2e1048e7f73637a514') in 0.001 seconds [static and dynamic dependencies]. Details - ImportResultOutputID=f05639209f186ae3aac8c2fbf7d06dbb DependenciesID=d2f76c62e4707f007bfaaa70282136eb StaticDependenciesID=85b035757fb46d09f2e35bfa3a5211c8 
Number of updated asset objects reloaded before import = 0
Number of asset objects unloaded after import = 0
========================================================================
Received Import Request.
  Time of request: 2026-10-01T19:11:24.42396Z
  Time since last request: 0.000377416 seconds.
  importAddress: GUID: 553737203d61a8109f9544a97201e1aa - Path: Packages/com.unity.modules.unitywebrequestaudio/package.ModuleCompilationTrigger - Importer: ScriptedImporter/UnityEditor.QuickSearchModule:UnityEditor.Search:ASIAI0B
Importing 'GUID: 553737203d61a8109f9544a97201e1aa - Path: Packages/com.unity.modules.unitywebrequestaudio/package.ModuleCompilationTrigger - Importer: ScriptedImporter/UnityEditor.QuickSearchModule:UnityEditor.Search:ASIAI0B' with importer (ScriptedImporter : UnityEditor.QuickSearchModule:UnityEditor.Search:ASIAI0B)
Imported 'GUID: 553737203d61a8109f9544a97201e1aa' -> (Import Result ID: 'de906bff50fc9eaafdc7d6b32afc3718') in 0.002 seconds [static and dynamic dependencies]. Details - ImportResultOutputID=5578c90e42b558467de386714a2fcab1 DependenciesID=8f0df454cb76717f7e63c930e0b67db4 StaticDependenciesID=6fd915dcc1be570eee32e478c7b5fb0c 
Number of updated asset objects reloaded before import = 0
Number of asset objects unloaded after import = 1
========================================================================
Received Import Request.
  Time of request: 2026-10-01T19:11:24.425955Z
  Time since last request: 0.000200042 seconds.
  importAddress: GUID: fa7011e2ea1ff024083fea2179f3df08 - Path: Packages/com.unity.ide.visualstudio/Editor/ProjectGeneration/ProjectProperties.cs - Importer: ScriptedImporter/UnityEditor.QuickSearchModule:UnityEditor.Search:ASIAI0B
Importing 'GUID: fa7011e2ea1ff024083fea2179f3df08 - Path: Packages/com.unity.ide.visualstudio/Editor/ProjectGeneration/ProjectProperties.cs - Importer: ScriptedImporter/UnityEditor.QuickSearchModule:UnityEditor.Search:ASIAI0B' with importer (ScriptedImporter : UnityEditor.QuickSearchModule:UnityEditor.Search:ASIAI0B)
Imported 'GUID: fa7011e2ea1ff024083fea2179f3df08' -> (Import Result ID: 'b1fbbda5633e8ff6173e7fd6521d01ac') in 0.001 seconds [static and dynamic dependencies]. Details - ImportResultOutputID=ba1f7d37bec024e3d09fd1e9eb80a9b2 DependenciesID=e5e37f77dbe58efe699e118d6f3ddbe0 StaticDependenciesID=04717c9f65b812df9d0344468e8f7988 
Number of updated asset objects reloaded before import = 0
Number of asset objects unloaded after import = 0
========================================================================
Received Import Request.
  Time of request: 2026-10-01T19:11:24.42697Z
  Time since last request: 0.000222125 seconds.
  importAddress: GUID: ed8e7c93c781e48df93d063a3c0d2972 - Path: Packages/com.unity.ide.visualstudio/Editor/SimpleJSON.cs - Importer: ScriptedImporter/UnityEditor.QuickSearchModule:UnityEditor.Search:ASIAI0B
Importing 'GUID: ed8e7c93c781e48df93d063a3c0d2972 - Path: Packages/com.unity.ide.visualstudio/Editor/SimpleJSON.cs - Importer: ScriptedImporter/UnityEditor.QuickSearchModule:UnityEditor.Search:ASIAI0B' with importer (ScriptedImporter : UnityEditor.QuickSearchModule:UnityEditor.Search:ASIAI0B)
Imported 'GUID: ed8e7c93c781e48df93d063a3c0d2972' -> (Import Result ID: 'badcbf00c2c365ddfbf7756a3518f4c5') in 0.001 seconds [static and dynamic dependencies]. Details - ImportResultOutputID=051ffbc4c56852261d91835d19d59c6a DependenciesID=ea6136c26dd30f4798b18ff01e8e800a StaticDependenciesID=9ce2857e6a602a196378a78ce9a2f734 
Number of updated asset objects reloaded before import = 0
Number of asset objects unloaded after import = 0
========================================================================
Received Import Request.
  Time of request: 2026-10-01T19:11:24.428254Z
  Time since last request: 0.000195833 seconds.
  importAddress: GUID: 369c09afe05d2c346af49faef943c773 - Path: Packages/com.unity.ide.visualstudio/Editor/Messaging/Serializer.cs - Importer: ScriptedImporter/UnityEditor.QuickSearchModule:UnityEditor.Search:ASIAI0B
Importing 'GUID: 369c09afe05d2c346af49faef943c773 - Path: Packages/com.unity.ide.visualstudio/Editor/Messaging/Serializer.cs - Importer: ScriptedImporter/UnityEditor.QuickSearchModule:UnityEditor.Search:ASIAI0B' with importer (ScriptedImporter : UnityEditor.QuickSearchModule:UnityEditor.Search:ASIAI0B)
Imported 'GUID: 369c09afe05d2c346af49faef943c773' -> (Import Result ID: '4fc7de8bd2c834477fa6464771fb5a84') in 0.001 seconds [static and dynamic dependencies]. Details - ImportResultOutputID=fb3f7f7028d41ef4eb4db6c3da3cd1c2 DependenciesID=7c8ccb7805bb1295b2f0fea33539a395 StaticDependenciesID=743835a87b6589ba4bbf5a51b8ca5e6c 
Number of updated asset objects reloaded before import = 0
Number of asset objects unloaded after import = 0
========================================================================
Received Import Request.
  Time of request: 2026-10-01T19:11:24.429229Z
  Time since last request: 0.000165625 seconds.
  importAddress: GUID: af4c2c762e1d8e949a6bc458973df6e7 - Path: Packages/com.unity.ide.visualstudio/Editor/Solution.cs - Importer: ScriptedImporter/UnityEditor.QuickSearchModule:UnityEditor.Search:ASIAI0B
Importing 'GUID: af4c2c762e1d8e949a6bc458973df6e7 - Path: Packages/com.unity.ide.visualstudio/Editor/Solution.cs - Importer: ScriptedImporter/UnityEditor.QuickSearchModule:UnityEditor.Search:ASIAI0B' with importer (ScriptedImporter : UnityEditor.QuickSearchModule:UnityEditor.Search:ASIAI0B)
Imported 'GUID: af4c2c762e1d8e949a6bc458973df6e7' -> (Import Result ID: 'be3751e43612b9488909751825f3c242') in 0.001 seconds [static and dynamic dependencies]. Details - ImportResultOutputID=5c998ed2c8b2317a397e7903a690cc61 DependenciesID=8cf8d58733a11e5e65c395f075dfd7cb StaticDependenciesID=f6fb2beaac410a8cdaffd63722331b18 
Number of updated asset objects reloaded before import = 0
Number of asset objects unloaded after import = 0
========================================================================
Received Import Request.
  Time of request: 2026-10-01T19:11:24.430108Z
  Time since last request: 0.000177459 seconds.
  importAddress: GUID: a8c76505bcc613640ade706bdb0f1cba - Path: Packages/com.unity.ide.visualstudio/Editor/UnityInstallation.cs - Importer: ScriptedImporter/UnityEditor.QuickSearchModule:UnityEditor.Search:ASIAI0B
Importing 'GUID: a8c76505bcc613640ade706bdb0f1cba - Path: Packages/com.unity.ide.visualstudio/Editor/UnityInstallation.cs - Importer: ScriptedImporter/UnityEditor.QuickSearchModule:UnityEditor.Search:ASIAI0B' with importer (ScriptedImporter : UnityEditor.QuickSearchModule:UnityEditor.Search:ASIAI0B)
Imported 'GUID: a8c76505bcc613640ade706bdb0f1cba' -> (Import Result ID: '57047a30eabe7144553e0f592e9ccb85') in 0.001 seconds [static and dynamic dependencies]. Details - ImportResultOutputID=bde8ef7ba3bc3f0a5552b64a485741ef DependenciesID=28ce02bdeec610af3a807b7a4dd5f0c5 StaticDependenciesID=23ed7672f5b194f05e763b5a6ced11a8 
Number of updated asset objects reloaded before import = 0
Number of asset objects unloaded after import = 0
========================================================================
Received Import Request.
  Time of request: 2026-10-01T19:11:24.430909Z
  Time since last request: 0.0002125 seconds.
  importAddress: GUID: 555fcccd6b79a864f83e7a319daa1c3e - Path: Packages/com.unity.ide.visualstudio/Editor/ProjectGeneration/ProjectGenerationFlag.cs - Importer: ScriptedImporter/UnityEditor.QuickSearchModule:UnityEditor.Search:ASIAI0B
Importing 'GUID: 555fcccd6b79a864f83e7a319daa1c3e - Path: Packages/com.unity.ide.visualstudio/Editor/ProjectGeneration/ProjectGenerationFlag.cs - Importer: ScriptedImporter/UnityEditor.QuickSearchModule:UnityEditor.Search:ASIAI0B' with importer (ScriptedImporter : UnityEditor.QuickSearchModule:UnityEditor.Search:ASIAI0B)
Imported 'GUID: 555fcccd6b79a864f83e7a319daa1c3e' -> (Import Result ID: '00cc33705c8b53a81f6e9fe2e84505e1') in 0.001 seconds [static and dynamic dependencies]. Details - ImportResultOutputID=149726147114306efe6e33576d4ddb07 DependenciesID=f8442dab0becc91f17a6c3c1c44d60c6 StaticDependenciesID=7ac854ffb6f601ec5a32a67f7f229848 
Number of updated asset objects reloaded before import = 0
Number of asset objects unloaded after import = 0
========================================================================
Received Import Request.
  Time of request: 2026-10-01T19:11:24.431884Z
  Time since last request: 0.000183917 seconds.
  importAddress: GUID: 6022bdd5b2896a54f94123b812705321 - Path: Packages/com.unity.ide.visualstudio/CHANGELOG.md - Importer: ScriptedImporter/UnityEditor.QuickSearchModule:UnityEditor.Search:ASIAI0B
Importing 'GUID: 6022bdd5b2896a54f94123b812705321 - Path: Packages/com.unity.ide.visualstudio/CHANGELOG.md - Importer: ScriptedImporter/UnityEditor.QuickSearchModule:UnityEditor.Search:ASIAI0B' with importer (ScriptedImporter : UnityEditor.QuickSearchModule:UnityEditor.Search:ASIAI0B)
Imported 'GUID: 6022bdd5b2896a54f94123b812705321' -> (Import Result ID: 'bba81b7ff703ff288e16a73042503bd2') in 0.001 seconds [static and dynamic dependencies]. Details - ImportResultOutputID=787cc5fdfc60cfe84353c21e7ec39f16 DependenciesID=4f34b7a8e155310d3ec896d3f443108f StaticDependenciesID=fe607b964f00d320e7895d5b4ad8204f 
Number of updated asset objects reloaded before import = 0
Number of asset objects unloaded after import = 1
========================================================================
Received Import Request.
  Time of request: 2026-10-01T19:11:24.432754Z
  Time since last request: 0.000159667 seconds.
  importAddress: GUID: 917a51fff055ce547b4ad1215321f3da - Path: Packages/com.unity.ide.visualstudio/Editor/Messaging/ExceptionEventArgs.cs - Importer: ScriptedImporter/UnityEditor.QuickSearchModule:UnityEditor.Search:ASIAI0B
Importing 'GUID: 917a51fff055ce547b4ad1215321f3da - Path: Packages/com.unity.ide.visualstudio/Editor/Messaging/ExceptionEventArgs.cs - Importer: ScriptedImporter/UnityEditor.QuickSearchModule:UnityEditor.Search:ASIAI0B' with importer (ScriptedImporter : UnityEditor.QuickSearchModule:UnityEditor.Search:ASIAI0B)
Imported 'GUID: 917a51fff055ce547b4ad1215321f3da' -> (Import Result ID: 'ef796517b9ca58a3196d7e0efc3d2b89') in 0.001 seconds [static and dynamic dependencies]. Details - ImportResultOutputID=e1441769d0a910eb368ec31cff17be86 DependenciesID=4f34691cea228ace1244250af615f17f StaticDependenciesID=0d1db9f9c4ad2627b612cefbc1f69d60 
Number of updated asset objects reloaded before import = 0
Number of asset objects unloaded after import = 0
========================================================================
Received Import Request.
  Time of request: 2026-10-01T19:11:24.433551Z
  Time since last request: 0.000154333 seconds.
  importAddress: GUID: cbccb6292dce08a489e6e742243154e7 - Path: Packages/com.unity.ide.visualstudio/Editor/KnownAssemblies.cs - Importer: ScriptedImporter/UnityEditor.QuickSearchModule:UnityEditor.Search:ASIAI0B
Importing 'GUID: cbccb6292dce08a489e6e742243154e7 - Path: Packages/com.unity.ide.visualstudio/Editor/KnownAssemblies.cs - Importer: ScriptedImporter/UnityEditor.QuickSearchModule:UnityEditor.Search:ASIAI0B' with importer (ScriptedImporter : UnityEditor.QuickSearchModule:UnityEditor.Search:ASIAI0B)
Imported 'GUID: cbccb6292dce08a489e6e742243154e7' -> (Import Result ID: 'b8cf33e9a5892299fd60a2b0a423ce9c') in 0.001 seconds [static and dynamic dependencies]. Details - ImportResultOutputID=b9b4ed4f76b176340d1b9deb8e34899a DependenciesID=22588c652707b3ffccf83162743fcb19 StaticDependenciesID=5f574d1aa5ba5b06fd8fc839b33fddde 
Number of updated asset objects reloaded before import = 0
Number of asset objects unloaded after import = 0
========================================================================
Received Import Request.
  Time of request: 2026-10-01T19:11:24.434324Z
  Time since last request: 0.000168458 seconds.
  importAddress: GUID: 1fe9e6e1ae93cf64bbdfbd29300752e1 - Path: Packages/com.unity.ide.visualstudio/LICENSE.md - Importer: ScriptedImporter/UnityEditor.QuickSearchModule:UnityEditor.Search:ASIAI0B
Importing 'GUID: 1fe9e6e1ae93cf64bbdfbd29300752e1 - Path: Packages/com.unity.ide.visualstudio/LICENSE.md - Importer: ScriptedImporter/UnityEditor.QuickSearchModule:UnityEditor.Search:ASIAI0B' with importer (ScriptedImporter : UnityEditor.QuickSearchModule:UnityEditor.Search:ASIAI0B)
Imported 'GUID: 1fe9e6e1ae93cf64bbdfbd29300752e1' -> (Import Result ID: '78cb8a24c566fd4e633d9af53d667f5d') in 0.001 seconds [static and dynamic dependencies]. Details - ImportResultOutputID=26c7838df6f0b6201279aa93184a836e DependenciesID=4d04f3a9d33ad7baebaee472913c6cf7 StaticDependenciesID=8e209c71433ebe5afc6b346afffea33f 
Number of updated asset objects reloaded before import = 0
Number of asset objects unloaded after import = 1
========================================================================
Received Import Request.
  Time of request: 2026-10-01T19:11:24.435355Z
  Time since last request: 0.000229959 seconds.
  importAddress: GUID: ec80b1fb8938b3b4ab442d10390c5315 - Path: Packages/com.unity.ide.visualstudio/Editor/ProjectGeneration/FileIOProvider.cs - Importer: ScriptedImporter/UnityEditor.QuickSearchModule:UnityEditor.Search:ASIAI0B
Importing 'GUID: ec80b1fb8938b3b4ab442d10390c5315 - Path: Packages/com.unity.ide.visualstudio/Editor/ProjectGeneration/FileIOProvider.cs - Importer: ScriptedImporter/UnityEditor.QuickSearchModule:UnityEditor.Search:ASIAI0B' with importer (ScriptedImporter : UnityEditor.QuickSearchModule:UnityEditor.Search:ASIAI0B)
Imported 'GUID: ec80b1fb8938b3b4ab442d10390c5315' -> (Import Result ID: '370dea34e1d35d1c8f56618d68c74170') in 0.001 seconds [static and dynamic dependencies]. Details - ImportResultOutputID=e992012f4fcb0f85604368e01fb48567 DependenciesID=74c19c643b11d89ec8edc9cf27a4cb5a StaticDependenciesID=0ceb4f580f604218a376deb2946056eb 
Number of updated asset objects reloaded before import = 0
Number of asset objects unloaded after import = 0
========================================================================
Received Import Request.
  Time of request: 2026-10-01T19:11:24.436259Z
  Time since last request: 0.000174916 seconds.
  importAddress: GUID: 788fbcfc0abc6c54b9504cfee3176c22 - Path: Packages/com.unity.ide.visualstudio/ValidationExceptions.json - Importer: ScriptedImporter/UnityEditor.QuickSearchModule:UnityEditor.Search:ASIAI0B
Importing 'GUID: 788fbcfc0abc6c54b9504cfee3176c22 - Path: Packages/com.unity.ide.visualstudio/ValidationExceptions.json - Importer: ScriptedImporter/UnityEditor.QuickSearchModule:UnityEditor.Search:ASIAI0B' with importer (ScriptedImporter : UnityEditor.QuickSearchModule:UnityEditor.Search:ASIAI0B)
Imported 'GUID: 788fbcfc0abc6c54b9504cfee3176c22' -> (Import Result ID: '0d52ea67808b6c70d79a38648d8ee598') in 0.001 seconds [static and dynamic dependencies]. Details - ImportResultOutputID=3415a5b8e04175c49a530280f20b139a DependenciesID=6bfb478e39141bf866cf6d3ebc0b8266 StaticDependenciesID=3a6a8ce3f3ae21c944c705e0fa13c812 
Number of updated asset objects reloaded before import = 0
Number of asset objects unloaded after import = 1
========================================================================
Received Import Request.
  Time of request: 2026-10-01T19:11:24.437082Z
  Time since last request: 0.000177583 seconds.
  importAddress: GUID: 829d4d6bc39fd1044ba4c5fc2a9c911f - Path: Packages/com.unity.ide.visualstudio/Editor/SolutionProperties.cs - Importer: ScriptedImporter/UnityEditor.QuickSearchModule:UnityEditor.Search:ASIAI0B
Importing 'GUID: 829d4d6bc39fd1044ba4c5fc2a9c911f - Path: Packages/com.unity.ide.visualstudio/Editor/SolutionProperties.cs - Importer: ScriptedImporter/UnityEditor.QuickSearchModule:UnityEditor.Search:ASIAI0B' with importer (ScriptedImporter : UnityEditor.QuickSearchModule:UnityEditor.Search:ASIAI0B)
Imported 'GUID: 829d4d6bc39fd1044ba4c5fc2a9c911f' -> (Import Result ID: 'faf2247afbaf91665dc68793915a26de') in 0.001 seconds [static and dynamic dependencies]. Details - ImportResultOutputID=c2376a5d6e06f2593c21c821a49a41d4 DependenciesID=a4b59a820b4c2a09b2c2eea64fe7b0bc StaticDependenciesID=80b713aa4cc875f89f8c12cb4b137cb3 
Number of updated asset objects reloaded before import = 0
Number of asset objects unloaded after import = 0
========================================================================
Received Import Request.
  Time of request: 2026-10-01T19:11:24.437848Z
  Time since last request: 0.000142333 seconds.
  importAddress: GUID: e8aed47cdce10fd4cae32fefa2c34f8f - Path: Packages/com.unity.ide.visualstudio/Editor/ProjectGeneration/SdkStyleProjectGeneration.cs - Importer: ScriptedImporter/UnityEditor.QuickSearchModule:UnityEditor.Search:ASIAI0B
Importing 'GUID: e8aed47cdce10fd4cae32fefa2c34f8f - Path: Packages/com.unity.ide.visualstudio/Editor/ProjectGeneration/SdkStyleProjectGeneration.cs - Importer: ScriptedImporter/UnityEditor.QuickSearchModule:UnityEditor.Search:ASIAI0B' with importer (ScriptedImporter : UnityEditor.QuickSearchModule:UnityEditor.Search:ASIAI0B)
Imported 'GUID: e8aed47cdce10fd4cae32fefa2c34f8f' -> (Import Result ID: '69d5fdc520383a81b475a731ac3d8975') in 0.001 seconds [static and dynamic dependencies]. Details - ImportResultOutputID=832516a739a2715baf472605779ede9a DependenciesID=a3cd092d190a0f9d521d7b3d6ea63d01 StaticDependenciesID=8e544ff55e0b97b8cbaad34e83496048 
Number of updated asset objects reloaded before import = 0
Number of asset objects unloaded after import = 0
========================================================================
Received Import Request.
  Time of request: 2026-10-01T19:11:24.438626Z
  Time since last request: 0.000186 seconds.
  importAddress: GUID: a31a332ce3485f00f7df8d987302a29c - Path: Packages/com.unity.modules.unitywebrequesttexture/package.ModuleCompilationTrigger - Importer: ScriptedImporter/UnityEditor.QuickSearchModule:UnityEditor.Search:ASIAI0B
Importing 'GUID: a31a332ce3485f00f7df8d987302a29c - Path: Packages/com.unity.modules.unitywebrequesttexture/package.ModuleCompilationTrigger - Importer: ScriptedImporter/UnityEditor.QuickSearchModule:UnityEditor.Search:ASIAI0B' with importer (ScriptedImporter : UnityEditor.QuickSearchModule:UnityEditor.Search:ASIAI0B)
Imported 'GUID: a31a332ce3485f00f7df8d987302a29c' -> (Import Result ID: '754d250c676219cec0f4febc5f748e80') in 0.001 seconds [static and dynamic dependencies]. Details - ImportResultOutputID=4d15fca189b1f70d64a221737f60253a DependenciesID=44c7946694764bf4df122c146a9e806e StaticDependenciesID=4583271c95369b5f2338f4a62f534d31 
Number of updated asset objects reloaded before import = 0
Number of asset objects unloaded after import = 1
========================================================================
Received Import Request.
  Time of request: 2026-10-01T19:11:24.439507Z
  Time since last request: 0.000196583 seconds.
  importAddress: GUID: d791d407901442e49862d3aa783ce8af - Path: Packages/com.unity.ide.visualstudio/Editor/AssemblyInfo.cs - Importer: ScriptedImporter/UnityEditor.QuickSearchModule:UnityEditor.Search:ASIAI0B
Importing 'GUID: d791d407901442e49862d3aa783ce8af - Path: Packages/com.unity.ide.visualstudio/Editor/AssemblyInfo.cs - Importer: ScriptedImporter/UnityEditor.QuickSearchModule:UnityEditor.Search:ASIAI0B' with importer (ScriptedImporter : UnityEditor.QuickSearchModule:UnityEditor.Search:ASIAI0B)
Imported 'GUID: d791d407901442e49862d3aa783ce8af' -> (Import Result ID: '5dc54a060f49ef0db676907e968be4a8') in 0.001 seconds [static and dynamic dependencies]. Details - ImportResultOutputID=65f5f502d6e173e80fbc463b82deabca DependenciesID=5a6f98c20b7e5f3ddb00ed4903afa9ec StaticDependenciesID=0b05c2349db5f86b078ada5b3745bffa 
Number of updated asset objects reloaded before import = 0
Number of asset objects unloaded after import = 0
========================================================================
Received Import Request.
  Time of request: 2026-10-01T19:11:24.440231Z
  Time since last request: 0.000164209 seconds.
  importAddress: GUID: 5e249ae353801f043a6e4173410c6152 - Path: Packages/com.unity.ide.visualstudio/Editor/Messaging/Messenger.cs - Importer: ScriptedImporter/UnityEditor.QuickSearchModule:UnityEditor.Search:ASIAI0B
Importing 'GUID: 5e249ae353801f043a6e4173410c6152 - Path: Packages/com.unity.ide.visualstudio/Editor/Messaging/Messenger.cs - Importer: ScriptedImporter/UnityEditor.QuickSearchModule:UnityEditor.Search:ASIAI0B' with importer (ScriptedImporter : UnityEditor.QuickSearchModule:UnityEditor.Search:ASIAI0B)
Imported 'GUID: 5e249ae353801f043a6e4173410c6152' -> (Import Result ID: '1bb8f0a8e5e08c572d34b59b07cd7079') in 0.001 seconds [static and dynamic dependencies]. Details - ImportResultOutputID=67f444c6d98eaa29b1b08b2fec12b0ac DependenciesID=1286ba2b29993a9eaa069abac5954395 StaticDependenciesID=199ea81fcfb311b3782a8f150e4e39be 
Number of updated asset objects reloaded before import = 0
Number of asset objects unloaded after import = 0
========================================================================
Received Import Request.
  Time of request: 2026-10-01T19:11:24.441157Z
  Time since last request: 0.000183791 seconds.
  importAddress: GUID: be7ef402265a7a549b2e43c11d1a22c5 - Path: Packages/com.unity.ide.visualstudio/Editor/VisualStudioForWindowsInstallation.cs - Importer: ScriptedImporter/UnityEditor.QuickSearchModule:UnityEditor.Search:ASIAI0B
Importing 'GUID: be7ef402265a7a549b2e43c11d1a22c5 - Path: Packages/com.unity.ide.visualstudio/Editor/VisualStudioForWindowsInstallation.cs - Importer: ScriptedImporter/UnityEditor.QuickSearchModule:UnityEditor.Search:ASIAI0B' with importer (ScriptedImporter : UnityEditor.QuickSearchModule:UnityEditor.Search:ASIAI0B)
Imported 'GUID: be7ef402265a7a549b2e43c11d1a22c5' -> (Import Result ID: '7ace1877d7f815396843f37c2a34c22a') in 0.001 seconds [static and dynamic dependencies]. Details - ImportResultOutputID=e44b13e350e670e807b0bd3764493e12 DependenciesID=f3bd09481138959ca4516cb9fb3a75c7 StaticDependenciesID=13401e167923370e8933c59df3e93402 
Number of updated asset objects reloaded before import = 0
Number of asset objects unloaded after import = 0
========================================================================
Received Import Request.
  Time of request: 2026-10-01T19:11:24.441973Z
  Time since last request: 0.000185042 seconds.
  importAddress: GUID: 4b518b37798c97b0f860962cbf615533 - Path: Packages/com.unity.modules.unitywebrequestaudio/package.json - Importer: ScriptedImporter/UnityEditor.QuickSearchModule:UnityEditor.Search:ASIAI0B
Importing 'GUID: 4b518b37798c97b0f860962cbf615533 - Path: Packages/com.unity.modules.unitywebrequestaudio/package.json - Importer: ScriptedImporter/UnityEditor.QuickSearchModule:UnityEditor.Search:ASIAI0B' with importer (ScriptedImporter : UnityEditor.QuickSearchModule:UnityEditor.Search:ASIAI0B)
Imported 'GUID: 4b518b37798c97b0f860962cbf615533' -> (Import Result ID: '4896d76c284f00d3d116be0911caa20d') in 0.001 seconds [static and dynamic dependencies]. Details - ImportResultOutputID=c52f8a929a2d4696568f9fcecbea8e96 DependenciesID=2fe60b2418bd3f2805454de1dcb04988 StaticDependenciesID=f753cecaff81f8055830f92c4a13472c 
Number of updated asset objects reloaded before import = 0
Number of asset objects unloaded after import = 1
========================================================================
Received Import Request.
  Time of request: 2026-10-01T19:11:24.4433Z
  Time since last request: 0.00017675 seconds.
  importAddress: GUID: 656f74f6edaa396458412b9e3903d8cd - Path: Packages/com.unity.ide.visualstudio/package.json - Importer: ScriptedImporter/UnityEditor.QuickSearchModule:UnityEditor.Search:ASIAI0B
Importing 'GUID: 656f74f6edaa396458412b9e3903d8cd - Path: Packages/com.unity.ide.visualstudio/package.json - Importer: ScriptedImporter/UnityEditor.QuickSearchModule:UnityEditor.Search:ASIAI0B' with importer (ScriptedImporter : UnityEditor.QuickSearchModule:UnityEditor.Search:ASIAI0B)
Imported 'GUID: 656f74f6edaa396458412b9e3903d8cd' -> (Import Result ID: '807a3d082a99076e89901ec890008a37') in 0.001 seconds [static and dynamic dependencies]. Details - ImportResultOutputID=fb2310d00465570cc85251a97232c3c1 DependenciesID=554430b5feab8ef80b2561c10412cd05 StaticDependenciesID=0e349a5f2d9893d07708969d4d07a95a 
Number of updated asset objects reloaded before import = 0
Number of asset objects unloaded after import = 1
========================================================================
Received Import Request.
  Time of request: 2026-10-01T19:11:24.444133Z
  Time since last request: 0.000166083 seconds.
  importAddress: GUID: 8e6c7ea7c059fb547b6723aaf225900b - Path: Packages/com.unity.ide.visualstudio/Editor/Image.cs - Importer: ScriptedImporter/UnityEditor.QuickSearchModule:UnityEditor.Search:ASIAI0B
Importing 'GUID: 8e6c7ea7c059fb547b6723aaf225900b - Path: Packages/com.unity.ide.visualstudio/Editor/Image.cs - Importer: ScriptedImporter/UnityEditor.QuickSearchModule:UnityEditor.Search:ASIAI0B' with importer (ScriptedImporter : UnityEditor.QuickSearchModule:UnityEditor.Search:ASIAI0B)
Imported 'GUID: 8e6c7ea7c059fb547b6723aaf225900b' -> (Import Result ID: '864bffdc6b8dfa82ef3ecf4294f0fa1e') in 0.001 seconds [static and dynamic dependencies]. Details - ImportResultOutputID=4626bfe70f429173f8d7a66611df2381 DependenciesID=a6a9d12e0c9eee39f5524c4bcd8bcd3c StaticDependenciesID=93fd9ff31cf51b212b2ff0229c2019bb 
Number of updated asset objects reloaded before import = 0
Number of asset objects unloaded after import = 0
========================================================================
Received Import Request.
  Time of request: 2026-10-01T19:11:24.445497Z
  Time since last request: 0.000103666 seconds.
  importAddress: GUID: de1c9ea7b82c9904d9e5fba2ee70a998 - Path: Packages/com.unity.ide.visualstudio/Editor/Messaging/Message.cs - Importer: ScriptedImporter/UnityEditor.QuickSearchModule:UnityEditor.Search:ASIAI0B
Importing 'GUID: de1c9ea7b82c9904d9e5fba2ee70a998 - Path: Packages/com.unity.ide.visualstudio/Editor/Messaging/Message.cs - Importer: ScriptedImporter/UnityEditor.QuickSearchModule:UnityEditor.Search:ASIAI0B' with importer (ScriptedImporter : UnityEditor.QuickSearchModule:UnityEditor.Search:ASIAI0B)
Imported 'GUID: de1c9ea7b82c9904d9e5fba2ee70a998' -> (Import Result ID: '027c94c00af8f0a007f6f37e413e3460') in 0.001 seconds [static and dynamic dependencies]. Details - ImportResultOutputID=853a68ec3cbd5dc0fd66094ef8712752 DependenciesID=aad57cb1aec8ed45d8618222d78d6521 StaticDependenciesID=afd0780f0bd2d30ca5ed6cf75cef3693 
Number of updated asset objects reloaded before import = 0
Number of asset objects unloaded after import = 0
========================================================================
Received Import Request.
  Time of request: 2026-10-01T19:11:24.4465Z
  Time since last request: 0.000176583 seconds.
  importAddress: GUID: a1c42005fe7c5d78585a77ce396a5eea - Path: Packages/com.unity.modules.tilemap/package.ModuleCompilationTrigger - Importer: ScriptedImporter/UnityEditor.QuickSearchModule:UnityEditor.Search:ASIAI0B
Importing 'GUID: a1c42005fe7c5d78585a77ce396a5eea - Path: Packages/com.unity.modules.tilemap/package.ModuleCompilationTrigger - Importer: ScriptedImporter/UnityEditor.QuickSearchModule:UnityEditor.Search:ASIAI0B' with importer (ScriptedImporter : UnityEditor.QuickSearchModule:UnityEditor.Search:ASIAI0B)
Imported 'GUID: a1c42005fe7c5d78585a77ce396a5eea' -> (Import Result ID: '00d117cea454aefd6e4ec5cb507e7bcd') in 0.001 seconds [static and dynamic dependencies]. Details - ImportResultOutputID=2a75e283b0f75b67a6794b5768655076 DependenciesID=9045bb8f0fb1eae47a37d2c613c551c5 StaticDependenciesID=d3b8a6e1f852de8c9ffffb4313c858c2 
Number of updated asset objects reloaded before import = 0
Number of asset objects unloaded after import = 1
========================================================================
Received Import Request.
  Time of request: 2026-10-01T19:11:24.447375Z
  Time since last request: 0.000175666 seconds.
  importAddress: GUID: fae6007c1ac2cc744b2891fd4d279c96 - Path: Packages/com.unity.ide.visualstudio/Editor/Testing/TestRunnerCallbacks.cs - Importer: ScriptedImporter/UnityEditor.QuickSearchModule:UnityEditor.Search:ASIAI0B
Importing 'GUID: fae6007c1ac2cc744b2891fd4d279c96 - Path: Packages/com.unity.ide.visualstudio/Editor/Testing/TestRunnerCallbacks.cs - Importer: ScriptedImporter/UnityEditor.QuickSearchModule:UnityEditor.Search:ASIAI0B' with importer (ScriptedImporter : UnityEditor.QuickSearchModule:UnityEditor.Search:ASIAI0B)
Imported 'GUID: fae6007c1ac2cc744b2891fd4d279c96' -> (Import Result ID: '975c39a3a602a81ec7e7b1e3e29b9cba') in 0.001 seconds [static and dynamic dependencies]. Details - ImportResultOutputID=7a2874f46b948b7669a049169a6163f3 DependenciesID=1d27a8ea2e6a90bf89533863356f8065 StaticDependenciesID=0d5f3bcac8015ac4981abc0f5f34d7aa 
Number of updated asset objects reloaded before import = 0
Number of asset objects unloaded after import = 0
========================================================================
Received Import Request.
  Time of request: 2026-10-01T19:11:24.448224Z
  Time since last request: 0.000181334 seconds.
  importAddress: GUID: ded625cf0d03fa94c9f939fd13ced18d - Path: Packages/com.unity.ide.visualstudio/Editor/Messaging/TcpListener.cs - Importer: ScriptedImporter/UnityEditor.QuickSearchModule:UnityEditor.Search:ASIAI0B
Importing 'GUID: ded625cf0d03fa94c9f939fd13ced18d - Path: Packages/com.unity.ide.visualstudio/Editor/Messaging/TcpListener.cs - Importer: ScriptedImporter/UnityEditor.QuickSearchModule:UnityEditor.Search:ASIAI0B' with importer (ScriptedImporter : UnityEditor.QuickSearchModule:UnityEditor.Search:ASIAI0B)
Imported 'GUID: ded625cf0d03fa94c9f939fd13ced18d' -> (Import Result ID: '2535f70e6a5c952a9fa59a0e8f39b206') in 0.001 seconds [static and dynamic dependencies]. Details - ImportResultOutputID=b6125601ae69789f42964f3cdba26850 DependenciesID=e425a4bb18041933e789d92141c1ca44 StaticDependenciesID=2b3dd411517474453de1c9268b7e9621 
Number of updated asset objects reloaded before import = 0
Number of asset objects unloaded after import = 0
========================================================================
Received Import Request.
  Time of request: 2026-10-01T19:11:24.449047Z
  Time since last request: 0.000170375 seconds.
  importAddress: GUID: cbb1a39d56ce4d9ac1a46ac505893fa7 - Path: Packages/com.unity.modules.terrainphysics/package.ModuleCompilationTrigger - Importer: ScriptedImporter/UnityEditor.QuickSearchModule:UnityEditor.Search:ASIAI0B
Importing 'GUID: cbb1a39d56ce4d9ac1a46ac505893fa7 - Path: Packages/com.unity.modules.terrainphysics/package.ModuleCompilationTrigger - Importer: ScriptedImporter/UnityEditor.QuickSearchModule:UnityEditor.Search:ASIAI0B' with importer (ScriptedImporter : UnityEditor.QuickSearchModule:UnityEditor.Search:ASIAI0B)
Imported 'GUID: cbb1a39d56ce4d9ac1a46ac505893fa7' -> (Import Result ID: 'dd1a6232aa23d2025b6c0291c39b84c2') in 0.001 seconds [static and dynamic dependencies]. Details - ImportResultOutputID=aa3a98bc2af5225793e616904858a30a DependenciesID=8201982f4c6c6377ee5db0fab3d1253a StaticDependenciesID=1032f2dac4b411291b7d9110bc8e767d 
Number of updated asset objects reloaded before import = 0
Number of asset objects unloaded after import = 1
========================================================================
Received Import Request.
  Time of request: 2026-10-01T19:11:24.449916Z
  Time since last request: 0.000196875 seconds.
  importAddress: GUID: bb86eea06f54fb24caa7046a8a764945 - Path: Packages/com.unity.ide.visualstudio/Editor/VisualStudioInstallation.cs - Importer: ScriptedImporter/UnityEditor.QuickSearchModule:UnityEditor.Search:ASIAI0B
Importing 'GUID: bb86eea06f54fb24caa7046a8a764945 - Path: Packages/com.unity.ide.visualstudio/Editor/VisualStudioInstallation.cs - Importer: ScriptedImporter/UnityEditor.QuickSearchModule:UnityEditor.Search:ASIAI0B' with importer (ScriptedImporter : UnityEditor.QuickSearchModule:UnityEditor.Search:ASIAI0B)
Imported 'GUID: bb86eea06f54fb24caa7046a8a764945' -> (Import Result ID: '0dce9df47d09aefebbe276d6bee213dd') in 0.001 seconds [static and dynamic dependencies]. Details - ImportResultOutputID=832989ef4c8d44c0c90a08fc787cb89b DependenciesID=4013a2e2e1fa4c03a4d4aa9b3d8f3fa5 StaticDependenciesID=467fc536258a9adf1efb9bdf1ef353c0 
Number of updated asset objects reloaded before import = 0
Number of asset objects unloaded after import = 0
========================================================================
Received Import Request.
  Time of request: 2026-10-01T19:11:24.450709Z
  Time since last request: 0.00016725 seconds.
  importAddress: GUID: c6c8b2f6152bd1348ae35f9f95719f75 - Path: Packages/com.unity.ide.visualstudio/Editor/AsyncOperation.cs - Importer: ScriptedImporter/UnityEditor.QuickSearchModule:UnityEditor.Search:ASIAI0B
Importing 'GUID: c6c8b2f6152bd1348ae35f9f95719f75 - Path: Packages/com.unity.ide.visualstudio/Editor/AsyncOperation.cs - Importer: ScriptedImporter/UnityEditor.QuickSearchModule:UnityEditor.Search:ASIAI0B' with importer (ScriptedImporter : UnityEditor.QuickSearchModule:UnityEditor.Search:ASIAI0B)
Imported 'GUID: c6c8b2f6152bd1348ae35f9f95719f75' -> (Import Result ID: 'e18a0ccf11c82ff2fc79034aab59c16f') in 0.001 seconds [static and dynamic dependencies]. Details - ImportResultOutputID=dc8e96e19ad751dfc3ecee3e3b27af90 DependenciesID=297adbdaf8ec5fc68fb557abd8b5a256 StaticDependenciesID=9b7224beb63ca27d13ae95dee8884756 
Number of updated asset objects reloaded before import = 0
Number of asset objects unloaded after import = 0
========================================================================
Received Import Request.
  Time of request: 2026-10-01T19:11:24.451721Z
  Time since last request: 0.000211792 seconds.
  importAddress: GUID: 40bf3cec17fa0b49fe04443c8332d638 - Path: Packages/com.unity.modules.jsonserialize/package.json - Importer: ScriptedImporter/UnityEditor.QuickSearchModule:UnityEditor.Search:ASIAI0B
Importing 'GUID: 40bf3cec17fa0b49fe04443c8332d638 - Path: Packages/com.unity.modules.jsonserialize/package.json - Importer: ScriptedImporter/UnityEditor.QuickSearchModule:UnityEditor.Search:ASIAI0B' with importer (ScriptedImporter : UnityEditor.QuickSearchModule:UnityEditor.Search:ASIAI0B)
Imported 'GUID: 40bf3cec17fa0b49fe04443c8332d638' -> (Import Result ID: 'c879a8b3cf4fa19543f0d4ccf69bc22f') in 0.001 seconds [static and dynamic dependencies]. Details - ImportResultOutputID=4566ed800d726ce695f30d4bcfe3975f DependenciesID=fadf2c3a9653a77dcfbaa6f7fba200c4 StaticDependenciesID=0a703ae458ccbd8c84127be930c0f2f1 
Number of updated asset objects reloaded before import = 0
Number of asset objects unloaded after import = 1
========================================================================
Received Import Request.
  Time of request: 2026-10-01T19:11:24.452579Z
  Time since last request: 0.000168542 seconds.
  importAddress: GUID: 0b59b40c84c6a5348a188c16b17c7b40 - Path: Packages/com.unity.ide.visualstudio/Editor/Testing/TestRunnerApiListener.cs - Importer: ScriptedImporter/UnityEditor.QuickSearchModule:UnityEditor.Search:ASIAI0B
Importing 'GUID: 0b59b40c84c6a5348a188c16b17c7b40 - Path: Packages/com.unity.ide.visualstudio/Editor/Testing/TestRunnerApiListener.cs - Importer: ScriptedImporter/UnityEditor.QuickSearchModule:UnityEditor.Search:ASIAI0B' with importer (ScriptedImporter : UnityEditor.QuickSearchModule:UnityEditor.Search:ASIAI0B)
Imported 'GUID: 0b59b40c84c6a5348a188c16b17c7b40' -> (Import Result ID: 'efd87ec1f9473e980af62374d65db361') in 0.001 seconds [static and dynamic dependencies]. Details - ImportResultOutputID=3ec701a88608c32f9354fbac4f62eb25 DependenciesID=719ce95de721bf811be24e540f3043b4 StaticDependenciesID=9f9c6063822f0d345e1c596437560b0b 
Number of updated asset objects reloaded before import = 0
Number of asset objects unloaded after import = 0
========================================================================
Received Import Request.
  Time of request: 2026-10-01T19:11:24.453513Z
  Time since last request: 0.000195625 seconds.
  importAddress: GUID: f3edbdc86577af648a23263aa75161e1 - Path: Packages/com.unity.ide.visualstudio/Editor/Messaging/MessageType.cs - Importer: ScriptedImporter/UnityEditor.QuickSearchModule:UnityEditor.Search:ASIAI0B
Importing 'GUID: f3edbdc86577af648a23263aa75161e1 - Path: Packages/com.unity.ide.visualstudio/Editor/Messaging/MessageType.cs - Importer: ScriptedImporter/UnityEditor.QuickSearchModule:UnityEditor.Search:ASIAI0B' with importer (ScriptedImporter : UnityEditor.QuickSearchModule:UnityEditor.Search:ASIAI0B)
Imported 'GUID: f3edbdc86577af648a23263aa75161e1' -> (Import Result ID: '2f17d32318d59d37838ca123e3dd4a16') in 0.001 seconds [static and dynamic dependencies]. Details - ImportResultOutputID=6c92d1048f79d8a6757183bdc2e520a2 DependenciesID=38539b03541c38f81baffe370ad1475c StaticDependenciesID=cfd2486ea24ebd3956137988a01e2cfc 
Number of updated asset objects reloaded before import = 0
Number of asset objects unloaded after import = 0
========================================================================
Received Import Request.
  Time of request: 2026-10-01T19:11:24.454331Z
  Time since last request: 0.000174125 seconds.
  importAddress: GUID: 5a7aba2d3d458e04eb4210c0303fbf64 - Path: Packages/com.unity.ide.visualstudio/Editor/UsageUtility.cs - Importer: ScriptedImporter/UnityEditor.QuickSearchModule:UnityEditor.Search:ASIAI0B
Importing 'GUID: 5a7aba2d3d458e04eb4210c0303fbf64 - Path: Packages/com.unity.ide.visualstudio/Editor/UsageUtility.cs - Importer: ScriptedImporter/UnityEditor.QuickSearchModule:UnityEditor.Search:ASIAI0B' with importer (ScriptedImporter : UnityEditor.QuickSearchModule:UnityEditor.Search:ASIAI0B)
Imported 'GUID: 5a7aba2d3d458e04eb4210c0303fbf64' -> (Import Result ID: '5fd32c1c70f6ea1cd7319d38661cefb5') in 0.001 seconds [static and dynamic dependencies]. Details - ImportResultOutputID=1581b23c18fd7ed03d01038fc675f8f6 DependenciesID=c5510ea95e168593899f4052615ad4d6 StaticDependenciesID=34956868acf755b8e688b093c3c3a436 
Number of updated asset objects reloaded before import = 0
Number of asset objects unloaded after import = 0
========================================================================
Received Import Request.
  Time of request: 2026-10-01T19:11:24.455265Z
  Time since last request: 0.000186667 seconds.
  importAddress: GUID: d3cbe921f7b3d9a3257e7c61a5761796 - Path: Packages/com.unity.modules.terrainphysics/package.json - Importer: ScriptedImporter/UnityEditor.QuickSearchModule:UnityEditor.Search:ASIAI0B
Importing 'GUID: d3cbe921f7b3d9a3257e7c61a5761796 - Path: Packages/com.unity.modules.terrainphysics/package.json - Importer: ScriptedImporter/UnityEditor.QuickSearchModule:UnityEditor.Search:ASIAI0B' with importer (ScriptedImporter : UnityEditor.QuickSearchModule:UnityEditor.Search:ASIAI0B)
Imported 'GUID: d3cbe921f7b3d9a3257e7c61a5761796' -> (Import Result ID: 'f68bec47f5049ab6cfbac4a88458551c') in 0.001 seconds [static and dynamic dependencies]. Details - ImportResultOutputID=47703b440715d9dc72588a9827dadf13 DependenciesID=a5d38e102f711ab18331b4a72dbd4d16 StaticDependenciesID=bee1f8c62c42d348592023ec21dd429d 
Number of updated asset objects reloaded before import = 0
Number of asset objects unloaded after import = 1
========================================================================
Received Import Request.
  Time of request: 2026-10-01T19:11:24.456068Z
  Time since last request: 0.00015275 seconds.
  importAddress: GUID: 9f3705b95d031e84c82f140d8e980867 - Path: Packages/com.unity.ide.visualstudio/Editor/ProjectGeneration/ProjectGeneration.cs - Importer: ScriptedImporter/UnityEditor.QuickSearchModule:UnityEditor.Search:ASIAI0B
Importing 'GUID: 9f3705b95d031e84c82f140d8e980867 - Path: Packages/com.unity.ide.visualstudio/Editor/ProjectGeneration/ProjectGeneration.cs - Importer: ScriptedImporter/UnityEditor.QuickSearchModule:UnityEditor.Search:ASIAI0B' with importer (ScriptedImporter : UnityEditor.QuickSearchModule:UnityEditor.Search:ASIAI0B)
Imported 'GUID: 9f3705b95d031e84c82f140d8e980867' -> (Import Result ID: '19de24b43354f57762fdcae42996f6b2') in 0.001 seconds [static and dynamic dependencies]. Details - ImportResultOutputID=586ed5ae3a040de3b792d56c8fd270c2 DependenciesID=70f708509a8128c626d1b197c9a42e07 StaticDependenciesID=26e35ed4a21dd31e0bc75ac2774e36d5 
Number of updated asset objects reloaded before import = 0
Number of asset objects unloaded after import = 0
========================================================================
Received Import Request.
  Time of request: 2026-10-01T19:11:24.456923Z
  Time since last request: 0.000182875 seconds.
  importAddress: GUID: abe003ac6fee32e4892100a78f555011 - Path: Packages/com.unity.ide.visualstudio/Editor/Discovery.cs - Importer: ScriptedImporter/UnityEditor.QuickSearchModule:UnityEditor.Search:ASIAI0B
Importing 'GUID: abe003ac6fee32e4892100a78f555011 - Path: Packages/com.unity.ide.visualstudio/Editor/Discovery.cs - Importer: ScriptedImporter/UnityEditor.QuickSearchModule:UnityEditor.Search:ASIAI0B' with importer (ScriptedImporter : UnityEditor.QuickSearchModule:UnityEditor.Search:ASIAI0B)
Imported 'GUID: abe003ac6fee32e4892100a78f555011' -> (Import Result ID: '473cc5310c0ac2b7b92a5ea8a6919714') in 0.001 seconds [static and dynamic dependencies]. Details - ImportResultOutputID=be0c6979b08f1327cb5d17d1d923383e DependenciesID=397b7f23c2639b4629dfc3750e208992 StaticDependenciesID=027fd7bb1fbb5bd36ed8b7ebec961dec 
Number of updated asset objects reloaded before import = 0
Number of asset objects unloaded after import = 0
========================================================================
Received Import Request.
  Time of request: 2026-10-01T19:11:24.457697Z
  Time since last request: 0.000173542 seconds.
  importAddress: GUID: 6f1dc05fb6e7d3e4f89ae9ca482735be - Path: Packages/com.unity.ide.visualstudio/Editor/FileUtility.cs - Importer: ScriptedImporter/UnityEditor.QuickSearchModule:UnityEditor.Search:ASIAI0B
Importing 'GUID: 6f1dc05fb6e7d3e4f89ae9ca482735be - Path: Packages/com.unity.ide.visualstudio/Editor/FileUtility.cs - Importer: ScriptedImporter/UnityEditor.QuickSearchModule:UnityEditor.Search:ASIAI0B' with importer (ScriptedImporter : UnityEditor.QuickSearchModule:UnityEditor.Search:ASIAI0B)
Imported 'GUID: 6f1dc05fb6e7d3e4f89ae9ca482735be' -> (Import Result ID: '1eeeca93d91f144ff8b322f7ab6b9c1e') in 0.001 seconds [static and dynamic dependencies]. Details - ImportResultOutputID=da78b19b1851534d63adff6bfbe758a1 DependenciesID=54d2f84faa02435fc71d45f0d7885ed3 StaticDependenciesID=58f9e05f729a494555e7057f9be6bbba 
Number of updated asset objects reloaded before import = 0
Number of asset objects unloaded after import = 0
========================================================================
Received Import Request.
  Time of request: 2026-10-01T19:11:24.458465Z
  Time since last request: 0.000166542 seconds.
  importAddress: GUID: c94f13e05ef0a7a49bdd39f197f39e5e - Path: Packages/com.unity.ide.visualstudio/Editor/ProjectGeneration/GeneratorFactory.cs - Importer: ScriptedImporter/UnityEditor.QuickSearchModule:UnityEditor.Search:ASIAI0B
Importing 'GUID: c94f13e05ef0a7a49bdd39f197f39e5e - Path: Packages/com.unity.ide.visualstudio/Editor/ProjectGeneration/GeneratorFactory.cs - Importer: ScriptedImporter/UnityEditor.QuickSearchModule:UnityEditor.Search:ASIAI0B' with importer (ScriptedImporter : UnityEditor.QuickSearchModule:UnityEditor.Search:ASIAI0B)
Imported 'GUID: c94f13e05ef0a7a49bdd39f197f39e5e' -> (Import Result ID: '92f7bf1406dc7ba42559396441fb0aae') in 0.001 seconds [static and dynamic dependencies]. Details - ImportResultOutputID=97531825c095e126e8ad56d4163a597d DependenciesID=91e47787ed91eed343d54a6166b11cd3 StaticDependenciesID=ed37eeee5e58c18ef76bbeb50cf76516 
Number of updated asset objects reloaded before import = 0
Number of asset objects unloaded after import = 0
========================================================================
Received Import Request.
  Time of request: 2026-10-01T19:11:24.459329Z
  Time since last request: 0.000168875 seconds.
  importAddress: GUID: 7809f42f64c877f4b90ac233e5ec2372 - Path: Packages/com.unity.ide.visualstudio/ThirdPartyNotices.md - Importer: ScriptedImporter/UnityEditor.QuickSearchModule:UnityEditor.Search:ASIAI0B
Importing 'GUID: 7809f42f64c877f4b90ac233e5ec2372 - Path: Packages/com.unity.ide.visualstudio/ThirdPartyNotices.md - Importer: ScriptedImporter/UnityEditor.QuickSearchModule:UnityEditor.Search:ASIAI0B' with importer (ScriptedImporter : UnityEditor.QuickSearchModule:UnityEditor.Search:ASIAI0B)
Imported 'GUID: 7809f42f64c877f4b90ac233e5ec2372' -> (Import Result ID: '0a868790b58b8ee00da3277476b0bbbb') in 0.001 seconds [static and dynamic dependencies]. Details - ImportResultOutputID=9b2cdac5dc517044712777274b16ca5f DependenciesID=cd535503b91dfe73729f09eb055797e8 StaticDependenciesID=5727ad3f3d1e3b3f9debc1ed0faeaae6 
Number of updated asset objects reloaded before import = 0
Number of asset objects unloaded after import = 1
========================================================================
Received Import Request.
  Time of request: 2026-10-01T19:11:24.460219Z
  Time since last request: 0.000164292 seconds.
  importAddress: GUID: f6674c38820d12a49ac116d416521d85 - Path: Packages/com.unity.ide.visualstudio/Editor/Messaging/TcpClient.cs - Importer: ScriptedImporter/UnityEditor.QuickSearchModule:UnityEditor.Search:ASIAI0B
Importing 'GUID: f6674c38820d12a49ac116d416521d85 - Path: Packages/com.unity.ide.visualstudio/Editor/Messaging/TcpClient.cs - Importer: ScriptedImporter/UnityEditor.QuickSearchModule:UnityEditor.Search:ASIAI0B' with importer (ScriptedImporter : UnityEditor.QuickSearchModule:UnityEditor.Search:ASIAI0B)
Imported 'GUID: f6674c38820d12a49ac116d416521d85' -> (Import Result ID: 'd9f221410f6cb6715b52ebf6a4ffd10d') in 0.001 seconds [static and dynamic dependencies]. Details - ImportResultOutputID=444d49e368b3af67e50e8aafeabce1e5 DependenciesID=73078191b10c95768b87072bd80c1a48 StaticDependenciesID=ac80db3cb52bcf367f6ee29853421987 
Number of updated asset objects reloaded before import = 0
Number of asset objects unloaded after import = 0
========================================================================
Received Import Request.
  Time of request: 2026-10-01T19:11:24.46118Z
  Time since last request: 0.000171333 seconds.
  importAddress: GUID: d0e3ad91972c66f5238f5b9b7d5ae58a - Path: Packages/com.unity.modules.unitywebrequesttexture/package.json - Importer: ScriptedImporter/UnityEditor.QuickSearchModule:UnityEditor.Search:ASIAI0B
Importing 'GUID: d0e3ad91972c66f5238f5b9b7d5ae58a - Path: Packages/com.unity.modules.unitywebrequesttexture/package.json - Importer: ScriptedImporter/UnityEditor.QuickSearchModule:UnityEditor.Search:ASIAI0B' with importer (ScriptedImporter : UnityEditor.QuickSearchModule:UnityEditor.Search:ASIAI0B)
Imported 'GUID: d0e3ad91972c66f5238f5b9b7d5ae58a' -> (Import Result ID: 'a22d12a153fb423f40bd20e82af5758b') in 0.001 seconds [static and dynamic dependencies]. Details - ImportResultOutputID=0ed25672a8a908fbb1d6d5dcb8e35945 DependenciesID=277fac05ac0b4244e2181a92de0ab17c StaticDependenciesID=f56c18b9190885c34a222cff706ebe96 
Number of updated asset objects reloaded before import = 0
Number of asset objects unloaded after import = 1
========================================================================
Received Import Request.
  Time of request: 2026-10-01T19:11:24.462152Z
  Time since last request: 0.000196333 seconds.
  importAddress: GUID: 1be5c96ff30e6ec40876f28fd9ab7e24 - Path: Packages/com.unity.ide.visualstudio/Editor/VisualStudioCodeInstallation.cs - Importer: ScriptedImporter/UnityEditor.QuickSearchModule:UnityEditor.Search:ASIAI0B
Importing 'GUID: 1be5c96ff30e6ec40876f28fd9ab7e24 - Path: Packages/com.unity.ide.visualstudio/Editor/VisualStudioCodeInstallation.cs - Importer: ScriptedImporter/UnityEditor.QuickSearchModule:UnityEditor.Search:ASIAI0B' with importer (ScriptedImporter : UnityEditor.QuickSearchModule:UnityEditor.Search:ASIAI0B)
Imported 'GUID: 1be5c96ff30e6ec40876f28fd9ab7e24' -> (Import Result ID: 'e6bf355cc2ba40ee0e9d788434c11df8') in 0.001 seconds [static and dynamic dependencies]. Details - ImportResultOutputID=5ec47d529e73ac414c7a7bb0f08837dc DependenciesID=bb921c4000f6868b4916f7cbb44e5c72 StaticDependenciesID=4068ad59519b921e8a3221d1d7e8e9de 
Number of updated asset objects reloaded before import = 0
Number of asset objects unloaded after import = 0
========================================================================
Received Import Request.
  Time of request: 2026-10-01T19:11:24.463047Z
  Time since last request: 0.000211791 seconds.
  importAddress: GUID: 3eda7a83649158546826efb3ffe6c1e3 - Path: Packages/com.unity.ide.visualstudio/Editor/Messaging/Deserializer.cs - Importer: ScriptedImporter/UnityEditor.QuickSearchModule:UnityEditor.Search:ASIAI0B
Importing 'GUID: 3eda7a83649158546826efb3ffe6c1e3 - Path: Packages/com.unity.ide.visualstudio/Editor/Messaging/Deserializer.cs - Importer: ScriptedImporter/UnityEditor.QuickSearchModule:UnityEditor.Search:ASIAI0B' with importer (ScriptedImporter : UnityEditor.QuickSearchModule:UnityEditor.Search:ASIAI0B)
Imported 'GUID: 3eda7a83649158546826efb3ffe6c1e3' -> (Import Result ID: 'cc2c142bac913d42d575d2e27e0e8eec') in 0.001 seconds [static and dynamic dependencies]. Details - ImportResultOutputID=ae415d142a31033df2722f3b63f1d4cf DependenciesID=433bc8a28d5bfb05d8a6b9f83b8995ea StaticDependenciesID=a9d1224e22905e5b220d0eb84803ae9d 
Number of updated asset objects reloaded before import = 0
Number of asset objects unloaded after import = 0
========================================================================
Received Import Request.
  Time of request: 2026-10-01T19:11:24.463989Z
  Time since last request: 0.000173 seconds.
  importAddress: GUID: e6a135e3ea9cb46795d1b0e05ac3e1e5 - Path: Packages/com.unity.modules.jsonserialize/package.ModuleCompilationTrigger - Importer: ScriptedImporter/UnityEditor.QuickSearchModule:UnityEditor.Search:ASIAI0B
Importing 'GUID: e6a135e3ea9cb46795d1b0e05ac3e1e5 - Path: Packages/com.unity.modules.jsonserialize/package.ModuleCompilationTrigger - Importer: ScriptedImporter/UnityEditor.QuickSearchModule:UnityEditor.Search:ASIAI0B' with importer (ScriptedImporter : UnityEditor.QuickSearchModule:UnityEditor.Search:ASIAI0B)
Imported 'GUID: e6a135e3ea9cb46795d1b0e05ac3e1e5' -> (Import Result ID: '9aa026b67686a2ed92bf418996034d16') in 0.001 seconds [static and dynamic dependencies]. Details - ImportResultOutputID=b709a0c426dfada0f2e1c38e3a66edf4 DependenciesID=e80b45e33260ed103a9733b95ec7d82b StaticDependenciesID=d99bba657fde8632fe079a9a1f22f8d3 
Number of updated asset objects reloaded before import = 0
Number of asset objects unloaded after import = 1
========================================================================
Received Import Request.
  Time of request: 2026-10-01T19:11:24.46493Z
  Time since last request: 0.000209333 seconds.
  importAddress: GUID: f47f2d030bc1d415a8d15a51dbcc39a2 - Path: Packages/com.unity.ide.visualstudio/Editor/Testing/TestResultAdaptor.cs - Importer: ScriptedImporter/UnityEditor.QuickSearchModule:UnityEditor.Search:ASIAI0B
Importing 'GUID: f47f2d030bc1d415a8d15a51dbcc39a2 - Path: Packages/com.unity.ide.visualstudio/Editor/Testing/TestResultAdaptor.cs - Importer: ScriptedImporter/UnityEditor.QuickSearchModule:UnityEditor.Search:ASIAI0B' with importer (ScriptedImporter : UnityEditor.QuickSearchModule:UnityEditor.Search:ASIAI0B)
Imported 'GUID: f47f2d030bc1d415a8d15a51dbcc39a2' -> (Import Result ID: 'b9b1c5be6585335667cb41f09c8e9e32') in 0.001 seconds [static and dynamic dependencies]. Details - ImportResultOutputID=6df79750e98ed37d915afc98ef3df093 DependenciesID=e48532a3482ae0577508ef920b5e1e97 StaticDependenciesID=bf19d7995d2d712e48ae387583ac19bb 
Number of updated asset objects reloaded before import = 0
Number of asset objects unloaded after import = 0
========================================================================
Received Import Request.
  Time of request: 2026-10-01T19:11:24.465912Z
  Time since last request: 0.000172375 seconds.
  importAddress: GUID: 957a5f2d2660a894d926660de2a9d577 - Path: Packages/com.unity.ide.visualstudio/Editor/ProcessRunner.cs - Importer: ScriptedImporter/UnityEditor.QuickSearchModule:UnityEditor.Search:ASIAI0B
Importing 'GUID: 957a5f2d2660a894d926660de2a9d577 - Path: Packages/com.unity.ide.visualstudio/Editor/ProcessRunner.cs - Importer: ScriptedImporter/UnityEditor.QuickSearchModule:UnityEditor.Search:ASIAI0B' with importer (ScriptedImporter : UnityEditor.QuickSearchModule:UnityEditor.Search:ASIAI0B)
Imported 'GUID: 957a5f2d2660a894d926660de2a9d577' -> (Import Result ID: 'e9dfc507bbe6561bc0c87d0595fa9404') in 0.001 seconds [static and dynamic dependencies]. Details - ImportResultOutputID=830bc1cd85ad09b79bd744502111dd40 DependenciesID=33b70015e98d1fc811e1a6c7f5f212f0 StaticDependenciesID=e437f89a0099a43f41694a0354453f72 
Number of updated asset objects reloaded before import = 0
Number of asset objects unloaded after import = 0
========================================================================
Received Import Request.
  Time of request: 2026-10-01T19:11:24.466732Z
  Time since last request: 0.0001585 seconds.
  importAddress: GUID: b93f844d45cfcc44fa2b0eed5c9ec6bb - Path: Packages/com.unity.ide.visualstudio/Editor/com.unity.ide.visualstudio.asmdef - Importer: ScriptedImporter/UnityEditor.QuickSearchModule:UnityEditor.Search:ASIAI0B
Importing 'GUID: b93f844d45cfcc44fa2b0eed5c9ec6bb - Path: Packages/com.unity.ide.visualstudio/Editor/com.unity.ide.visualstudio.asmdef - Importer: ScriptedImporter/UnityEditor.QuickSearchModule:UnityEditor.Search:ASIAI0B' with importer (ScriptedImporter : UnityEditor.QuickSearchModule:UnityEditor.Search:ASIAI0B)
Imported 'GUID: b93f844d45cfcc44fa2b0eed5c9ec6bb' -> (Import Result ID: '720af5378e93674b42afe79f7c88cf97') in 0.004 seconds [static and dynamic dependencies]. Details - ImportResultOutputID=03c0c72d2aa147b707217e7ca4c8d9a9 DependenciesID=a43241a88e9ca4497a68ecb9d98eb4cc StaticDependenciesID=0e73354e6306cf9e32275927a649535b 
Number of updated asset objects reloaded before import = 0
Number of asset objects unloaded after import = 1
========================================================================
Received Import Request.
  Time of request: 2026-10-01T19:11:24.471001Z
  Time since last request: 0.00025625 seconds.
  importAddress: GUID: eeb21ffd7b0188542b348935f4b04fe8 - Path: Packages/com.unity.ide.visualstudio/Editor/ProjectGeneration/TypeCacheHelper.cs - Importer: ScriptedImporter/UnityEditor.QuickSearchModule:UnityEditor.Search:ASIAI0B
Importing 'GUID: eeb21ffd7b0188542b348935f4b04fe8 - Path: Packages/com.unity.ide.visualstudio/Editor/ProjectGeneration/TypeCacheHelper.cs - Importer: ScriptedImporter/UnityEditor.QuickSearchModule:UnityEditor.Search:ASIAI0B' with importer (ScriptedImporter : UnityEditor.QuickSearchModule:UnityEditor.Search:ASIAI0B)
Imported 'GUID: eeb21ffd7b0188542b348935f4b04fe8' -> (Import Result ID: '099b00c44d57e7e40df431dd54fb0663') in 0.001 seconds [static and dynamic dependencies]. Details - ImportResultOutputID=11c40920f2a2434a2026e823cac95965 DependenciesID=dd758081d86f6c7c7935d99f9a08c899 StaticDependenciesID=c4f131be39acb359ff0a2f148e3f8bd1 
Number of updated asset objects reloaded before import = 0
Number of asset objects unloaded after import = 0
========================================================================
Received Import Request.
  Time of request: 2026-10-01T19:11:24.47335Z
  Time since last request: 0.0011115 seconds.
  importAddress: GUID: 275143c81d816ef4286fdc67aabc20c8 - Path: Packages/com.unity.ide.visualstudio/Editor/Messaging/MessageEventArgs.cs - Importer: ScriptedImporter/UnityEditor.QuickSearchModule:UnityEditor.Search:ASIAI0B
Importing 'GUID: 275143c81d816ef4286fdc67aabc20c8 - Path: Packages/com.unity.ide.visualstudio/Editor/Messaging/MessageEventArgs.cs - Importer: ScriptedImporter/UnityEditor.QuickSearchModule:UnityEditor.Search:ASIAI0B' with importer (ScriptedImporter : UnityEditor.QuickSearchModule:UnityEditor.Search:ASIAI0B)
Imported 'GUID: 275143c81d816ef4286fdc67aabc20c8' -> (Import Result ID: 'f541c7d8eac98ac9c1fcbd9c92a936a4') in 0.001 seconds [static and dynamic dependencies]. Details - ImportResultOutputID=770296c652a0ee401bb3c73f20a34639 DependenciesID=aa16bd1caafbda8c8c58bea56e94416d StaticDependenciesID=09cbc6e9c71040d2867f530cf9e9cb91 
Number of updated asset objects reloaded before import = 0
Number of asset objects unloaded after import = 0
========================================================================
Received Import Request.
  Time of request: 2026-10-01T19:11:24.474648Z
  Time since last request: 0.000230333 seconds.
  importAddress: GUID: 7652904b1008e324fb7cfb952ea87656 - Path: Packages/com.unity.ide.visualstudio/Editor/ProjectGeneration/GUIDProvider.cs - Importer: ScriptedImporter/UnityEditor.QuickSearchModule:UnityEditor.Search:ASIAI0B
Importing 'GUID: 7652904b1008e324fb7cfb952ea87656 - Path: Packages/com.unity.ide.visualstudio/Editor/ProjectGeneration/GUIDProvider.cs - Importer: ScriptedImporter/UnityEditor.QuickSearchModule:UnityEditor.Search:ASIAI0B' with importer (ScriptedImporter : UnityEditor.QuickSearchModule:UnityEditor.Search:ASIAI0B)
Imported 'GUID: 7652904b1008e324fb7cfb952ea87656' -> (Import Result ID: '4852cf8768821b669f97a5522b22af87') in 0.001 seconds [static and dynamic dependencies]. Details - ImportResultOutputID=7b019dc604fd5de323be0f6db0064cd0 DependenciesID=23f9be7777f02510fb55901d8f63aff4 StaticDependenciesID=61c30044949308906499ba5ff839ee02 
Number of updated asset objects reloaded before import = 0
Number of asset objects unloaded after import = 0
========================================================================
Received Import Request.
  Time of request: 2026-10-01T19:11:24.475783Z
  Time since last request: 0.000211625 seconds.
  importAddress: GUID: 38cb3a4a17d2cfd41926da95ce675934 - Path: Packages/com.unity.ide.visualstudio/Editor/Messaging/UdpSocket.cs - Importer: ScriptedImporter/UnityEditor.QuickSearchModule:UnityEditor.Search:ASIAI0B
Importing 'GUID: 38cb3a4a17d2cfd41926da95ce675934 - Path: Packages/com.unity.ide.visualstudio/Editor/Messaging/UdpSocket.cs - Importer: ScriptedImporter/UnityEditor.QuickSearchModule:UnityEditor.Search:ASIAI0B' with importer (ScriptedImporter : UnityEditor.QuickSearchModule:UnityEditor.Search:ASIAI0B)
Imported 'GUID: 38cb3a4a17d2cfd41926da95ce675934' -> (Import Result ID: 'c6b656d9ddfa4bf0b8a06068e68d1909') in 0.001 seconds [static and dynamic dependencies]. Details - ImportResultOutputID=006b5f88a0e036c3a0fb969a9609fb16 DependenciesID=318590716513f96b1d8da307ba4db6f2 StaticDependenciesID=98d13f0b800dae2669348249d6492a23 
Number of updated asset objects reloaded before import = 0
Number of asset objects unloaded after import = 0
========================================================================
Received Import Request.
  Time of request: 2026-10-01T19:11:24.476944Z
  Time since last request: 0.000223125 seconds.
  importAddress: GUID: 57537f08f8e923f488e4aadabb831c9b - Path: Packages/com.unity.ide.visualstudio/Editor/ProjectGeneration/AssemblyNameProvider.cs - Importer: ScriptedImporter/UnityEditor.QuickSearchModule:UnityEditor.Search:ASIAI0B
Importing 'GUID: 57537f08f8e923f488e4aadabb831c9b - Path: Packages/com.unity.ide.visualstudio/Editor/ProjectGeneration/AssemblyNameProvider.cs - Importer: ScriptedImporter/UnityEditor.QuickSearchModule:UnityEditor.Search:ASIAI0B' with importer (ScriptedImporter : UnityEditor.QuickSearchModule:UnityEditor.Search:ASIAI0B)
Imported 'GUID: 57537f08f8e923f488e4aadabb831c9b' -> (Import Result ID: '03f6292faebb1e87c779917f0c469a2d') in 0.001 seconds [static and dynamic dependencies]. Details - ImportResultOutputID=ae8270b84fb36504fa6f0aa3e3123eaf DependenciesID=6ba786978cdfd74e2058d024859bf6ea StaticDependenciesID=2e04f804cfa74be9868fcf3c056300ca 
Number of updated asset objects reloaded before import = 0
Number of asset objects unloaded after import = 0
========================================================================
Received Import Request.
  Time of request: 2026-10-01T19:11:24.477929Z
  Time since last request: 0.000239416 seconds.
  importAddress: GUID: 92a378669877c05c6071d0fed687bb95 - Path: Packages/com.unity.modules.tilemap/package.json - Importer: ScriptedImporter/UnityEditor.QuickSearchModule:UnityEditor.Search:ASIAI0B
Importing 'GUID: 92a378669877c05c6071d0fed687bb95 - Path: Packages/com.unity.modules.tilemap/package.json - Importer: ScriptedImporter/UnityEditor.QuickSearchModule:UnityEditor.Search:ASIAI0B' with importer (ScriptedImporter : UnityEditor.QuickSearchModule:UnityEditor.Search:ASIAI0B)
Imported 'GUID: 92a378669877c05c6071d0fed687bb95' -> (Import Result ID: '0cfc2efb409012a4a8f4def27814f9e0') in 0.001 seconds [static and dynamic dependencies]. Details - ImportResultOutputID=50fdd2349ef2b0070b02cbc6a2f2ee3d DependenciesID=8cf2d9faaa4bf1fe51262808723f0234 StaticDependenciesID=ad3832a82f4ace3126c5b13cf5cdaa16 
Number of updated asset objects reloaded before import = 0
Number of asset objects unloaded after import = 1
========================================================================
Received Import Request.
  Time of request: 2026-10-01T19:11:24.48843Z
  Time since last request: 0.009325125 seconds.
  importAddress: GUID: 2b301b727225f1941974d69e61a55620 - Path: Packages/com.unity.test-framework/UnityEditor.TestRunner/TestRunnerWindowSettings.cs - Importer: ScriptedImporter/UnityEditor.QuickSearchModule:UnityEditor.Search:ASIAI0B
Importing 'GUID: 2b301b727225f1941974d69e61a55620 - Path: Packages/com.unity.test-framework/UnityEditor.TestRunner/TestRunnerWindowSettings.cs - Importer: ScriptedImporter/UnityEditor.QuickSearchModule:UnityEditor.Search:ASIAI0B' with importer (ScriptedImporter : UnityEditor.QuickSearchModule:UnityEditor.Search:ASIAI0B)
Imported 'GUID: 2b301b727225f1941974d69e61a55620' -> (Import Result ID: '0def63a7fc7e2867afd35d93950e9b02') in 0.001 seconds [static and dynamic dependencies]. Details - ImportResultOutputID=9435256e923c7e03aec4219e0d992b33 DependenciesID=001085a41835e167f1cf26260a88a8be StaticDependenciesID=319ac2de859e8a596689f89d7d14b674 
Number of updated asset objects reloaded before import = 0
Number of asset objects unloaded after import = 0
========================================================================
Received Import Request.
  Time of request: 2026-10-01T19:11:24.489987Z
  Time since last request: 0.000305334 seconds.
  importAddress: GUID: 3ec7596410385054a9e0bc90377fbe63 - Path: Packages/com.unity.test-framework/LICENSE.md - Importer: ScriptedImporter/UnityEditor.QuickSearchModule:UnityEditor.Search:ASIAI0B
Importing 'GUID: 3ec7596410385054a9e0bc90377fbe63 - Path: Packages/com.unity.test-framework/LICENSE.md - Importer: ScriptedImporter/UnityEditor.QuickSearchModule:UnityEditor.Search:ASIAI0B' with importer (ScriptedImporter : UnityEditor.QuickSearchModule:UnityEditor.Search:ASIAI0B)
Imported 'GUID: 3ec7596410385054a9e0bc90377fbe63' -> (Import Result ID: '106daac7391d2ebfc819cca2df6679a4') in 0.001 seconds [static and dynamic dependencies]. Details - ImportResultOutputID=05317a7c7b2e47d81c5dac6fdb13a74b DependenciesID=bfcfe7ceab6d882d97a3059ebd6f6942 StaticDependenciesID=e81abb57f442417729aebea5fd765cb7 
Number of updated asset objects reloaded before import = 0
Number of asset objects unloaded after import = 1
========================================================================
Received Import Request.
  Time of request: 2026-10-01T19:11:24.4914Z
  Time since last request: 0.000196167 seconds.
  importAddress: GUID: be13c398521e3c1ad21fb9da30ab2ab6 - Path: Packages/com.unity.modules.imgui/package.ModuleCompilationTrigger - Importer: ScriptedImporter/UnityEditor.QuickSearchModule:UnityEditor.Search:ASIAI0B
Importing 'GUID: be13c398521e3c1ad21fb9da30ab2ab6 - Path: Packages/com.unity.modules.imgui/package.ModuleCompilationTrigger - Importer: ScriptedImporter/UnityEditor.QuickSearchModule:UnityEditor.Search:ASIAI0B' with importer (ScriptedImporter : UnityEditor.QuickSearchModule:UnityEditor.Search:ASIAI0B)
Imported 'GUID: be13c398521e3c1ad21fb9da30ab2ab6' -> (Import Result ID: 'd4809e972b6550d774e83dbf2ab956ea') in 0.001 seconds [static and dynamic dependencies]. Details - ImportResultOutputID=c812e72792072244384c81a325016899 DependenciesID=0a651581b9531447e1196f0893a80720 StaticDependenciesID=0d3a12acdf94949a491ad45a8826d353 
Number of updated asset objects reloaded before import = 0
Number of asset objects unloaded after import = 1
========================================================================
Received Import Request.
  Time of request: 2026-10-01T19:11:24.492627Z
  Time since last request: 0.000225 seconds.
  importAddress: GUID: 585c3fb85b32bd64e8814074e754163e - Path: Packages/com.unity.ide.visualstudio/Editor/VSWhere/vswhere.exe - Importer: ScriptedImporter/UnityEditor.QuickSearchModule:UnityEditor.Search:ASIAI0B
Importing 'GUID: 585c3fb85b32bd64e8814074e754163e - Path: Packages/com.unity.ide.visualstudio/Editor/VSWhere/vswhere.exe - Importer: ScriptedImporter/UnityEditor.QuickSearchModule:UnityEditor.Search:ASIAI0B' with importer (ScriptedImporter : UnityEditor.QuickSearchModule:UnityEditor.Search:ASIAI0B)
Imported 'GUID: 585c3fb85b32bd64e8814074e754163e' -> (Import Result ID: 'a6d0ab617e3862b77fa50a3814af5eda') in 0.001 seconds [static and dynamic dependencies]. Details - ImportResultOutputID=edaf8b30441f5fda2ac6a81fba94235a DependenciesID=e0f5cca574c89535d11b419dcd54c439 StaticDependenciesID=f64fbc672e7092fd75ca6bf9bdae8693 
Number of updated asset objects reloaded before import = 0
Number of asset objects unloaded after import = 1
========================================================================
Received Import Request.
  Time of request: 2026-10-01T19:11:24.493602Z
  Time since last request: 0.000164792 seconds.
  importAddress: GUID: 9db19a04003fca7439552acd4de9baa1 - Path: Packages/com.unity.test-framework/UnityEditor.TestRunner/AssemblyInfo.cs - Importer: ScriptedImporter/UnityEditor.QuickSearchModule:UnityEditor.Search:ASIAI0B
Importing 'GUID: 9db19a04003fca7439552acd4de9baa1 - Path: Packages/com.unity.test-framework/UnityEditor.TestRunner/AssemblyInfo.cs - Importer: ScriptedImporter/UnityEditor.QuickSearchModule:UnityEditor.Search:ASIAI0B' with importer (ScriptedImporter : UnityEditor.QuickSearchModule:UnityEditor.Search:ASIAI0B)
Imported 'GUID: 9db19a04003fca7439552acd4de9baa1' -> (Import Result ID: '0f844b2a939942e21e2a1f461ccb6b21') in 0.001 seconds [static and dynamic dependencies]. Details - ImportResultOutputID=c9811a23e1f065831bba2641e789f1e6 DependenciesID=923f327769143fece6e188aea2d368d0 StaticDependenciesID=713c2c22b2c509fca7dd9601cbd5782c 
Number of updated asset objects reloaded before import = 0
Number of asset objects unloaded after import = 0
========================================================================
Received Import Request.
  Time of request: 2026-10-01T19:11:24.494543Z
  Time since last request: 0.000196 seconds.
  importAddress: GUID: 222fc39b0c85d800342910da2cd64781 - Path: Packages/com.unity.modules.assetbundle/package.ModuleCompilationTrigger - Importer: ScriptedImporter/UnityEditor.QuickSearchModule:UnityEditor.Search:ASIAI0B
Importing 'GUID: 222fc39b0c85d800342910da2cd64781 - Path: Packages/com.unity.modules.assetbundle/package.ModuleCompilationTrigger - Importer: ScriptedImporter/UnityEditor.QuickSearchModule:UnityEditor.Search:ASIAI0B' with importer (ScriptedImporter : UnityEditor.QuickSearchModule:UnityEditor.Search:ASIAI0B)
Imported 'GUID: 222fc39b0c85d800342910da2cd64781' -> (Import Result ID: '60ad8de4f5d0b31ce94ce3c8c461cc7b') in 0.001 seconds [static and dynamic dependencies]. Details - ImportResultOutputID=73ee1449428fa7d296e44e6d21af40de DependenciesID=ddb6a4ee60640a1b9fb3813b9b0ad820 StaticDependenciesID=a13454118ed145dfd66fb2aadcf7d1d0 
Number of updated asset objects reloaded before import = 0
Number of asset objects unloaded after import = 1
========================================================================
Received Import Request.
  Time of request: 2026-10-01T19:11:24.495529Z
  Time since last request: 0.000212333 seconds.
  importAddress: GUID: e1ef8466c8fd01a549f10baa4d51fa17 - Path: Packages/com.unity.modules.assetbundle/package.json - Importer: ScriptedImporter/UnityEditor.QuickSearchModule:UnityEditor.Search:ASIAI0B
Importing 'GUID: e1ef8466c8fd01a549f10baa4d51fa17 - Path: Packages/com.unity.modules.assetbundle/package.json - Importer: ScriptedImporter/UnityEditor.QuickSearchModule:UnityEditor.Search:ASIAI0B' with importer (ScriptedImporter : UnityEditor.QuickSearchModule:UnityEditor.Search:ASIAI0B)
Imported 'GUID: e1ef8466c8fd01a549f10baa4d51fa17' -> (Import Result ID: '82f251137db1f9046207c475b22fd27d') in 0.001 seconds [static and dynamic dependencies]. Details - ImportResultOutputID=fc4d5b7319b4070cc73058ee85e7977f DependenciesID=8fcda705c07a1fc818ee259600620e24 StaticDependenciesID=6b7dfbb1c0d8a093c2d04f309b2d38c6 
Number of updated asset objects reloaded before import = 0
Number of asset objects unloaded after import = 1
========================================================================
Received Import Request.
  Time of request: 2026-10-01T19:11:24.49656Z
  Time since last request: 0.000222875 seconds.
  importAddress: GUID: 3411e19edd44cfd46b548b058c3bc36c - Path: Packages/com.unity.test-framework/UnityEditor.TestRunner/TestBuildAssemblyFilter.cs - Importer: ScriptedImporter/UnityEditor.QuickSearchModule:UnityEditor.Search:ASIAI0B
Importing 'GUID: 3411e19edd44cfd46b548b058c3bc36c - Path: Packages/com.unity.test-framework/UnityEditor.TestRunner/TestBuildAssemblyFilter.cs - Importer: ScriptedImporter/UnityEditor.QuickSearchModule:UnityEditor.Search:ASIAI0B' with importer (ScriptedImporter : UnityEditor.QuickSearchModule:UnityEditor.Search:ASIAI0B)
Imported 'GUID: 3411e19edd44cfd46b548b058c3bc36c' -> (Import Result ID: 'ebfda92e05799ad8bf07bd3b397075f1') in 0.001 seconds [static and dynamic dependencies]. Details - ImportResultOutputID=da5d3d52b2028164c07895b2fbfef079 DependenciesID=9e4f0933600dadca16d3459ed6251461 StaticDependenciesID=cf82edfe7af0476dab5dd8c5f68efad3 
Number of updated asset objects reloaded before import = 0
Number of asset objects unloaded after import = 0
========================================================================
Received Import Request.
  Time of request: 2026-10-01T19:11:24.497791Z
  Time since last request: 0.000196292 seconds.
  importAddress: GUID: 939b89fc6b924ea2e821fc1be1b09f56 - Path: Packages/com.unity.modules.tetgen/package.json - Importer: ScriptedImporter/UnityEditor.QuickSearchModule:UnityEditor.Search:ASIAI0B
Importing 'GUID: 939b89fc6b924ea2e821fc1be1b09f56 - Path: Packages/com.unity.modules.tetgen/package.json - Importer: ScriptedImporter/UnityEditor.QuickSearchModule:UnityEditor.Search:ASIAI0B' with importer (ScriptedImporter : UnityEditor.QuickSearchModule:UnityEditor.Search:ASIAI0B)
Imported 'GUID: 939b89fc6b924ea2e821fc1be1b09f56' -> (Import Result ID: 'be1691232810526f0b917e2172ec9e86') in 0.001 seconds [static and dynamic dependencies]. Details - ImportResultOutputID=c5f3c371d2868f0430e201af3a1cc6d8 DependenciesID=30d4d25af478c9d20285545060556c6a StaticDependenciesID=7007fa64d1d069918c036b7f81127067 
Number of updated asset objects reloaded before import = 0
Number of asset objects unloaded after import = 1
========================================================================
Received Import Request.
  Time of request: 2026-10-01T19:11:24.498851Z
  Time since last request: 0.00019175 seconds.
  importAddress: GUID: 5c1ee4056d0ac7ad3c5a16597fcaa38a - Path: Packages/com.unity.modules.physics/package.ModuleCompilationTrigger - Importer: ScriptedImporter/UnityEditor.QuickSearchModule:UnityEditor.Search:ASIAI0B
Importing 'GUID: 5c1ee4056d0ac7ad3c5a16597fcaa38a - Path: Packages/com.unity.modules.physics/package.ModuleCompilationTrigger - Importer: ScriptedImporter/UnityEditor.QuickSearchModule:UnityEditor.Search:ASIAI0B' with importer (ScriptedImporter : UnityEditor.QuickSearchModule:UnityEditor.Search:ASIAI0B)
Imported 'GUID: 5c1ee4056d0ac7ad3c5a16597fcaa38a' -> (Import Result ID: '39cb07853348ef74183c25355c7dc20a') in 0.001 seconds [static and dynamic dependencies]. Details - ImportResultOutputID=131970e7b063f5153b854103db1c0207 DependenciesID=45d32f13e7d64a5170e777eed0d8ca6a StaticDependenciesID=448674914c29a07701603b1e03d1cf43 
Number of updated asset objects reloaded before import = 0
Number of asset objects unloaded after import = 1
========================================================================
Received Import Request.
  Time of request: 2026-10-01T19:11:24.499789Z
  Time since last request: 0.000197666 seconds.
  importAddress: GUID: a667f6654ad7a9548b8c8e68b51c8895 - Path: Packages/com.unity.test-framework/UnityEditor.TestRunner/RequireApiProfileAttribute.cs - Importer: ScriptedImporter/UnityEditor.QuickSearchModule:UnityEditor.Search:ASIAI0B
Importing 'GUID: a667f6654ad7a9548b8c8e68b51c8895 - Path: Packages/com.unity.test-framework/UnityEditor.TestRunner/RequireApiProfileAttribute.cs - Importer: ScriptedImporter/UnityEditor.QuickSearchModule:UnityEditor.Search:ASIAI0B' with importer (ScriptedImporter : UnityEditor.QuickSearchModule:UnityEditor.Search:ASIAI0B)
Imported 'GUID: a667f6654ad7a9548b8c8e68b51c8895' -> (Import Result ID: 'a8fa250e66cc4c0a65bcd75ed940d1e5') in 0.001 seconds [static and dynamic dependencies]. Details - ImportResultOutputID=413c2e150fb8388e9d79d79f47b17f70 DependenciesID=5aca19d0a2f07ff33d63ddb9dd618187 StaticDependenciesID=4321af9e0c3cc46fd62272907c0a4ed4 
Number of updated asset objects reloaded before import = 0
Number of asset objects unloaded after import = 0
========================================================================
Received Import Request.
  Time of request: 2026-10-01T19:11:24.500939Z
  Time since last request: 0.000248291 seconds.
  importAddress: GUID: 0719f1a8b2a284e1182b352e6c8c3c60 - Path: Packages/com.unity.ide.visualstudio/Editor/Testing/TestStatusAdaptor.cs - Importer: ScriptedImporter/UnityEditor.QuickSearchModule:UnityEditor.Search:ASIAI0B
Importing 'GUID: 0719f1a8b2a284e1182b352e6c8c3c60 - Path: Packages/com.unity.ide.visualstudio/Editor/Testing/TestStatusAdaptor.cs - Importer: ScriptedImporter/UnityEditor.QuickSearchModule:UnityEditor.Search:ASIAI0B' with importer (ScriptedImporter : UnityEditor.QuickSearchModule:UnityEditor.Search:ASIAI0B)
Imported 'GUID: 0719f1a8b2a284e1182b352e6c8c3c60' -> (Import Result ID: '1788046441fc0af9c70755bf5c5a0b8e') in 0.001 seconds [static and dynamic dependencies]. Details - ImportResultOutputID=28c362f0b28585de0655f5449e64fcae DependenciesID=ff29f697d70cc63c1e384ad696ed512f StaticDependenciesID=c9375f1aa15c0483c25fcfca3566f184 
Number of updated asset objects reloaded before import = 0
Number of asset objects unloaded after import = 0
========================================================================
Received Import Request.
  Time of request: 2026-10-01T19:11:24.501926Z
  Time since last request: 0.000188833 seconds.
  importAddress: GUID: db8e609a39b9b231fccc54e5fa4cbd1b - Path: Packages/com.unity.modules.animation/package.ModuleCompilationTrigger - Importer: ScriptedImporter/UnityEditor.QuickSearchModule:UnityEditor.Search:ASIAI0B
Importing 'GUID: db8e609a39b9b231fccc54e5fa4cbd1b - Path: Packages/com.unity.modules.animation/package.ModuleCompilationTrigger - Importer: ScriptedImporter/UnityEditor.QuickSearchModule:UnityEditor.Search:ASIAI0B' with importer (ScriptedImporter : UnityEditor.QuickSearchModule:UnityEditor.Search:ASIAI0B)
Imported 'GUID: db8e609a39b9b231fccc54e5fa4cbd1b' -> (Import Result ID: '7ba3c86785b25aecd08b38821a99de31') in 0.001 seconds [static and dynamic dependencies]. Details - ImportResultOutputID=2ddc270ac0bc7d2a05d2bc97f5b144e1 DependenciesID=fbec1314db178eee92a4d18bfcda2fb6 StaticDependenciesID=164ae76ee61e50df3ef6225057ab565d 
Number of updated asset objects reloaded before import = 0
Number of asset objects unloaded after import = 1
========================================================================
Received Import Request.
  Time of request: 2026-10-01T19:11:24.502816Z
  Time since last request: 0.000188 seconds.
  importAddress: GUID: 27619889b8ba8c24980f49ee34dbb44a - Path: Packages/com.unity.test-framework/UnityEngine.TestRunner/UnityEngine.TestRunner.asmdef - Importer: ScriptedImporter/UnityEditor.QuickSearchModule:UnityEditor.Search:ASIAI0B
Importing 'GUID: 27619889b8ba8c24980f49ee34dbb44a - Path: Packages/com.unity.test-framework/UnityEngine.TestRunner/UnityEngine.TestRunner.asmdef - Importer: ScriptedImporter/UnityEditor.QuickSearchModule:UnityEditor.Search:ASIAI0B' with importer (ScriptedImporter : UnityEditor.QuickSearchModule:UnityEditor.Search:ASIAI0B)
Imported 'GUID: 27619889b8ba8c24980f49ee34dbb44a' -> (Import Result ID: '10b07ade761a51ab36506bbcd2fefff9') in 0.001 seconds [static and dynamic dependencies]. Details - ImportResultOutputID=157ea8144c1a0a775a0e3363d6ddff19 DependenciesID=f354a8215debfd361f3ddaf8addabc81 StaticDependenciesID=ccd99dc38342c0f40ed2b24b9afa5e85 
Number of updated asset objects reloaded before import = 0
Number of asset objects unloaded after import = 1
========================================================================
Received Import Request.
  Time of request: 2026-10-01T19:11:24.504039Z
  Time since last request: 0.000173292 seconds.
  importAddress: GUID: 80beef77cb19e713c7c2d481b65ed485 - Path: Packages/com.unity.modules.screencapture/package.json - Importer: ScriptedImporter/UnityEditor.QuickSearchModule:UnityEditor.Search:ASIAI0B
Importing 'GUID: 80beef77cb19e713c7c2d481b65ed485 - Path: Packages/com.unity.modules.screencapture/package.json - Importer: ScriptedImporter/UnityEditor.QuickSearchModule:UnityEditor.Search:ASIAI0B' with importer (ScriptedImporter : UnityEditor.QuickSearchModule:UnityEditor.Search:ASIAI0B)
Imported 'GUID: 80beef77cb19e713c7c2d481b65ed485' -> (Import Result ID: '51592c4e6abe4994bb61ecca4fff7d02') in 0.001 seconds [static and dynamic dependencies]. Details - ImportResultOutputID=c59dcfe14b33a06010aed79385b9b716 DependenciesID=15341844e22729cafdd6404e8c6fad58 StaticDependenciesID=29730930ca5cbb702b11e688e777889f 
Number of updated asset objects reloaded before import = 0
Number of asset objects unloaded after import = 1
========================================================================
Received Import Request.
  Time of request: 2026-10-01T19:11:24.505173Z
  Time since last request: 0.000257125 seconds.
  importAddress: GUID: 85dd7af03f02aea4aae13a3945e3b313 - Path: Packages/com.unity.test-framework/UnityEditor.TestRunner/Api/ITestAdaptor.cs - Importer: ScriptedImporter/UnityEditor.QuickSearchModule:UnityEditor.Search:ASIAI0B
Importing 'GUID: 85dd7af03f02aea4aae13a3945e3b313 - Path: Packages/com.unity.test-framework/UnityEditor.TestRunner/Api/ITestAdaptor.cs - Importer: ScriptedImporter/UnityEditor.QuickSearchModule:UnityEditor.Search:ASIAI0B' with importer (ScriptedImporter : UnityEditor.QuickSearchModule:UnityEditor.Search:ASIAI0B)
Imported 'GUID: 85dd7af03f02aea4aae13a3945e3b313' -> (Import Result ID: '837343c1185e9b4b24fb641dbcf108cc') in 0.001 seconds [static and dynamic dependencies]. Details - ImportResultOutputID=22c08351a81e748cbbfcc7ee1c0c4925 DependenciesID=999cdc94ef8182cf1f5d8afd61834f34 StaticDependenciesID=a790553942cfd83355e4d88b8654f8cb 
Number of updated asset objects reloaded before import = 0
Number of asset objects unloaded after import = 0
========================================================================
Received Import Request.
  Time of request: 2026-10-01T19:11:24.506117Z
  Time since last request: 0.0001905 seconds.
  importAddress: GUID: 1a4266815e998967becf686f9c71f0a6 - Path: Packages/com.unity.modules.physics/package.json - Importer: ScriptedImporter/UnityEditor.QuickSearchModule:UnityEditor.Search:ASIAI0B
Importing 'GUID: 1a4266815e998967becf686f9c71f0a6 - Path: Packages/com.unity.modules.physics/package.json - Importer: ScriptedImporter/UnityEditor.QuickSearchModule:UnityEditor.Search:ASIAI0B' with importer (ScriptedImporter : UnityEditor.QuickSearchModule:UnityEditor.Search:ASIAI0B)
Imported 'GUID: 1a4266815e998967becf686f9c71f0a6' -> (Import Result ID: 'faeb961236a3fd460a3d2186d3d8236c') in 0.001 seconds [static and dynamic dependencies]. Details - ImportResultOutputID=0f8d5fae2f71489aa6560f22c476b45e DependenciesID=bb4ddcc359b3bfff7e18790b874cf6ef StaticDependenciesID=f5180b88593d7a824a18d98d58cef16c 
Number of updated asset objects reloaded before import = 0
Number of asset objects unloaded after import = 1
========================================================================
Received Import Request.
  Time of request: 2026-10-01T19:11:24.507335Z
  Time since last request: 0.00020675 seconds.
  importAddress: GUID: ec02776fe29df900b897106d61977735 - Path: Packages/com.unity.modules.director/package.json - Importer: ScriptedImporter/UnityEditor.QuickSearchModule:UnityEditor.Search:ASIAI0B
Importing 'GUID: ec02776fe29df900b897106d61977735 - Path: Packages/com.unity.modules.director/package.json - Importer: ScriptedImporter/UnityEditor.QuickSearchModule:UnityEditor.Search:ASIAI0B' with importer (ScriptedImporter : UnityEditor.QuickSearchModule:UnityEditor.Search:ASIAI0B)
Imported 'GUID: ec02776fe29df900b897106d61977735' -> (Import Result ID: 'd336e346f5e71b9dcba670993cbfbe46') in 0.001 seconds [static and dynamic dependencies]. Details - ImportResultOutputID=fcbd6b928c85b2679fa7649cca5d3b25 DependenciesID=087b339f58e29987c58ee511e91bb1aa StaticDependenciesID=e8e67c11c122e2e45a305acfd9fb232e 
Number of updated asset objects reloaded before import = 0
Number of asset objects unloaded after import = 1
========================================================================
Received Import Request.
  Time of request: 2026-10-01T19:11:24.508492Z
  Time since last request: 0.000197167 seconds.
  importAddress: GUID: 71e7167b55a3448b38774a3bb6e05bac - Path: Packages/com.unity.modules.timelinefoundation/package.ModuleCompilationTrigger - Importer: ScriptedImporter/UnityEditor.QuickSearchModule:UnityEditor.Search:ASIAI0B
Importing 'GUID: 71e7167b55a3448b38774a3bb6e05bac - Path: Packages/com.unity.modules.timelinefoundation/package.ModuleCompilationTrigger - Importer: ScriptedImporter/UnityEditor.QuickSearchModule:UnityEditor.Search:ASIAI0B' with importer (ScriptedImporter : UnityEditor.QuickSearchModule:UnityEditor.Search:ASIAI0B)
Imported 'GUID: 71e7167b55a3448b38774a3bb6e05bac' -> (Import Result ID: 'f2c5a54d6a95b2832538f866f17d9df2') in 0.001 seconds [static and dynamic dependencies]. Details - ImportResultOutputID=00990e68ad4ee8c2f8cd927c50d066d8 DependenciesID=cc7bd7642dd3aa2895f9b9b6dece9f7a StaticDependenciesID=ac296b807c530984c5b5b5a042e9c4ba 
Number of updated asset objects reloaded before import = 0
Number of asset objects unloaded after import = 1
========================================================================
Received Import Request.
  Time of request: 2026-10-01T19:11:24.509485Z
  Time since last request: 0.000183 seconds.
  importAddress: GUID: c82e859b16636ddd2ca4a1f63fd34938 - Path: Packages/com.unity.modules.androidjni/package.ModuleCompilationTrigger - Importer: ScriptedImporter/UnityEditor.QuickSearchModule:UnityEditor.Search:ASIAI0B
Importing 'GUID: c82e859b16636ddd2ca4a1f63fd34938 - Path: Packages/com.unity.modules.androidjni/package.ModuleCompilationTrigger - Importer: ScriptedImporter/UnityEditor.QuickSearchModule:UnityEditor.Search:ASIAI0B' with importer (ScriptedImporter : UnityEditor.QuickSearchModule:UnityEditor.Search:ASIAI0B)
Imported 'GUID: c82e859b16636ddd2ca4a1f63fd34938' -> (Import Result ID: '2cc9af4c9d053ede3878d56ba7b644d0') in 0.001 seconds [static and dynamic dependencies]. Details - ImportResultOutputID=941bc679e48e0fc435ba38519a4c5430 DependenciesID=75f96f0bf6f2364abf53309dd7445c09 StaticDependenciesID=8adfee647e63ae38f536ec72dd105921 
Number of updated asset objects reloaded before import = 0
Number of asset objects unloaded after import = 1
========================================================================
Received Import Request.
  Time of request: 2026-10-01T19:11:24.510382Z
  Time since last request: 0.000207792 seconds.
  importAddress: GUID: 559482fe33c79e44882d3a6cedc55fb5 - Path: Packages/com.unity.test-framework/UnityEditor.TestRunner/TestResultSerializer.cs - Importer: ScriptedImporter/UnityEditor.QuickSearchModule:UnityEditor.Search:ASIAI0B
Importing 'GUID: 559482fe33c79e44882d3a6cedc55fb5 - Path: Packages/com.unity.test-framework/UnityEditor.TestRunner/TestResultSerializer.cs - Importer: ScriptedImporter/UnityEditor.QuickSearchModule:UnityEditor.Search:ASIAI0B' with importer (ScriptedImporter : UnityEditor.QuickSearchModule:UnityEditor.Search:ASIAI0B)
Imported 'GUID: 559482fe33c79e44882d3a6cedc55fb5' -> (Import Result ID: 'abeeb80759cd4619f3108466b732f9ee') in 0.002 seconds [static and dynamic dependencies]. Details - ImportResultOutputID=390e8b2871bb648d44e6495f0ca42660 DependenciesID=25bec215fbaf59240eac4519bbdd27a8 StaticDependenciesID=d01df6ab428f1eefb62515b659ba98ba 
Number of updated asset objects reloaded before import = 0
Number of asset objects unloaded after import = 0
========================================================================
Received Import Request.
  Time of request: 2026-10-01T19:11:24.51225Z
  Time since last request: 0.000262125 seconds.
  importAddress: GUID: 4c413a81cadcce7038e446e56570117e - Path: Packages/com.unity.modules.adaptiveperformance/package.json - Importer: ScriptedImporter/UnityEditor.QuickSearchModule:UnityEditor.Search:ASIAI0B
Importing 'GUID: 4c413a81cadcce7038e446e56570117e - Path: Packages/com.unity.modules.adaptiveperformance/package.json - Importer: ScriptedImporter/UnityEditor.QuickSearchModule:UnityEditor.Search:ASIAI0B' with importer (ScriptedImporter : UnityEditor.QuickSearchModule:UnityEditor.Search:ASIAI0B)
Imported 'GUID: 4c413a81cadcce7038e446e56570117e' -> (Import Result ID: '8206581753197250416ad9a2a32fae8b') in 0.001 seconds [static and dynamic dependencies]. Details - ImportResultOutputID=d227deb25cfaa0eb94e76f3945301a04 DependenciesID=e7ccb754fa9dff6f2f24a1bda40d9be1 StaticDependenciesID=72ff0cde048804b4959f83878253acc6 
Number of updated asset objects reloaded before import = 0
Number of asset objects unloaded after import = 1
========================================================================
Received Import Request.
  Time of request: 2026-10-01T19:11:24.513515Z
  Time since last request: 0.000203333 seconds.
  importAddress: GUID: eea34a28297f9bc4c9f4c573bc8d5d1c - Path: Packages/com.unity.test-framework/UnityEditor.TestRunner/Api/ExecutionSettings.cs - Importer: ScriptedImporter/UnityEditor.QuickSearchModule:UnityEditor.Search:ASIAI0B
Importing 'GUID: eea34a28297f9bc4c9f4c573bc8d5d1c - Path: Packages/com.unity.test-framework/UnityEditor.TestRunner/Api/ExecutionSettings.cs - Importer: ScriptedImporter/UnityEditor.QuickSearchModule:UnityEditor.Search:ASIAI0B' with importer (ScriptedImporter : UnityEditor.QuickSearchModule:UnityEditor.Search:ASIAI0B)
Imported 'GUID: eea34a28297f9bc4c9f4c573bc8d5d1c' -> (Import Result ID: 'f54effcfc03d39db66182da5c62c1009') in 0.001 seconds [static and dynamic dependencies]. Details - ImportResultOutputID=f67410e4b48e9993ba7d772ff69a9d30 DependenciesID=d5304096857af5d322e9055d0862ae38 StaticDependenciesID=3c37d586308b37459de4fb7e9cf32eed 
Number of updated asset objects reloaded before import = 0
Number of asset objects unloaded after import = 0
========================================================================
Received Import Request.
  Time of request: 2026-10-01T19:11:24.514602Z
  Time since last request: 0.000206583 seconds.
  importAddress: GUID: bd1af0a6633ee94ae21c7d1d702cdc12 - Path: Packages/com.unity.modules.androidjni/package.json - Importer: ScriptedImporter/UnityEditor.QuickSearchModule:UnityEditor.Search:ASIAI0B
Importing 'GUID: bd1af0a6633ee94ae21c7d1d702cdc12 - Path: Packages/com.unity.modules.androidjni/package.json - Importer: ScriptedImporter/UnityEditor.QuickSearchModule:UnityEditor.Search:ASIAI0B' with importer (ScriptedImporter : UnityEditor.QuickSearchModule:UnityEditor.Search:ASIAI0B)
Imported 'GUID: bd1af0a6633ee94ae21c7d1d702cdc12' -> (Import Result ID: 'acdcea5f657668486636dded4cddf70c') in 0.001 seconds [static and dynamic dependencies]. Details - ImportResultOutputID=eebe80537dc794ccb69a0ca63a35aeb4 DependenciesID=d3a6da0de85845015bb6eddce3e1a4cb StaticDependenciesID=2b7365f6ccd1d34dfbfe919a7bc5a426 
Number of updated asset objects reloaded before import = 0
Number of asset objects unloaded after import = 1
========================================================================
Received Import Request.
  Time of request: 2026-10-01T19:11:24.51567Z
  Time since last request: 0.000310084 seconds.
  importAddress: GUID: 2479a4656ed89570ebd1de1fdda3dae5 - Path: Packages/com.unity.modules.timelinefoundation/package.json - Importer: ScriptedImporter/UnityEditor.QuickSearchModule:UnityEditor.Search:ASIAI0B
Importing 'GUID: 2479a4656ed89570ebd1de1fdda3dae5 - Path: Packages/com.unity.modules.timelinefoundation/package.json - Importer: ScriptedImporter/UnityEditor.QuickSearchModule:UnityEditor.Search:ASIAI0B' with importer (ScriptedImporter : UnityEditor.QuickSearchModule:UnityEditor.Search:ASIAI0B)
Imported 'GUID: 2479a4656ed89570ebd1de1fdda3dae5' -> (Import Result ID: 'cf8707fb52c01f2b960fbc152109fafa') in 0.001 seconds [static and dynamic dependencies]. Details - ImportResultOutputID=7f056a288321bc62b5ff1c5fe5a57914 DependenciesID=5241da243ecf6061e30c5096199bb4b2 StaticDependenciesID=254581d34c12850a18277ec86f9caec8 
Number of updated asset objects reloaded before import = 0
Number of asset objects unloaded after import = 1
========================================================================
Received Import Request.
  Time of request: 2026-10-01T19:11:24.51668Z
  Time since last request: 0.000174042 seconds.
  importAddress: GUID: 93eea84e53d0226479c9a584f19427b5 - Path: Packages/com.unity.test-framework/UnityEditor.TestRunner/Api/ICallbacks.cs - Importer: ScriptedImporter/UnityEditor.QuickSearchModule:UnityEditor.Search:ASIAI0B
Importing 'GUID: 93eea84e53d0226479c9a584f19427b5 - Path: Packages/com.unity.test-framework/UnityEditor.TestRunner/Api/ICallbacks.cs - Importer: ScriptedImporter/UnityEditor.QuickSearchModule:UnityEditor.Search:ASIAI0B' with importer (ScriptedImporter : UnityEditor.QuickSearchModule:UnityEditor.Search:ASIAI0B)
Imported 'GUID: 93eea84e53d0226479c9a584f19427b5' -> (Import Result ID: '167afcd2aa2dbc11528f9004073ae593') in 0.001 seconds [static and dynamic dependencies]. Details - ImportResultOutputID=4d17a526fa3882b0a265c69de40eb806 DependenciesID=31bed734f11ae4405bc21ec9e9072848 StaticDependenciesID=108209b9a89649ac93614e7082c76bff 
Number of updated asset objects reloaded before import = 0
Number of asset objects unloaded after import = 0
========================================================================
Received Import Request.
  Time of request: 2026-10-01T19:11:24.517576Z
  Time since last request: 0.000176834 seconds.
  importAddress: GUID: 4dfcd3a631f61d248b7cc0b845d40345 - Path: Packages/com.unity.test-framework/UnityEditor.TestRunner/TestRunnerWindow.cs - Importer: ScriptedImporter/UnityEditor.QuickSearchModule:UnityEditor.Search:ASIAI0B
Importing 'GUID: 4dfcd3a631f61d248b7cc0b845d40345 - Path: Packages/com.unity.test-framework/UnityEditor.TestRunner/TestRunnerWindow.cs - Importer: ScriptedImporter/UnityEditor.QuickSearchModule:UnityEditor.Search:ASIAI0B' with importer (ScriptedImporter : UnityEditor.QuickSearchModule:UnityEditor.Search:ASIAI0B)
Imported 'GUID: 4dfcd3a631f61d248b7cc0b845d40345' -> (Import Result ID: '036a71c59c95ad225428d38afa42d375') in 0.001 seconds [static and dynamic dependencies]. Details - ImportResultOutputID=6c68a56fc3bdd2a56a5bc2bdcb552951 DependenciesID=a393ae2478442a89bd8688d4e2374530 StaticDependenciesID=2594b22c13b40af0a7654561c11efc0f 
Number of updated asset objects reloaded before import = 0
Number of asset objects unloaded after import = 0
========================================================================
Received Import Request.
  Time of request: 2026-10-01T19:11:24.51849Z
  Time since last request: 0.000184583 seconds.
  importAddress: GUID: 1a06c562b0c5eb046bcb876a29f93c98 - Path: Packages/com.unity.test-framework/UnityEditor.TestRunner/Api/IErrorCallbacks.cs - Importer: ScriptedImporter/UnityEditor.QuickSearchModule:UnityEditor.Search:ASIAI0B
Importing 'GUID: 1a06c562b0c5eb046bcb876a29f93c98 - Path: Packages/com.unity.test-framework/UnityEditor.TestRunner/Api/IErrorCallbacks.cs - Importer: ScriptedImporter/UnityEditor.QuickSearchModule:UnityEditor.Search:ASIAI0B' with importer (ScriptedImporter : UnityEditor.QuickSearchModule:UnityEditor.Search:ASIAI0B)
Imported 'GUID: 1a06c562b0c5eb046bcb876a29f93c98' -> (Import Result ID: '7cee2332a5631ceb35872436d0171d51') in 0.001 seconds [static and dynamic dependencies]. Details - ImportResultOutputID=19e0d3ea83d37e26e74cd0478bb6fa4c DependenciesID=f29a8ce90cd2f71eadd3b32249284156 StaticDependenciesID=c9640bb1f27abde5c2ed8f51d9718fa2 
Number of updated asset objects reloaded before import = 0
Number of asset objects unloaded after import = 0
========================================================================
Received Import Request.
  Time of request: 2026-10-01T19:11:24.519302Z
  Time since last request: 0.000172459 seconds.
  importAddress: GUID: 7ef8348b8ea834d7e1bc214b07f7fb87 - Path: Packages/com.unity.modules.animation/package.json - Importer: ScriptedImporter/UnityEditor.QuickSearchModule:UnityEditor.Search:ASIAI0B
Importing 'GUID: 7ef8348b8ea834d7e1bc214b07f7fb87 - Path: Packages/com.unity.modules.animation/package.json - Importer: ScriptedImporter/UnityEditor.QuickSearchModule:UnityEditor.Search:ASIAI0B' with importer (ScriptedImporter : UnityEditor.QuickSearchModule:UnityEditor.Search:ASIAI0B)
Imported 'GUID: 7ef8348b8ea834d7e1bc214b07f7fb87' -> (Import Result ID: '3ea67abd6de431daac8564b7fba61e30') in 0.001 seconds [static and dynamic dependencies]. Details - ImportResultOutputID=979b20c5e22525751072eeb405650bc4 DependenciesID=fd9f41d2783f8b4cb4480641fa68a88a StaticDependenciesID=79c0b55748e4b45338ee1e1fecffecf5 
Number of updated asset objects reloaded before import = 0
Number of asset objects unloaded after import = 1
========================================================================
Received Import Request.
  Time of request: 2026-10-01T19:11:24.520084Z
  Time since last request: 0.000152291 seconds.
  importAddress: GUID: 082fbee38a82835433261a5e9c00e267 - Path: Packages/com.unity.modules.cloth/package.ModuleCompilationTrigger - Importer: ScriptedImporter/UnityEditor.QuickSearchModule:UnityEditor.Search:ASIAI0B
Importing 'GUID: 082fbee38a82835433261a5e9c00e267 - Path: Packages/com.unity.modules.cloth/package.ModuleCompilationTrigger - Importer: ScriptedImporter/UnityEditor.QuickSearchModule:UnityEditor.Search:ASIAI0B' with importer (ScriptedImporter : UnityEditor.QuickSearchModule:UnityEditor.Search:ASIAI0B)
Imported 'GUID: 082fbee38a82835433261a5e9c00e267' -> (Import Result ID: '5f06226b29da3525fd013d1f7f22150a') in 0.001 seconds [static and dynamic dependencies]. Details - ImportResultOutputID=fac2d77ff39620a29dbaf223bb6ab29a DependenciesID=a6dc691356ea2f35ff92131506ad6ca7 StaticDependenciesID=4c7d4c692496043406c9319c95135a54 
Number of updated asset objects reloaded before import = 0
Number of asset objects unloaded after import = 1
========================================================================
Received Import Request.
  Time of request: 2026-10-01T19:11:24.521015Z
  Time since last request: 0.000207541 seconds.
  importAddress: GUID: b5930dbc378b45d406aeb881f06b6dfa - Path: Packages/com.unity.modules.physicscore2d/package.json - Importer: ScriptedImporter/UnityEditor.QuickSearchModule:UnityEditor.Search:ASIAI0B
Importing 'GUID: b5930dbc378b45d406aeb881f06b6dfa - Path: Packages/com.unity.modules.physicscore2d/package.json - Importer: ScriptedImporter/UnityEditor.QuickSearchModule:UnityEditor.Search:ASIAI0B' with importer (ScriptedImporter : UnityEditor.QuickSearchModule:UnityEditor.Search:ASIAI0B)
Imported 'GUID: b5930dbc378b45d406aeb881f06b6dfa' -> (Import Result ID: '349acd3dfb89874b856fc6f7268e590b') in 0.001 seconds [static and dynamic dependencies]. Details - ImportResultOutputID=d6591e83c82bd6947bf07b6e7e81ab7d DependenciesID=51ec5fb0d3d03391e9ac4a353385a251 StaticDependenciesID=c7200ec9216a7205d52eab361aa7e5f2 
Number of updated asset objects reloaded before import = 0
Number of asset objects unloaded after import = 1
========================================================================
Received Import Request.
  Time of request: 2026-10-01T19:11:24.521918Z
  Time since last request: 0.000222 seconds.
  importAddress: GUID: 51fa60bb2bd1e5bc74e8cc95a7bfd5b7 - Path: Packages/com.unity.modules.ui/package.ModuleCompilationTrigger - Importer: ScriptedImporter/UnityEditor.QuickSearchModule:UnityEditor.Search:ASIAI0B
Importing 'GUID: 51fa60bb2bd1e5bc74e8cc95a7bfd5b7 - Path: Packages/com.unity.modules.ui/package.ModuleCompilationTrigger - Importer: ScriptedImporter/UnityEditor.QuickSearchModule:UnityEditor.Search:ASIAI0B' with importer (ScriptedImporter : UnityEditor.QuickSearchModule:UnityEditor.Search:ASIAI0B)
Imported 'GUID: 51fa60bb2bd1e5bc74e8cc95a7bfd5b7' -> (Import Result ID: 'b0e689f1cb09495b14766471b4afc833') in 0.001 seconds [static and dynamic dependencies]. Details - ImportResultOutputID=b9de284ef3762fab17c5eb6efccadd90 DependenciesID=3208cff6e7212a02f93689a05f0032bb StaticDependenciesID=fac88275647d29816a537a3eeae61075 
Number of updated asset objects reloaded before import = 0
Number of asset objects unloaded after import = 1
========================================================================
Received Import Request.
  Time of request: 2026-10-01T19:11:24.52272Z
  Time since last request: 0.00017875 seconds.
  importAddress: GUID: d742f2caefd9f934d9f19dad07a08e6f - Path: Packages/com.unity.test-framework/UnityEditor.TestRunner/Api/ICallbacksHolder.cs - Importer: ScriptedImporter/UnityEditor.QuickSearchModule:UnityEditor.Search:ASIAI0B
Importing 'GUID: d742f2caefd9f934d9f19dad07a08e6f - Path: Packages/com.unity.test-framework/UnityEditor.TestRunner/Api/ICallbacksHolder.cs - Importer: ScriptedImporter/UnityEditor.QuickSearchModule:UnityEditor.Search:ASIAI0B' with importer (ScriptedImporter : UnityEditor.QuickSearchModule:UnityEditor.Search:ASIAI0B)
Imported 'GUID: d742f2caefd9f934d9f19dad07a08e6f' -> (Import Result ID: '4f98996ad34dc1786dd9d791cc70d7ee') in 0.001 seconds [static and dynamic dependencies]. Details - ImportResultOutputID=8c831c0aa5da7c86a84d865ae3755d7d DependenciesID=c7f980f1620c0393757284d2cbec1ad3 StaticDependenciesID=9a951b2fd36e9b4538e813a18644680c 
Number of updated asset objects reloaded before import = 0
Number of asset objects unloaded after import = 0
========================================================================
Received Import Request.
  Time of request: 2026-10-01T19:11:24.523555Z
  Time since last request: 0.000186416 seconds.
  importAddress: GUID: 4f90cfe4bf5cfb44f84a5b11387f2a42 - Path: Packages/com.unity.test-framework/UnityEditor.TestRunner/Api/ITestResultAdaptor.cs - Importer: ScriptedImporter/UnityEditor.QuickSearchModule:UnityEditor.Search:ASIAI0B
Importing 'GUID: 4f90cfe4bf5cfb44f84a5b11387f2a42 - Path: Packages/com.unity.test-framework/UnityEditor.TestRunner/Api/ITestResultAdaptor.cs - Importer: ScriptedImporter/UnityEditor.QuickSearchModule:UnityEditor.Search:ASIAI0B' with importer (ScriptedImporter : UnityEditor.QuickSearchModule:UnityEditor.Search:ASIAI0B)
Imported 'GUID: 4f90cfe4bf5cfb44f84a5b11387f2a42' -> (Import Result ID: '37ffa9a5b39914b7be4fbd21c8ca881c') in 0.001 seconds [static and dynamic dependencies]. Details - ImportResultOutputID=db73cff0e7d54268b279966c5b45fa0d DependenciesID=9d30fc8a2bf5f561ac6d55c68dc18c88 StaticDependenciesID=7615e1ccbcc4f4ebfa1fbb69444700eb 
Number of updated asset objects reloaded before import = 0
Number of asset objects unloaded after import = 0
========================================================================
Received Import Request.
  Time of request: 2026-10-01T19:11:24.524492Z
  Time since last request: 0.000181917 seconds.
  importAddress: GUID: cd561f5f687aed43bf280c27a84f79e3 - Path: Packages/com.unity.modules.screencapture/package.ModuleCompilationTrigger - Importer: ScriptedImporter/UnityEditor.QuickSearchModule:UnityEditor.Search:ASIAI0B
Importing 'GUID: cd561f5f687aed43bf280c27a84f79e3 - Path: Packages/com.unity.modules.screencapture/package.ModuleCompilationTrigger - Importer: ScriptedImporter/UnityEditor.QuickSearchModule:UnityEditor.Search:ASIAI0B' with importer (ScriptedImporter : UnityEditor.QuickSearchModule:UnityEditor.Search:ASIAI0B)
Imported 'GUID: cd561f5f687aed43bf280c27a84f79e3' -> (Import Result ID: 'c58b9e07997b8abfb4a92e133d30678b') in 0.001 seconds [static and dynamic dependencies]. Details - ImportResultOutputID=445ee0697f0fe915d4dc8164e206b948 DependenciesID=29f82e425b39f5f330016d02617b0c35 StaticDependenciesID=162f93a00e2a123259d0204ed40754aa 
Number of updated asset objects reloaded before import = 0
Number of asset objects unloaded after import = 1
========================================================================
Received Import Request.
  Time of request: 2026-10-01T19:11:24.525413Z
  Time since last request: 0.000185375 seconds.
  importAddress: GUID: b83f06ac0c0696e9563230865ca72b81 - Path: Packages/com.unity.modules.wind/package.json - Importer: ScriptedImporter/UnityEditor.QuickSearchModule:UnityEditor.Search:ASIAI0B
Importing 'GUID: b83f06ac0c0696e9563230865ca72b81 - Path: Packages/com.unity.modules.wind/package.json - Importer: ScriptedImporter/UnityEditor.QuickSearchModule:UnityEditor.Search:ASIAI0B' with importer (ScriptedImporter : UnityEditor.QuickSearchModule:UnityEditor.Search:ASIAI0B)
Imported 'GUID: b83f06ac0c0696e9563230865ca72b81' -> (Import Result ID: '85b3b290f49427fb48c6c37b253cf423') in 0.001 seconds [static and dynamic dependencies]. Details - ImportResultOutputID=655e262322a92a21ce04af4194e3d9af DependenciesID=86e931afbb2c5ef3eb72dddc3d1985d5 StaticDependenciesID=19eba43f9ecc8467e71697b85a0dcfca 
Number of updated asset objects reloaded before import = 0
Number of asset objects unloaded after import = 1
========================================================================
Received Import Request.
  Time of request: 2026-10-01T19:11:24.526444Z
  Time since last request: 0.000203959 seconds.
  importAddress: GUID: 4bf139fc5e9d9240edc107e25d67d398 - Path: Packages/com.unity.modules.tetgen/package.ModuleCompilationTrigger - Importer: ScriptedImporter/UnityEditor.QuickSearchModule:UnityEditor.Search:ASIAI0B
Importing 'GUID: 4bf139fc5e9d9240edc107e25d67d398 - Path: Packages/com.unity.modules.tetgen/package.ModuleCompilationTrigger - Importer: ScriptedImporter/UnityEditor.QuickSearchModule:UnityEditor.Search:ASIAI0B' with importer (ScriptedImporter : UnityEditor.QuickSearchModule:UnityEditor.Search:ASIAI0B)
Imported 'GUID: 4bf139fc5e9d9240edc107e25d67d398' -> (Import Result ID: '1a906ff4850854d63ef948de458428a8') in 0.002 seconds [static and dynamic dependencies]. Details - ImportResultOutputID=d94514d07289b905cd898bbd649d9b44 DependenciesID=902036a70a261f814bd1701ebecbe7be StaticDependenciesID=0aba2ad9dbaf71cd103f483849d12d8a 
Number of updated asset objects reloaded before import = 0
Number of asset objects unloaded after import = 1
========================================================================
Received Import Request.
  Time of request: 2026-10-01T19:11:24.528717Z
  Time since last request: 0.000319084 seconds.
  importAddress: GUID: 803abab0f7e17044db56f8760186dbd1 - Path: Packages/com.unity.test-framework/UnityEditor.TestRunner/Api/ITestAdaptorFactory.cs - Importer: ScriptedImporter/UnityEditor.QuickSearchModule:UnityEditor.Search:ASIAI0B
Importing 'GUID: 803abab0f7e17044db56f8760186dbd1 - Path: Packages/com.unity.test-framework/UnityEditor.TestRunner/Api/ITestAdaptorFactory.cs - Importer: ScriptedImporter/UnityEditor.QuickSearchModule:UnityEditor.Search:ASIAI0B' with importer (ScriptedImporter : UnityEditor.QuickSearchModule:UnityEditor.Search:ASIAI0B)
Imported 'GUID: 803abab0f7e17044db56f8760186dbd1' -> (Import Result ID: '24364e1d2af5ae8c9c6e4c0e00452387') in 0.001 seconds [static and dynamic dependencies]. Details - ImportResultOutputID=ca3198d60796ec14ed56193bf781a16e DependenciesID=a89454326f90bdb3695f97cd089edaf5 StaticDependenciesID=36f1c9b195c240d7236beaf607f6f95e 
Number of updated asset objects reloaded before import = 0
Number of asset objects unloaded after import = 0
========================================================================
Received Import Request.
  Time of request: 2026-10-01T19:11:24.530622Z
  Time since last request: 0.000867333 seconds.
  importAddress: GUID: 14e86f88e9a8c9c448d7e7df92f2aeec - Path: Packages/com.unity.modules.physicscore2d/package.ModuleCompilationTrigger - Importer: ScriptedImporter/UnityEditor.QuickSearchModule:UnityEditor.Search:ASIAI0B
Importing 'GUID: 14e86f88e9a8c9c448d7e7df92f2aeec - Path: Packages/com.unity.modules.physicscore2d/package.ModuleCompilationTrigger - Importer: ScriptedImporter/UnityEditor.QuickSearchModule:UnityEditor.Search:ASIAI0B' with importer (ScriptedImporter : UnityEditor.QuickSearchModule:UnityEditor.Search:ASIAI0B)
Imported 'GUID: 14e86f88e9a8c9c448d7e7df92f2aeec' -> (Import Result ID: '00e638f72d1958978a6248e91c5743dd') in 0.001 seconds [static and dynamic dependencies]. Details - ImportResultOutputID=428dc51692a7b2e12b7eec93573c85b5 DependenciesID=22b42ea3f339598c8428127fc34126e0 StaticDependenciesID=8d5f929f11d2909ebd5271714ae17279 
Number of updated asset objects reloaded before import = 0
Number of asset objects unloaded after import = 1
========================================================================
Received Import Request.
  Time of request: 2026-10-01T19:11:24.531928Z
  Time since last request: 0.000265042 seconds.
  importAddress: GUID: 0acc523941302664db1f4e527237feb3 - Path: Packages/com.unity.test-framework/UnityEditor.TestRunner/UnityEditor.TestRunner.asmdef - Importer: ScriptedImporter/UnityEditor.QuickSearchModule:UnityEditor.Search:ASIAI0B
Importing 'GUID: 0acc523941302664db1f4e527237feb3 - Path: Packages/com.unity.test-framework/UnityEditor.TestRunner/UnityEditor.TestRunner.asmdef - Importer: ScriptedImporter/UnityEditor.QuickSearchModule:UnityEditor.Search:ASIAI0B' with importer (ScriptedImporter : UnityEditor.QuickSearchModule:UnityEditor.Search:ASIAI0B)
Imported 'GUID: 0acc523941302664db1f4e527237feb3' -> (Import Result ID: '0c85eaacca510d55069d54e98ea18a33') in 0.001 seconds [static and dynamic dependencies]. Details - ImportResultOutputID=70a6ad7f7c00bcfcf7bede0d2e70ccca DependenciesID=9c660c152099a303ed7116dbae15f2fe StaticDependenciesID=545aa96a9060bf4040c7d384995f9c97 
Number of updated asset objects reloaded before import = 0
Number of asset objects unloaded after import = 1
========================================================================
Received Import Request.
  Time of request: 2026-10-01T19:11:24.533024Z
  Time since last request: 0.000245708 seconds.
  importAddress: GUID: c88e90bad18cceb5d182d0c805883056 - Path: Packages/com.unity.modules.director/package.ModuleCompilationTrigger - Importer: ScriptedImporter/UnityEditor.QuickSearchModule:UnityEditor.Search:ASIAI0B
Importing 'GUID: c88e90bad18cceb5d182d0c805883056 - Path: Packages/com.unity.modules.director/package.ModuleCompilationTrigger - Importer: ScriptedImporter/UnityEditor.QuickSearchModule:UnityEditor.Search:ASIAI0B' with importer (ScriptedImporter : UnityEditor.QuickSearchModule:UnityEditor.Search:ASIAI0B)
Imported 'GUID: c88e90bad18cceb5d182d0c805883056' -> (Import Result ID: '8969e18732d736a64c5c110770e7644b') in 0.001 seconds [static and dynamic dependencies]. Details - ImportResultOutputID=a1de9cbb4b8ab133b97301d242844f83 DependenciesID=7df2d76eac2725dd03aeac05c454ed57 StaticDependenciesID=31cd5055cde6816c9ffe288108ab0437 
Number of updated asset objects reloaded before import = 0
Number of asset objects unloaded after import = 1
========================================================================
Received Import Request.
  Time of request: 2026-10-01T19:11:24.534021Z
  Time since last request: 0.000302333 seconds.
  importAddress: GUID: cb67edc1800c2ec4ba8dfb1cf0dfc84a - Path: Packages/com.unity.ide.visualstudio/Editor/COMIntegration/Release/COMIntegration.exe - Importer: ScriptedImporter/UnityEditor.QuickSearchModule:UnityEditor.Search:ASIAI0B
Importing 'GUID: cb67edc1800c2ec4ba8dfb1cf0dfc84a - Path: Packages/com.unity.ide.visualstudio/Editor/COMIntegration/Release/COMIntegration.exe - Importer: ScriptedImporter/UnityEditor.QuickSearchModule:UnityEditor.Search:ASIAI0B' with importer (ScriptedImporter : UnityEditor.QuickSearchModule:UnityEditor.Search:ASIAI0B)
Imported 'GUID: cb67edc1800c2ec4ba8dfb1cf0dfc84a' -> (Import Result ID: 'a1aa9307ebffbc76591fa76503b2fb8b') in 0.001 seconds [static and dynamic dependencies]. Details - ImportResultOutputID=3d89b4a01373eff290f5e92b95f0e725 DependenciesID=d5c8c05f0dfc2e0186459e98b1381520 StaticDependenciesID=4b63f43a872cfd2b339f719435d3367e 
Number of updated asset objects reloaded before import = 0
Number of asset objects unloaded after import = 1
========================================================================
Received Import Request.
  Time of request: 2026-10-01T19:11:24.535Z
  Time since last request: 0.00031425 seconds.
  importAddress: GUID: 42fe78c8fe682715a2cb531422e6ccb3 - Path: Packages/com.unity.modules.imgui/package.json - Importer: ScriptedImporter/UnityEditor.QuickSearchModule:UnityEditor.Search:ASIAI0B
Importing 'GUID: 42fe78c8fe682715a2cb531422e6ccb3 - Path: Packages/com.unity.modules.imgui/package.json - Importer: ScriptedImporter/UnityEditor.QuickSearchModule:UnityEditor.Search:ASIAI0B' with importer (ScriptedImporter : UnityEditor.QuickSearchModule:UnityEditor.Search:ASIAI0B)
Imported 'GUID: 42fe78c8fe682715a2cb531422e6ccb3' -> (Import Result ID: '2c849d920a71f08e41150491569241e9') in 0.001 seconds [static and dynamic dependencies]. Details - ImportResultOutputID=9712129e38e14ed2112191e8671de1d3 DependenciesID=f9f01ad0fe775090022af62e9c44bbc0 StaticDependenciesID=4460fcee7a6b5ad21c9834d134a64735 
Number of updated asset objects reloaded before import = 0
Number of asset objects unloaded after import = 1
========================================================================
Received Import Request.
  Time of request: 2026-10-01T19:11:24.536357Z
  Time since last request: 0.000349334 seconds.
  importAddress: GUID: 0de03ebd74e2b474fa23d05ab42d0cd8 - Path: Packages/com.unity.test-framework/UnityEditor.TestRunner/Api/CallbacksDelegator.cs - Importer: ScriptedImporter/UnityEditor.QuickSearchModule:UnityEditor.Search:ASIAI0B
Importing 'GUID: 0de03ebd74e2b474fa23d05ab42d0cd8 - Path: Packages/com.unity.test-framework/UnityEditor.TestRunner/Api/CallbacksDelegator.cs - Importer: ScriptedImporter/UnityEditor.QuickSearchModule:UnityEditor.Search:ASIAI0B' with importer (ScriptedImporter : UnityEditor.QuickSearchModule:UnityEditor.Search:ASIAI0B)
Imported 'GUID: 0de03ebd74e2b474fa23d05ab42d0cd8' -> (Import Result ID: 'c16df2af8821b11c6a8b051a81a7a0fb') in 0.001 seconds [static and dynamic dependencies]. Details - ImportResultOutputID=5c82c576c1ad246981004dfb99e06ac7 DependenciesID=f6a1c82e616231b31ef8427143fa63ab StaticDependenciesID=6956a6c37efa0ac0f4af8f0121757ab2 
Number of updated asset objects reloaded before import = 0
Number of asset objects unloaded after import = 0
========================================================================
Received Import Request.
  Time of request: 2026-10-01T19:11:24.53741Z
  Time since last request: 0.000276792 seconds.
  importAddress: GUID: 8f8f74fe8e363da42875d9cab025d3b2 - Path: Packages/com.unity.test-framework/UnityEditor.TestRunner/Api/ICallbacksDelegator.cs - Importer: ScriptedImporter/UnityEditor.QuickSearchModule:UnityEditor.Search:ASIAI0B
Importing 'GUID: 8f8f74fe8e363da42875d9cab025d3b2 - Path: Packages/com.unity.test-framework/UnityEditor.TestRunner/Api/ICallbacksDelegator.cs - Importer: ScriptedImporter/UnityEditor.QuickSearchModule:UnityEditor.Search:ASIAI0B' with importer (ScriptedImporter : UnityEditor.QuickSearchModule:UnityEditor.Search:ASIAI0B)
Imported 'GUID: 8f8f74fe8e363da42875d9cab025d3b2' -> (Import Result ID: 'b490915498d5c832e65ee4608d237917') in 0.001 seconds [static and dynamic dependencies]. Details - ImportResultOutputID=0885e9244d758b5a429acd04f6426adf DependenciesID=2fed192f48a5b27096863a635abe045e StaticDependenciesID=7954d5009055c5c5564f56de736ff009 
Number of updated asset objects reloaded before import = 0
Number of asset objects unloaded after import = 0
========================================================================
Received Import Request.
  Time of request: 2026-10-01T19:11:24.538458Z
  Time since last request: 0.000226625 seconds.
  importAddress: GUID: 906c12bc9cd95d3963c6d58f62522c78 - Path: Packages/com.unity.modules.cloth/package.json - Importer: ScriptedImporter/UnityEditor.QuickSearchModule:UnityEditor.Search:ASIAI0B
Importing 'GUID: 906c12bc9cd95d3963c6d58f62522c78 - Path: Packages/com.unity.modules.cloth/package.json - Importer: ScriptedImporter/UnityEditor.QuickSearchModule:UnityEditor.Search:ASIAI0B' with importer (ScriptedImporter : UnityEditor.QuickSearchModule:UnityEditor.Search:ASIAI0B)
Imported 'GUID: 906c12bc9cd95d3963c6d58f62522c78' -> (Import Result ID: 'cda831d348ba53ffde659ddc6e959c55') in 0.001 seconds [static and dynamic dependencies]. Details - ImportResultOutputID=95b244f5165676725c4ead0c98f6f7d8 DependenciesID=2a520da9f9ede0a4858852472abc4b64 StaticDependenciesID=be8c154c2f9784b998d4ccf54d9c647b 
Number of updated asset objects reloaded before import = 0
Number of asset objects unloaded after import = 1
========================================================================
Received Import Request.
  Time of request: 2026-10-01T19:11:24.539481Z
  Time since last request: 0.000274125 seconds.
  importAddress: GUID: cc22cc13b69c1094c85e176c008b9ef8 - Path: Packages/com.unity.test-framework/UnityEngine.TestRunner/AssemblyInfo.cs - Importer: ScriptedImporter/UnityEditor.QuickSearchModule:UnityEditor.Search:ASIAI0B
Importing 'GUID: cc22cc13b69c1094c85e176c008b9ef8 - Path: Packages/com.unity.test-framework/UnityEngine.TestRunner/AssemblyInfo.cs - Importer: ScriptedImporter/UnityEditor.QuickSearchModule:UnityEditor.Search:ASIAI0B' with importer (ScriptedImporter : UnityEditor.QuickSearchModule:UnityEditor.Search:ASIAI0B)
Imported 'GUID: cc22cc13b69c1094c85e176c008b9ef8' -> (Import Result ID: '0b0f7f78d3e06d4fb411a7211cb614fc') in 0.001 seconds [static and dynamic dependencies]. Details - ImportResultOutputID=1359b6ccd2b80a36f3c3a505524bfd88 DependenciesID=9eb38734df1bb54bdf36390a01eb6ec2 StaticDependenciesID=f53d9b64040c6551589986c6e2ca8099 
Number of updated asset objects reloaded before import = 0
Number of asset objects unloaded after import = 0
========================================================================
Received Import Request.
  Time of request: 2026-10-01T19:11:24.540571Z
  Time since last request: 0.000246458 seconds.
  importAddress: GUID: 71136fc5cf34f2cc10be0e33c0b08019 - Path: Packages/com.unity.modules.unityanalytics/package.ModuleCompilationTrigger - Importer: ScriptedImporter/UnityEditor.QuickSearchModule:UnityEditor.Search:ASIAI0B
Importing 'GUID: 71136fc5cf34f2cc10be0e33c0b08019 - Path: Packages/com.unity.modules.unityanalytics/package.ModuleCompilationTrigger - Importer: ScriptedImporter/UnityEditor.QuickSearchModule:UnityEditor.Search:ASIAI0B' with importer (ScriptedImporter : UnityEditor.QuickSearchModule:UnityEditor.Search:ASIAI0B)
Imported 'GUID: 71136fc5cf34f2cc10be0e33c0b08019' -> (Import Result ID: 'd49dc4267b7dfaffd9b830222cd0ec8a') in 0.001 seconds [static and dynamic dependencies]. Details - ImportResultOutputID=613ec76acdf736d159bf30c268753833 DependenciesID=eb06d6fd3d3f02ac2f113277ad8b336b StaticDependenciesID=8507865ad451bfbe28783b12d3cc641d 
Number of updated asset objects reloaded before import = 0
Number of asset objects unloaded after import = 1
========================================================================
Received Import Request.
  Time of request: 2026-10-01T19:11:24.541738Z
  Time since last request: 0.00027475 seconds.
  importAddress: GUID: 1af35a910338381f753e8a985eb5daab - Path: Packages/com.unity.modules.adaptiveperformance/package.ModuleCompilationTrigger - Importer: ScriptedImporter/UnityEditor.QuickSearchModule:UnityEditor.Search:ASIAI0B
Importing 'GUID: 1af35a910338381f753e8a985eb5daab - Path: Packages/com.unity.modules.adaptiveperformance/package.ModuleCompilationTrigger - Importer: ScriptedImporter/UnityEditor.QuickSearchModule:UnityEditor.Search:ASIAI0B' with importer (ScriptedImporter : UnityEditor.QuickSearchModule:UnityEditor.Search:ASIAI0B)
Imported 'GUID: 1af35a910338381f753e8a985eb5daab' -> (Import Result ID: '6299e008ebe26e3070100f52c31b4fbd') in 0.001 seconds [static and dynamic dependencies]. Details - ImportResultOutputID=4eee19ccd74052c0ddc3edac121b70cf DependenciesID=644d62ef7393b679f25b3cad26361fd9 StaticDependenciesID=240968e60e77e5aecfdc998497fedb23 
Number of updated asset objects reloaded before import = 0
Number of asset objects unloaded after import = 1
========================================================================
Received Import Request.
  Time of request: 2026-10-01T19:11:24.543479Z
  Time since last request: 0.000250459 seconds.
  importAddress: GUID: 4884ccc3528cb2e40a0e6f0a19a2b35b - Path: Packages/com.unity.test-framework/UnityEditor.TestRunner/Api/CallbacksHolder.cs - Importer: ScriptedImporter/UnityEditor.QuickSearchModule:UnityEditor.Search:ASIAI0B
Importing 'GUID: 4884ccc3528cb2e40a0e6f0a19a2b35b - Path: Packages/com.unity.test-framework/UnityEditor.TestRunner/Api/CallbacksHolder.cs - Importer: ScriptedImporter/UnityEditor.QuickSearchModule:UnityEditor.Search:ASIAI0B' with importer (ScriptedImporter : UnityEditor.QuickSearchModule:UnityEditor.Search:ASIAI0B)
Imported 'GUID: 4884ccc3528cb2e40a0e6f0a19a2b35b' -> (Import Result ID: '08e1bab43b367b29d422db177096d6ec') in 0.001 seconds [static and dynamic dependencies]. Details - ImportResultOutputID=9a3165e35fecc2a76f1417b9cce4b703 DependenciesID=c7f6f4deaa07e34adf076b5bf2f538b0 StaticDependenciesID=7df732efdf87224a9187459c44a44317 
Number of updated asset objects reloaded before import = 0
Number of asset objects unloaded after import = 0
========================================================================
Received Import Request.
  Time of request: 2026-10-01T19:11:24.54507Z
  Time since last request: 0.000700666 seconds.
  importAddress: GUID: 05f92e4a2414cb144a92157752dfa324 - Path: Packages/com.unity.test-framework/UnityEditor.TestRunner/Api/Filter.cs - Importer: ScriptedImporter/UnityEditor.QuickSearchModule:UnityEditor.Search:ASIAI0B
Importing 'GUID: 05f92e4a2414cb144a92157752dfa324 - Path: Packages/com.unity.test-framework/UnityEditor.TestRunner/Api/Filter.cs - Importer: ScriptedImporter/UnityEditor.QuickSearchModule:UnityEditor.Search:ASIAI0B' with importer (ScriptedImporter : UnityEditor.QuickSearchModule:UnityEditor.Search:ASIAI0B)
Imported 'GUID: 05f92e4a2414cb144a92157752dfa324' -> (Import Result ID: '8f04c9503d68642fdfeaaad657cd0cb7') in 0.001 seconds [static and dynamic dependencies]. Details - ImportResultOutputID=c9fd4c22bf780168ec4fcfcb549faf73 DependenciesID=c45ce1e6588e79780adc98f52181aef9 StaticDependenciesID=60c9d2d5f92c0f9c549a7b45435fd27e 
Number of updated asset objects reloaded before import = 0
Number of asset objects unloaded after import = 0
========================================================================
Received Import Request.
  Time of request: 2026-10-01T19:11:24.546287Z
  Time since last request: 0.000299167 seconds.
  importAddress: GUID: 2adec19fac7df68adf1fd6eb83197bb1 - Path: Packages/com.unity.modules.wind/package.ModuleCompilationTrigger - Importer: ScriptedImporter/UnityEditor.QuickSearchModule:UnityEditor.Search:ASIAI0B
Importing 'GUID: 2adec19fac7df68adf1fd6eb83197bb1 - Path: Packages/com.unity.modules.wind/package.ModuleCompilationTrigger - Importer: ScriptedImporter/UnityEditor.QuickSearchModule:UnityEditor.Search:ASIAI0B' with importer (ScriptedImporter : UnityEditor.QuickSearchModule:UnityEditor.Search:ASIAI0B)
Imported 'GUID: 2adec19fac7df68adf1fd6eb83197bb1' -> (Import Result ID: 'f37d241de04b47f1c01e9c9f99515782') in 0.001 seconds [static and dynamic dependencies]. Details - ImportResultOutputID=03f109972b351480a4303c9c45a644d0 DependenciesID=c05b6eeb8f778b05dc504c7d54ab24c1 StaticDependenciesID=7d6377f0c2e07b3fdbd76e5e99217c9c 
Number of updated asset objects reloaded before import = 0
Number of asset objects unloaded after import = 1
========================================================================
Received Import Request.
  Time of request: 2026-10-01T19:11:24.547521Z
  Time since last request: 0.000261708 seconds.
  importAddress: GUID: bfd567a3d1631a761bca9e99fa53d86d - Path: Packages/com.unity.modules.ui/package.json - Importer: ScriptedImporter/UnityEditor.QuickSearchModule:UnityEditor.Search:ASIAI0B
Importing 'GUID: bfd567a3d1631a761bca9e99fa53d86d - Path: Packages/com.unity.modules.ui/package.json - Importer: ScriptedImporter/UnityEditor.QuickSearchModule:UnityEditor.Search:ASIAI0B' with importer (ScriptedImporter : UnityEditor.QuickSearchModule:UnityEditor.Search:ASIAI0B)
Imported 'GUID: bfd567a3d1631a761bca9e99fa53d86d' -> (Import Result ID: '72bb93638a5ff566a2323483f5e91e17') in 0.001 seconds [static and dynamic dependencies]. Details - ImportResultOutputID=fcc06ab0a4d2473110b68adb03f872f6 DependenciesID=c74763dcef73eed8075780e87055c51d StaticDependenciesID=855e896cc4ad5bd758185b4866753289 
Number of updated asset objects reloaded before import = 0
Number of asset objects unloaded after import = 1
========================================================================
Received Import Request.
  Time of request: 2026-10-01T19:11:24.548495Z
  Time since last request: 0.000231166 seconds.
  importAddress: GUID: 26a4f29db434fd79025c91f6126382cc - Path: Packages/com.unity.modules.unityanalytics/package.json - Importer: ScriptedImporter/UnityEditor.QuickSearchModule:UnityEditor.Search:ASIAI0B
Importing 'GUID: 26a4f29db434fd79025c91f6126382cc - Path: Packages/com.unity.modules.unityanalytics/package.json - Importer: ScriptedImporter/UnityEditor.QuickSearchModule:UnityEditor.Search:ASIAI0B' with importer (ScriptedImporter : UnityEditor.QuickSearchModule:UnityEditor.Search:ASIAI0B)
Imported 'GUID: 26a4f29db434fd79025c91f6126382cc' -> (Import Result ID: '1e4e8e386ec1218ed026c5f70dd062ba') in 0.001 seconds [static and dynamic dependencies]. Details - ImportResultOutputID=3a5c558fb4b268961a01b36b4463b1a3 DependenciesID=7eaf13cd0d2e1e148aac07b3560d89f0 StaticDependenciesID=4a759075766c4aff980d205d59fbe4a8 
Number of updated asset objects reloaded before import = 0
Number of asset objects unloaded after import = 1
========================================================================
Received Import Request.
  Time of request: 2026-10-01T19:11:24.549491Z
  Time since last request: 0.000216 seconds.
  importAddress: GUID: d2146428d3f1ad54eb7326c9a44b3284 - Path: Packages/com.unity.test-framework/UnityEditor.TestRunner/RequirePlatformSupportAttribute.cs - Importer: ScriptedImporter/UnityEditor.QuickSearchModule:UnityEditor.Search:ASIAI0B
Importing 'GUID: d2146428d3f1ad54eb7326c9a44b3284 - Path: Packages/com.unity.test-framework/UnityEditor.TestRunner/RequirePlatformSupportAttribute.cs - Importer: ScriptedImporter/UnityEditor.QuickSearchModule:UnityEditor.Search:ASIAI0B' with importer (ScriptedImporter : UnityEditor.QuickSearchModule:UnityEditor.Search:ASIAI0B)
Imported 'GUID: d2146428d3f1ad54eb7326c9a44b3284' -> (Import Result ID: '4af5ee6294e67a15f64ae2fc74e52d44') in 0.001 seconds [static and dynamic dependencies]. Details - ImportResultOutputID=6ef40c69cf91a9335de8a4eb3e2090db DependenciesID=e1f32c5f560a3bc8201c49361cd0e5f5 StaticDependenciesID=9946ec7ecbdf91e9f8b4ed83349dbc8f 
Number of updated asset objects reloaded before import = 0
Number of asset objects unloaded after import = 0
========================================================================
Received Import Request.
  Time of request: 2026-10-01T19:11:24.550774Z
  Time since last request: 0.000406583 seconds.
  importAddress: GUID: d6a2e6e4803de7b43baacdc355fc144d - Path: Packages/com.unity.test-framework/package.json - Importer: ScriptedImporter/UnityEditor.QuickSearchModule:UnityEditor.Search:ASIAI0B
Importing 'GUID: d6a2e6e4803de7b43baacdc355fc144d - Path: Packages/com.unity.test-framework/package.json - Importer: ScriptedImporter/UnityEditor.QuickSearchModule:UnityEditor.Search:ASIAI0B' with importer (ScriptedImporter : UnityEditor.QuickSearchModule:UnityEditor.Search:ASIAI0B)
Imported 'GUID: d6a2e6e4803de7b43baacdc355fc144d' -> (Import Result ID: '4422d61b1d264026d7c7aea4139f35a9') in 0.001 seconds [static and dynamic dependencies]. Details - ImportResultOutputID=27fe2498113f354a5a30e20a248dc23b DependenciesID=3fe6901b1d455f377e4d6a359dc5e604 StaticDependenciesID=1e38a0013f57cc36aaebf963336912f2 
Number of updated asset objects reloaded before import = 0
Number of asset objects unloaded after import = 1
========================================================================
Received Import Request.
  Time of request: 2026-10-01T19:11:24.551777Z
  Time since last request: 0.00022325 seconds.
  importAddress: GUID: d691174143fd3774ba63d7c493633b99 - Path: Packages/com.unity.test-framework/CHANGELOG.md - Importer: ScriptedImporter/UnityEditor.QuickSearchModule:UnityEditor.Search:ASIAI0B
Importing 'GUID: d691174143fd3774ba63d7c493633b99 - Path: Packages/com.unity.test-framework/CHANGELOG.md - Importer: ScriptedImporter/UnityEditor.QuickSearchModule:UnityEditor.Search:ASIAI0B' with importer (ScriptedImporter : UnityEditor.QuickSearchModule:UnityEditor.Search:ASIAI0B)
Imported 'GUID: d691174143fd3774ba63d7c493633b99' -> (Import Result ID: 'fbb0ff51de6c249772d180089f60061b') in 0.001 seconds [static and dynamic dependencies]. Details - ImportResultOutputID=98584348706024597c373cc7442f3a89 DependenciesID=61efefac353436028b797e94e59473a8 StaticDependenciesID=e387f95e43dc5026f29d0c5dda8c95f4 
Number of updated asset objects reloaded before import = 0
Number of asset objects unloaded after import = 1
========================================================================
Received Import Request.
  Time of request: 2026-10-01T19:11:24.581882Z
  Time since last request: 0.029145083 seconds.
  importAddress: GUID: fd57cf917f61bbb42b8f030436426ddd - Path: Packages/com.unity.test-framework/UnityEditor.TestRunner/GUI/IGuiHelper.cs - Importer: ScriptedImporter/UnityEditor.QuickSearchModule:UnityEditor.Search:ASIAI0B
Importing 'GUID: fd57cf917f61bbb42b8f030436426ddd - Path: Packages/com.unity.test-framework/UnityEditor.TestRunner/GUI/IGuiHelper.cs - Importer: ScriptedImporter/UnityEditor.QuickSearchModule:UnityEditor.Search:ASIAI0B' with importer (ScriptedImporter : UnityEditor.QuickSearchModule:UnityEditor.Search:ASIAI0B)
Imported 'GUID: fd57cf917f61bbb42b8f030436426ddd' -> (Import Result ID: 'e8202bb86b29f1c69aea95d304dd794d') in 0.001 seconds [static and dynamic dependencies]. Details - ImportResultOutputID=32a3ab40c9ddf305ac8542517cf8e43a DependenciesID=9b862fd73279a6c41b86240aa192177b StaticDependenciesID=2eb4cef07b65690c274a0a3b7cdbd376 
Number of updated asset objects reloaded before import = 0
Number of asset objects unloaded after import = 0
========================================================================
Received Import Request.
  Time of request: 2026-10-01T19:11:24.583545Z
  Time since last request: 0.000284875 seconds.
  importAddress: GUID: 1ebc1994f9a3d5649a1201d3a84b38df - Path: Packages/com.unity.test-framework/UnityEditor.TestRunner/TestRunner/EditorEnumeratorTestWorkItem.cs - Importer: ScriptedImporter/UnityEditor.QuickSearchModule:UnityEditor.Search:ASIAI0B
Importing 'GUID: 1ebc1994f9a3d5649a1201d3a84b38df - Path: Packages/com.unity.test-framework/UnityEditor.TestRunner/TestRunner/EditorEnumeratorTestWorkItem.cs - Importer: ScriptedImporter/UnityEditor.QuickSearchModule:UnityEditor.Search:ASIAI0B' with importer (ScriptedImporter : UnityEditor.QuickSearchModule:UnityEditor.Search:ASIAI0B)
Imported 'GUID: 1ebc1994f9a3d5649a1201d3a84b38df' -> (Import Result ID: 'c0e731d388cd52304c4c940c2f93f3a5') in 0.001 seconds [static and dynamic dependencies]. Details - ImportResultOutputID=2fac00d9c763c3eedd1c7b7462ce0c50 DependenciesID=9f63bd9e4b9469d8dda23c9aa6909c4c StaticDependenciesID=b6a9a3b86269b0e2314f180a312048da 
Number of updated asset objects reloaded before import = 0
Number of asset objects unloaded after import = 0
========================================================================
Received Import Request.
  Time of request: 2026-10-01T19:11:24.584562Z
  Time since last request: 0.000185958 seconds.
  importAddress: GUID: 9ec94545c5b00344c9bd8e691f15d799 - Path: Packages/com.unity.test-framework/UnityEditor.TestRunner/Api/TestStatus.cs - Importer: ScriptedImporter/UnityEditor.QuickSearchModule:UnityEditor.Search:ASIAI0B
Importing 'GUID: 9ec94545c5b00344c9bd8e691f15d799 - Path: Packages/com.unity.test-framework/UnityEditor.TestRunner/Api/TestStatus.cs - Importer: ScriptedImporter/UnityEditor.QuickSearchModule:UnityEditor.Search:ASIAI0B' with importer (ScriptedImporter : UnityEditor.QuickSearchModule:UnityEditor.Search:ASIAI0B)
Imported 'GUID: 9ec94545c5b00344c9bd8e691f15d799' -> (Import Result ID: '58d12b4de90fd2b7281a0cf90eeb2b4a') in 0.001 seconds [static and dynamic dependencies]. Details - ImportResultOutputID=598422e37340eb927546cf6c04756e7c DependenciesID=16a0d4f0141dd0b85892eb376ed26374 StaticDependenciesID=9c779fc6beac438917aa1e2fbf7c51e3 
Number of updated asset objects reloaded before import = 0
Number of asset objects unloaded after import = 0
========================================================================
Received Import Request.
  Time of request: 2026-10-01T19:11:24.58569Z
  Time since last request: 0.000210583 seconds.
  importAddress: GUID: c3a75354f6ceac94ca15ca9d96593290 - Path: Packages/com.unity.test-framework/UnityEditor.TestRunner/CommandLineTest/ExecutionSettings.cs - Importer: ScriptedImporter/UnityEditor.QuickSearchModule:UnityEditor.Search:ASIAI0B
Importing 'GUID: c3a75354f6ceac94ca15ca9d96593290 - Path: Packages/com.unity.test-framework/UnityEditor.TestRunner/CommandLineTest/ExecutionSettings.cs - Importer: ScriptedImporter/UnityEditor.QuickSearchModule:UnityEditor.Search:ASIAI0B' with importer (ScriptedImporter : UnityEditor.QuickSearchModule:UnityEditor.Search:ASIAI0B)
Imported 'GUID: c3a75354f6ceac94ca15ca9d96593290' -> (Import Result ID: '05c03024442c423637d9e15dc07b33d5') in 0.001 seconds [static and dynamic dependencies]. Details - ImportResultOutputID=d57b6e670591a44571c0f5ed29fd4abb DependenciesID=21a757e4b9106c5bb9eef189ec615d0c StaticDependenciesID=afa8476758fc3d377f20edf925d7f160 
Number of updated asset objects reloaded before import = 0
Number of asset objects unloaded after import = 0
========================================================================
Received Import Request.
  Time of request: 2026-10-01T19:11:24.586824Z
  Time since last request: 0.000184333 seconds.
  importAddress: GUID: 0b677ddfd54046c498a20446baa4f932 - Path: Packages/com.unity.test-framework/UnityEditor.TestRunner/TestRun/TestJobRunner.cs - Importer: ScriptedImporter/UnityEditor.QuickSearchModule:UnityEditor.Search:ASIAI0B
Importing 'GUID: 0b677ddfd54046c498a20446baa4f932 - Path: Packages/com.unity.test-framework/UnityEditor.TestRunner/TestRun/TestJobRunner.cs - Importer: ScriptedImporter/UnityEditor.QuickSearchModule:UnityEditor.Search:ASIAI0B' with importer (ScriptedImporter : UnityEditor.QuickSearchModule:UnityEditor.Search:ASIAI0B)
Imported 'GUID: 0b677ddfd54046c498a20446baa4f932' -> (Import Result ID: '2b12e26569f97d52c192d1a567447dcd') in 0.001 seconds [static and dynamic dependencies]. Details - ImportResultOutputID=559318711a989a582049bb5518703a41 DependenciesID=f5dded49109d81a876759f2d8ccfd554 StaticDependenciesID=8fd506d74e5289bd98d42135746853d4 
Number of updated asset objects reloaded before import = 0
Number of asset objects unloaded after import = 0
========================================================================
Received Import Request.
  Time of request: 2026-10-01T19:11:24.587815Z
  Time since last request: 0.000235458 seconds.
  importAddress: GUID: c1cba6f3ed484514097080a3bb835958 - Path: Packages/com.unity.test-framework/UnityEditor.TestRunner/TestLaunchers/PlayerLauncherTestRunSettings.cs - Importer: ScriptedImporter/UnityEditor.QuickSearchModule:UnityEditor.Search:ASIAI0B
Importing 'GUID: c1cba6f3ed484514097080a3bb835958 - Path: Packages/com.unity.test-framework/UnityEditor.TestRunner/TestLaunchers/PlayerLauncherTestRunSettings.cs - Importer: ScriptedImporter/UnityEditor.QuickSearchModule:UnityEditor.Search:ASIAI0B' with importer (ScriptedImporter : UnityEditor.QuickSearchModule:UnityEditor.Search:ASIAI0B)
Imported 'GUID: c1cba6f3ed484514097080a3bb835958' -> (Import Result ID: 'acb27452e58c9a5735668fb711983bb4') in 0.001 seconds [static and dynamic dependencies]. Details - ImportResultOutputID=b989d72d9c3d3654e86b04af563be155 DependenciesID=2409d44749e15f51375141a57211a2f7 StaticDependenciesID=3155a1a25699f8d3115a1267ff76b403 
Number of updated asset objects reloaded before import = 0
Number of asset objects unloaded after import = 0
========================================================================
Received Import Request.
  Time of request: 2026-10-01T19:11:24.588908Z
  Time since last request: 0.000258375 seconds.
  importAddress: GUID: 68993ba529ae04440916cb7c23bf3279 - Path: Packages/com.unity.test-framework/UnityEditor.TestRunner/Api/TestRunnerApi.cs - Importer: ScriptedImporter/UnityEditor.QuickSearchModule:UnityEditor.Search:ASIAI0B
Importing 'GUID: 68993ba529ae04440916cb7c23bf3279 - Path: Packages/com.unity.test-framework/UnityEditor.TestRunner/Api/TestRunnerApi.cs - Importer: ScriptedImporter/UnityEditor.QuickSearchModule:UnityEditor.Search:ASIAI0B' with importer (ScriptedImporter : UnityEditor.QuickSearchModule:UnityEditor.Search:ASIAI0B)
Imported 'GUID: 68993ba529ae04440916cb7c23bf3279' -> (Import Result ID: '441080ee6d29c3774337b5f52f5d6f28') in 0.001 seconds [static and dynamic dependencies]. Details - ImportResultOutputID=3600b4090ffbcfce61aa75447930d7e1 DependenciesID=6de3e8eee79aded34a6c69268d58ac79 StaticDependenciesID=754849f34c4b4068be8d2faa9209612d 
Number of updated asset objects reloaded before import = 0
Number of asset objects unloaded after import = 0
========================================================================
Received Import Request.
  Time of request: 2026-10-01T19:11:24.589935Z
  Time since last request: 0.000285916 seconds.
  importAddress: GUID: 6965880f76f40194593cb53a88f74005 - Path: Packages/com.unity.test-framework/UnityEditor.TestRunner/TestLaunchers/PlayerLauncherContextSettings.cs - Importer: ScriptedImporter/UnityEditor.QuickSearchModule:UnityEditor.Search:ASIAI0B
Importing 'GUID: 6965880f76f40194593cb53a88f74005 - Path: Packages/com.unity.test-framework/UnityEditor.TestRunner/TestLaunchers/PlayerLauncherContextSettings.cs - Importer: ScriptedImporter/UnityEditor.QuickSearchModule:UnityEditor.Search:ASIAI0B' with importer (ScriptedImporter : UnityEditor.QuickSearchModule:UnityEditor.Search:ASIAI0B)
Imported 'GUID: 6965880f76f40194593cb53a88f74005' -> (Import Result ID: 'f367f3611cc0b44f2636af649ee3b409') in 0.001 seconds [static and dynamic dependencies]. Details - ImportResultOutputID=a7c499e042f63ab45763df03bd5c86f4 DependenciesID=27cb9d11bcb2413873df95eb57655cfa StaticDependenciesID=34d0ed5a4f429a95e311cc363dac0794 
Number of updated asset objects reloaded before import = 0
Number of asset objects unloaded after import = 0
========================================================================
Received Import Request.
  Time of request: 2026-10-01T19:11:24.591104Z
  Time since last request: 0.000287917 seconds.
  importAddress: GUID: d061ada5d3169454daf54243390b5fdb - Path: Packages/com.unity.test-framework/UnityEditor.TestRunner/Api/TestResultAdaptor.cs - Importer: ScriptedImporter/UnityEditor.QuickSearchModule:UnityEditor.Search:ASIAI0B
Importing 'GUID: d061ada5d3169454daf54243390b5fdb - Path: Packages/com.unity.test-framework/UnityEditor.TestRunner/Api/TestResultAdaptor.cs - Importer: ScriptedImporter/UnityEditor.QuickSearchModule:UnityEditor.Search:ASIAI0B' with importer (ScriptedImporter : UnityEditor.QuickSearchModule:UnityEditor.Search:ASIAI0B)
Imported 'GUID: d061ada5d3169454daf54243390b5fdb' -> (Import Result ID: 'ffa2656baf9983558d09916fe5ecaf31') in 0.001 seconds [static and dynamic dependencies]. Details - ImportResultOutputID=19959d24d744f7feadb19b8139bdce94 DependenciesID=ffb5573e2bf1d7f9277487b25cc49dd2 StaticDependenciesID=51ba3c87d01a84bd9d7eed4b08bd2246 
Number of updated asset objects reloaded before import = 0
Number of asset objects unloaded after import = 0
========================================================================
Received Import Request.
  Time of request: 2026-10-01T19:11:24.592126Z
  Time since last request: 0.000258292 seconds.
  importAddress: GUID: 0efb23ecb373b6d4bbe5217485785138 - Path: Packages/com.unity.test-framework/UnityEditor.TestRunner/TestLaunchers/RuntimeTestLauncherBase.cs - Importer: ScriptedImporter/UnityEditor.QuickSearchModule:UnityEditor.Search:ASIAI0B
Importing 'GUID: 0efb23ecb373b6d4bbe5217485785138 - Path: Packages/com.unity.test-framework/UnityEditor.TestRunner/TestLaunchers/RuntimeTestLauncherBase.cs - Importer: ScriptedImporter/UnityEditor.QuickSearchModule:UnityEditor.Search:ASIAI0B' with importer (ScriptedImporter : UnityEditor.QuickSearchModule:UnityEditor.Search:ASIAI0B)
Imported 'GUID: 0efb23ecb373b6d4bbe5217485785138' -> (Import Result ID: '7f8b70d0584cfa36293e0629aca87eff') in 0.001 seconds [static and dynamic dependencies]. Details - ImportResultOutputID=02c8cc8f2e513ac2f301076d0af9ce68 DependenciesID=d38ba64523b057d91c5a52f7eb86e695 StaticDependenciesID=c701a182c46cb222181bc33d4be15d36 
Number of updated asset objects reloaded before import = 0
Number of asset objects unloaded after import = 0
========================================================================
Received Import Request.
  Time of request: 2026-10-01T19:11:24.593207Z
  Time since last request: 0.000255875 seconds.
  importAddress: GUID: 317f06562c344e22991ba4117cf7b71c - Path: Packages/com.unity.test-framework/UnityEditor.TestRunner/CommandLineTest/TestState.cs - Importer: ScriptedImporter/UnityEditor.QuickSearchModule:UnityEditor.Search:ASIAI0B
Importing 'GUID: 317f06562c344e22991ba4117cf7b71c - Path: Packages/com.unity.test-framework/UnityEditor.TestRunner/CommandLineTest/TestState.cs - Importer: ScriptedImporter/UnityEditor.QuickSearchModule:UnityEditor.Search:ASIAI0B' with importer (ScriptedImporter : UnityEditor.QuickSearchModule:UnityEditor.Search:ASIAI0B)
Imported 'GUID: 317f06562c344e22991ba4117cf7b71c' -> (Import Result ID: '71139d46955b7608c359d522c46f6a27') in 0.001 seconds [static and dynamic dependencies]. Details - ImportResultOutputID=e6e81284455bd3a6b8f1328f8f02bef9 DependenciesID=32479aa1941354a4d19eb1832f911762 StaticDependenciesID=baf2324983a048270130813dd53baff7 
Number of updated asset objects reloaded before import = 0
Number of asset objects unloaded after import = 0
========================================================================
Received Import Request.
  Time of request: 2026-10-01T19:11:24.594053Z
  Time since last request: 0.000181125 seconds.
  importAddress: GUID: d56e34a052c646e39a3317c404303e5f - Path: Packages/com.unity.test-framework/UnityEditor.TestRunner/CommandLineTest/IRunData.cs - Importer: ScriptedImporter/UnityEditor.QuickSearchModule:UnityEditor.Search:ASIAI0B
Importing 'GUID: d56e34a052c646e39a3317c404303e5f - Path: Packages/com.unity.test-framework/UnityEditor.TestRunner/CommandLineTest/IRunData.cs - Importer: ScriptedImporter/UnityEditor.QuickSearchModule:UnityEditor.Search:ASIAI0B' with importer (ScriptedImporter : UnityEditor.QuickSearchModule:UnityEditor.Search:ASIAI0B)
Imported 'GUID: d56e34a052c646e39a3317c404303e5f' -> (Import Result ID: 'bbea806f84793a94b504e01b8556bbde') in 0.001 seconds [static and dynamic dependencies]. Details - ImportResultOutputID=9109fa887d3237ce829560b25c90dd4c DependenciesID=4d741d964bde4fc39ff151107d551683 StaticDependenciesID=7ff8c2ab1277532dcaf09c7e260f9470 
Number of updated asset objects reloaded before import = 0
Number of asset objects unloaded after import = 0
========================================================================
Received Import Request.
  Time of request: 2026-10-01T19:11:24.594934Z
  Time since last request: 0.00020225 seconds.
  importAddress: GUID: 8d20eedbe40f0ce41a4c4f633f225de8 - Path: Packages/com.unity.test-framework/UnityEditor.TestRunner/CommandLineTest/LogSavingCallbacks.cs - Importer: ScriptedImporter/UnityEditor.QuickSearchModule:UnityEditor.Search:ASIAI0B
Importing 'GUID: 8d20eedbe40f0ce41a4c4f633f225de8 - Path: Packages/com.unity.test-framework/UnityEditor.TestRunner/CommandLineTest/LogSavingCallbacks.cs - Importer: ScriptedImporter/UnityEditor.QuickSearchModule:UnityEditor.Search:ASIAI0B' with importer (ScriptedImporter : UnityEditor.QuickSearchModule:UnityEditor.Search:ASIAI0B)
Imported 'GUID: 8d20eedbe40f0ce41a4c4f633f225de8' -> (Import Result ID: '3154b0443706734cb64d24955840d617') in 0.001 seconds [static and dynamic dependencies]. Details - ImportResultOutputID=7c0e4859d42c232857c4150853519c80 DependenciesID=15f612bdd001ad131e5ae3a3481f2798 StaticDependenciesID=0d896d99350f2516a2cade7525b85541 
Number of updated asset objects reloaded before import = 0
Number of asset objects unloaded after import = 0
========================================================================
Received Import Request.
  Time of request: 2026-10-01T19:11:24.596067Z
  Time since last request: 0.000241958 seconds.
  importAddress: GUID: 416b65350c010294db54ceca7fd02072 - Path: Packages/com.unity.test-framework/UnityEditor.TestRunner/TestRun/RequiredTestRunDataMissingException.cs - Importer: ScriptedImporter/UnityEditor.QuickSearchModule:UnityEditor.Search:ASIAI0B
Importing 'GUID: 416b65350c010294db54ceca7fd02072 - Path: Packages/com.unity.test-framework/UnityEditor.TestRunner/TestRun/RequiredTestRunDataMissingException.cs - Importer: ScriptedImporter/UnityEditor.QuickSearchModule:UnityEditor.Search:ASIAI0B' with importer (ScriptedImporter : UnityEditor.QuickSearchModule:UnityEditor.Search:ASIAI0B)
Imported 'GUID: 416b65350c010294db54ceca7fd02072' -> (Import Result ID: '605cf338c48fc54c3dee844fa152f9fc') in 0.001 seconds [static and dynamic dependencies]. Details - ImportResultOutputID=3b58bcddf42271a002d7f2790798b967 DependenciesID=b9ebf48db65750169d76cf78d8267933 StaticDependenciesID=7f8451ad5a97e2eab3824238b0281a7a 
Number of updated asset objects reloaded before import = 0
Number of asset objects unloaded after import = 0
========================================================================
Received Import Request.
  Time of request: 2026-10-01T19:11:24.597448Z
  Time since last request: 0.000226167 seconds.
  importAddress: GUID: d0663d520c26b7c48a4135599e66acf8 - Path: Packages/com.unity.test-framework/UnityEditor.TestRunner/Api/TestAdaptorFactory.cs - Importer: ScriptedImporter/UnityEditor.QuickSearchModule:UnityEditor.Search:ASIAI0B
Importing 'GUID: d0663d520c26b7c48a4135599e66acf8 - Path: Packages/com.unity.test-framework/UnityEditor.TestRunner/Api/TestAdaptorFactory.cs - Importer: ScriptedImporter/UnityEditor.QuickSearchModule:UnityEditor.Search:ASIAI0B' with importer (ScriptedImporter : UnityEditor.QuickSearchModule:UnityEditor.Search:ASIAI0B)
Imported 'GUID: d0663d520c26b7c48a4135599e66acf8' -> (Import Result ID: '5675c6499cb2265883368752e86ff122') in 0.001 seconds [static and dynamic dependencies]. Details - ImportResultOutputID=56acbd75fc0cdc6f0f671efdef178e6a DependenciesID=f7388a643d14dde283d7ae6a521d8c7b StaticDependenciesID=5af0bd7cc561666ccdf0dc8d20be5c40 
Number of updated asset objects reloaded before import = 0
Number of asset objects unloaded after import = 0
========================================================================
Received Import Request.
  Time of request: 2026-10-01T19:11:24.599195Z
  Time since last request: 0.000204709 seconds.
  importAddress: GUID: edd2a1fe1acbbde43aad39862bb3f4a8 - Path: Packages/com.unity.test-framework/UnityEditor.TestRunner/TestLaunchers/RemotePlayerLogController.cs - Importer: ScriptedImporter/UnityEditor.QuickSearchModule:UnityEditor.Search:ASIAI0B
Importing 'GUID: edd2a1fe1acbbde43aad39862bb3f4a8 - Path: Packages/com.unity.test-framework/UnityEditor.TestRunner/TestLaunchers/RemotePlayerLogController.cs - Importer: ScriptedImporter/UnityEditor.QuickSearchModule:UnityEditor.Search:ASIAI0B' with importer (ScriptedImporter : UnityEditor.QuickSearchModule:UnityEditor.Search:ASIAI0B)
Imported 'GUID: edd2a1fe1acbbde43aad39862bb3f4a8' -> (Import Result ID: '98087346a7bf65f7a627a9f09b37fd16') in 0.001 seconds [static and dynamic dependencies]. Details - ImportResultOutputID=91b926cad94c83959917a31c844f68d1 DependenciesID=bbb01f4cbf9117baabdd2e908248afef StaticDependenciesID=3509356e995b61c04c12cf2b47524e8d 
Number of updated asset objects reloaded before import = 0
Number of asset objects unloaded after import = 0
========================================================================
Received Import Request.
  Time of request: 2026-10-01T19:11:24.600227Z
  Time since last request: 0.000208083 seconds.
  importAddress: GUID: 8bb59cb2f66d156418ca1bd1e2703233 - Path: Packages/com.unity.test-framework/UnityEditor.TestRunner/Api/RunState.cs - Importer: ScriptedImporter/UnityEditor.QuickSearchModule:UnityEditor.Search:ASIAI0B
Importing 'GUID: 8bb59cb2f66d156418ca1bd1e2703233 - Path: Packages/com.unity.test-framework/UnityEditor.TestRunner/Api/RunState.cs - Importer: ScriptedImporter/UnityEditor.QuickSearchModule:UnityEditor.Search:ASIAI0B' with importer (ScriptedImporter : UnityEditor.QuickSearchModule:UnityEditor.Search:ASIAI0B)
Imported 'GUID: 8bb59cb2f66d156418ca1bd1e2703233' -> (Import Result ID: 'd4ccabdb210336972cee53c59c6105cc') in 0.001 seconds [static and dynamic dependencies]. Details - ImportResultOutputID=c2427d399bbe52001ed91fbfe5dabd60 DependenciesID=dbc921cd1946fe5cfc2a68b0ce437e36 StaticDependenciesID=9cddaca81a533aa3a805354115d579c3 
Number of updated asset objects reloaded before import = 0
Number of asset objects unloaded after import = 0
========================================================================
Received Import Request.
  Time of request: 2026-10-01T19:11:24.601281Z
  Time since last request: 0.000279625 seconds.
  importAddress: GUID: b7468a027a77337478e133b40b42b4f9 - Path: Packages/com.unity.test-framework/UnityEditor.TestRunner/CommandLineTest/SettingsBuilder.cs - Importer: ScriptedImporter/UnityEditor.QuickSearchModule:UnityEditor.Search:ASIAI0B
Importing 'GUID: b7468a027a77337478e133b40b42b4f9 - Path: Packages/com.unity.test-framework/UnityEditor.TestRunner/CommandLineTest/SettingsBuilder.cs - Importer: ScriptedImporter/UnityEditor.QuickSearchModule:UnityEditor.Search:ASIAI0B' with importer (ScriptedImporter : UnityEditor.QuickSearchModule:UnityEditor.Search:ASIAI0B)
Imported 'GUID: b7468a027a77337478e133b40b42b4f9' -> (Import Result ID: '74a04ba2249d8a0a55a8e67477182f72') in 0.001 seconds [static and dynamic dependencies]. Details - ImportResultOutputID=a7cd17c70439d54b26fa4c64aed91602 DependenciesID=647d7ac623016b8a1f1b784749c03b0a StaticDependenciesID=0e63500128e71971651ed625c05d3f45 
Number of updated asset objects reloaded before import = 0
Number of asset objects unloaded after import = 0
========================================================================
Received Import Request.
  Time of request: 2026-10-01T19:11:24.602251Z
  Time since last request: 0.000244291 seconds.
  importAddress: GUID: 208e46d59ff6e304db0318377d20f5a1 - Path: Packages/com.unity.test-framework/UnityEditor.TestRunner/GUI/IAssetsDatabaseHelper.cs - Importer: ScriptedImporter/UnityEditor.QuickSearchModule:UnityEditor.Search:ASIAI0B
Importing 'GUID: 208e46d59ff6e304db0318377d20f5a1 - Path: Packages/com.unity.test-framework/UnityEditor.TestRunner/GUI/IAssetsDatabaseHelper.cs - Importer: ScriptedImporter/UnityEditor.QuickSearchModule:UnityEditor.Search:ASIAI0B' with importer (ScriptedImporter : UnityEditor.QuickSearchModule:UnityEditor.Search:ASIAI0B)
Imported 'GUID: 208e46d59ff6e304db0318377d20f5a1' -> (Import Result ID: '4c9bc3a507f3c347cd21db0ce38e3dbc') in 0.001 seconds [static and dynamic dependencies]. Details - ImportResultOutputID=a86b4a1090c1784c1da5dcdf317bbee1 DependenciesID=7259954c8db075fc9f0d09d1f340e635 StaticDependenciesID=c6a08eda1b3f95e9af55fb7e92f0cc00 
Number of updated asset objects reloaded before import = 0
Number of asset objects unloaded after import = 0
========================================================================
Received Import Request.
  Time of request: 2026-10-01T19:11:24.603209Z
  Time since last request: 0.000200291 seconds.
  importAddress: GUID: d973fc1524e4d724081553934c55958c - Path: Packages/com.unity.test-framework/UnityEditor.TestRunner/TestLaunchers/PlayerLauncher.cs - Importer: ScriptedImporter/UnityEditor.QuickSearchModule:UnityEditor.Search:ASIAI0B
Importing 'GUID: d973fc1524e4d724081553934c55958c - Path: Packages/com.unity.test-framework/UnityEditor.TestRunner/TestLaunchers/PlayerLauncher.cs - Importer: ScriptedImporter/UnityEditor.QuickSearchModule:UnityEditor.Search:ASIAI0B' with importer (ScriptedImporter : UnityEditor.QuickSearchModule:UnityEditor.Search:ASIAI0B)
Imported 'GUID: d973fc1524e4d724081553934c55958c' -> (Import Result ID: 'd1c1e7c950f775f11be0830271b63f9c') in 0.001 seconds [static and dynamic dependencies]. Details - ImportResultOutputID=8f6391de91809f6a98ba22d69cd258f1 DependenciesID=dacc3c6f42d57d627dfa46d614fb3c2c StaticDependenciesID=849a8994bf802e65c98f5245cd94d418 
Number of updated asset objects reloaded before import = 0
Number of asset objects unloaded after import = 0
========================================================================
Received Import Request.
  Time of request: 2026-10-01T19:11:24.604325Z
  Time since last request: 0.000278625 seconds.
  importAddress: GUID: 05778dd1de4433d418793b6f3d3c18cf - Path: Packages/com.unity.test-framework/UnityEditor.TestRunner/CommandLineTest/LogWriter.cs - Importer: ScriptedImporter/UnityEditor.QuickSearchModule:UnityEditor.Search:ASIAI0B
Importing 'GUID: 05778dd1de4433d418793b6f3d3c18cf - Path: Packages/com.unity.test-framework/UnityEditor.TestRunner/CommandLineTest/LogWriter.cs - Importer: ScriptedImporter/UnityEditor.QuickSearchModule:UnityEditor.Search:ASIAI0B' with importer (ScriptedImporter : UnityEditor.QuickSearchModule:UnityEditor.Search:ASIAI0B)
Imported 'GUID: 05778dd1de4433d418793b6f3d3c18cf' -> (Import Result ID: '6a1799ff61e3896c7e783e8c297a3f49') in 0.001 seconds [static and dynamic dependencies]. Details - ImportResultOutputID=c61e65c0e3465870e00a5512d67345fe DependenciesID=248726720f05f88b9a55f2d39a603401 StaticDependenciesID=90df8af7d25f86a5e4c3090e4fbee6e1 
Number of updated asset objects reloaded before import = 0
Number of asset objects unloaded after import = 0
========================================================================
Received Import Request.
  Time of request: 2026-10-01T19:11:24.605212Z
  Time since last request: 0.000199166 seconds.
  importAddress: GUID: 740b3785866edda4b8d1e1a05570a5f8 - Path: Packages/com.unity.test-framework/UnityEditor.TestRunner/GUI/AssetsDatabaseHelper.cs - Importer: ScriptedImporter/UnityEditor.QuickSearchModule:UnityEditor.Search:ASIAI0B
Importing 'GUID: 740b3785866edda4b8d1e1a05570a5f8 - Path: Packages/com.unity.test-framework/UnityEditor.TestRunner/GUI/AssetsDatabaseHelper.cs - Importer: ScriptedImporter/UnityEditor.QuickSearchModule:UnityEditor.Search:ASIAI0B' with importer (ScriptedImporter : UnityEditor.QuickSearchModule:UnityEditor.Search:ASIAI0B)
Imported 'GUID: 740b3785866edda4b8d1e1a05570a5f8' -> (Import Result ID: '5d61c1c1841486ace617f08aae9d83c1') in 0.001 seconds [static and dynamic dependencies]. Details - ImportResultOutputID=7dd0ce2b85f9bedb10af76280373b79b DependenciesID=4cd23c60ab7eaa4a73380b7b279cd6e6 StaticDependenciesID=0921012d74c92449f79ab7fc313dffc9 
Number of updated asset objects reloaded before import = 0
Number of asset objects unloaded after import = 0
========================================================================
Received Import Request.
  Time of request: 2026-10-01T19:11:24.606159Z
  Time since last request: 0.000195166 seconds.
  importAddress: GUID: 7d36034e63ad8254b9b2f55280fcc040 - Path: Packages/com.unity.test-framework/UnityEditor.TestRunner/TestLaunchers/RemotePlayerTestController.cs - Importer: ScriptedImporter/UnityEditor.QuickSearchModule:UnityEditor.Search:ASIAI0B
Importing 'GUID: 7d36034e63ad8254b9b2f55280fcc040 - Path: Packages/com.unity.test-framework/UnityEditor.TestRunner/TestLaunchers/RemotePlayerTestController.cs - Importer: ScriptedImporter/UnityEditor.QuickSearchModule:UnityEditor.Search:ASIAI0B' with importer (ScriptedImporter : UnityEditor.QuickSearchModule:UnityEditor.Search:ASIAI0B)
Imported 'GUID: 7d36034e63ad8254b9b2f55280fcc040' -> (Import Result ID: '335adcbbcce6db97b4b646730f381749') in 0.001 seconds [static and dynamic dependencies]. Details - ImportResultOutputID=3d9a4dbf9b885f3cdd8dfd6c83f9df06 DependenciesID=2f744430c9046cb39245ae7e05fb1120 StaticDependenciesID=d70b242e8d00aeb010b7e137bfbd910f 
Number of updated asset objects reloaded before import = 0
Number of asset objects unloaded after import = 0
========================================================================
Received Import Request.
  Time of request: 2026-10-01T19:11:24.607052Z
  Time since last request: 0.000197417 seconds.
  importAddress: GUID: 241a47157da9420aaafa8cda2afd41a0 - Path: Packages/com.unity.test-framework/UnityEditor.TestRunner/TestRun/WaitForPlayerRunTask.cs - Importer: ScriptedImporter/UnityEditor.QuickSearchModule:UnityEditor.Search:ASIAI0B
Importing 'GUID: 241a47157da9420aaafa8cda2afd41a0 - Path: Packages/com.unity.test-framework/UnityEditor.TestRunner/TestRun/WaitForPlayerRunTask.cs - Importer: ScriptedImporter/UnityEditor.QuickSearchModule:UnityEditor.Search:ASIAI0B' with importer (ScriptedImporter : UnityEditor.QuickSearchModule:UnityEditor.Search:ASIAI0B)
Imported 'GUID: 241a47157da9420aaafa8cda2afd41a0' -> (Import Result ID: 'e02678213513ad604554a0140163d0bd') in 0.001 seconds [static and dynamic dependencies]. Details - ImportResultOutputID=1c48ae94a91cf6d07983e8f706e51485 DependenciesID=2d2e9867ee332256fa902117ecabecfa StaticDependenciesID=8ad52fd495f992caa15a50598a1e0787 
Number of updated asset objects reloaded before import = 0
Number of asset objects unloaded after import = 0
========================================================================
Received Import Request.
  Time of request: 2026-10-01T19:11:24.608061Z
  Time since last request: 0.000254417 seconds.
  importAddress: GUID: f445ca0c614a846449fcd8ae648c24e2 - Path: Packages/com.unity.test-framework/UnityEditor.TestRunner/CommandLineParser/ICommandLineOption.cs - Importer: ScriptedImporter/UnityEditor.QuickSearchModule:UnityEditor.Search:ASIAI0B
Importing 'GUID: f445ca0c614a846449fcd8ae648c24e2 - Path: Packages/com.unity.test-framework/UnityEditor.TestRunner/CommandLineParser/ICommandLineOption.cs - Importer: ScriptedImporter/UnityEditor.QuickSearchModule:UnityEditor.Search:ASIAI0B' with importer (ScriptedImporter : UnityEditor.QuickSearchModule:UnityEditor.Search:ASIAI0B)
Imported 'GUID: f445ca0c614a846449fcd8ae648c24e2' -> (Import Result ID: '7fc58359f662c50f9b13a1551e88cdeb') in 0.001 seconds [static and dynamic dependencies]. Details - ImportResultOutputID=9f6242236375908b20c5e93f744dbd88 DependenciesID=55e3690bb2546448f9575e42823879d8 StaticDependenciesID=cabb16e27f9a054e65814b068f6532f6 
Number of updated asset objects reloaded before import = 0
Number of asset objects unloaded after import = 0
========================================================================
Received Import Request.
  Time of request: 2026-10-01T19:11:24.609202Z
  Time since last request: 0.000242958 seconds.
  importAddress: GUID: 3dde15f260b0dd1469e60d16eaa795dc - Path: Packages/com.unity.test-framework/UnityEditor.TestRunner/TestRunner/EditmodeWorkItemFactory.cs - Importer: ScriptedImporter/UnityEditor.QuickSearchModule:UnityEditor.Search:ASIAI0B
Importing 'GUID: 3dde15f260b0dd1469e60d16eaa795dc - Path: Packages/com.unity.test-framework/UnityEditor.TestRunner/TestRunner/EditmodeWorkItemFactory.cs - Importer: ScriptedImporter/UnityEditor.QuickSearchModule:UnityEditor.Search:ASIAI0B' with importer (ScriptedImporter : UnityEditor.QuickSearchModule:UnityEditor.Search:ASIAI0B)
Imported 'GUID: 3dde15f260b0dd1469e60d16eaa795dc' -> (Import Result ID: '4dbbd9ffdd816ecc9fba342ba49266b2') in 0.001 seconds [static and dynamic dependencies]. Details - ImportResultOutputID=7b198ea64d11bb921c7d3c7f7480f7d1 DependenciesID=323a0e5ac161a09b36c43a60cf55504d StaticDependenciesID=0f53fdcce648a1525cf9e012e89b357f 
Number of updated asset objects reloaded before import = 0
Number of asset objects unloaded after import = 0
========================================================================
Received Import Request.
  Time of request: 2026-10-01T19:11:24.61019Z
  Time since last request: 0.000208 seconds.
  importAddress: GUID: 1d45b9d3cf85bee4f99c1492fca8438a - Path: Packages/com.unity.test-framework/UnityEditor.TestRunner/TestRun/TestRunCanceledException.cs - Importer: ScriptedImporter/UnityEditor.QuickSearchModule:UnityEditor.Search:ASIAI0B
Importing 'GUID: 1d45b9d3cf85bee4f99c1492fca8438a - Path: Packages/com.unity.test-framework/UnityEditor.TestRunner/TestRun/TestRunCanceledException.cs - Importer: ScriptedImporter/UnityEditor.QuickSearchModule:UnityEditor.Search:ASIAI0B' with importer (ScriptedImporter : UnityEditor.QuickSearchModule:UnityEditor.Search:ASIAI0B)
Imported 'GUID: 1d45b9d3cf85bee4f99c1492fca8438a' -> (Import Result ID: 'b136280750927527532cfea1b6a94661') in 0.001 seconds [static and dynamic dependencies]. Details - ImportResultOutputID=df43fb9176f7046faac1d8091973e8d3 DependenciesID=9aaeaf9f9186df94bd82f26a2dd52b24 StaticDependenciesID=c5b64bcc88e46362b0431913857a4f7f 
Number of updated asset objects reloaded before import = 0
Number of asset objects unloaded after import = 0
========================================================================
Received Import Request.
  Time of request: 2026-10-01T19:11:24.611338Z
  Time since last request: 0.00025325 seconds.
  importAddress: GUID: 83eda34b7da01e04aa894f268158b0c0 - Path: Packages/com.unity.test-framework/UnityEditor.TestRunner/TestSettings/ITestSettings.cs - Importer: ScriptedImporter/UnityEditor.QuickSearchModule:UnityEditor.Search:ASIAI0B
Importing 'GUID: 83eda34b7da01e04aa894f268158b0c0 - Path: Packages/com.unity.test-framework/UnityEditor.TestRunner/TestSettings/ITestSettings.cs - Importer: ScriptedImporter/UnityEditor.QuickSearchModule:UnityEditor.Search:ASIAI0B' with importer (ScriptedImporter : UnityEditor.QuickSearchModule:UnityEditor.Search:ASIAI0B)
Imported 'GUID: 83eda34b7da01e04aa894f268158b0c0' -> (Import Result ID: 'd2950a0310ed43fdd8f6e831278c9966') in 0.001 seconds [static and dynamic dependencies]. Details - ImportResultOutputID=0ec11c44f878409e9e24b021cd8f8c65 DependenciesID=55628a3b7eb730344f67f77580b14a3e StaticDependenciesID=1ee88e7873ae3be3e45d899c099f6fea 
Number of updated asset objects reloaded before import = 0
Number of asset objects unloaded after import = 0
========================================================================
Received Import Request.
  Time of request: 2026-10-01T19:11:24.612477Z
  Time since last request: 0.00033475 seconds.
  importAddress: GUID: 8a13cbeb2099aca47bb456f49845f86c - Path: Packages/com.unity.test-framework/UnityEditor.TestRunner/CommandLineTest/ISettingsBuilder.cs - Importer: ScriptedImporter/UnityEditor.QuickSearchModule:UnityEditor.Search:ASIAI0B
Importing 'GUID: 8a13cbeb2099aca47bb456f49845f86c - Path: Packages/com.unity.test-framework/UnityEditor.TestRunner/CommandLineTest/ISettingsBuilder.cs - Importer: ScriptedImporter/UnityEditor.QuickSearchModule:UnityEditor.Search:ASIAI0B' with importer (ScriptedImporter : UnityEditor.QuickSearchModule:UnityEditor.Search:ASIAI0B)
Imported 'GUID: 8a13cbeb2099aca47bb456f49845f86c' -> (Import Result ID: '0d5b48598828082b909bc485bce004d0') in 0.001 seconds [static and dynamic dependencies]. Details - ImportResultOutputID=ae7b51cca15b9970d4c1587f1ec7ce65 DependenciesID=f53c462e78849e4afd83c61b32575e55 StaticDependenciesID=47b0f295a68c231ba8f63c847a09a3e9 
Number of updated asset objects reloaded before import = 0
Number of asset objects unloaded after import = 0
========================================================================
Received Import Request.
  Time of request: 2026-10-01T19:11:24.614095Z
  Time since last request: 0.000592833 seconds.
  importAddress: GUID: 15f870c6975ad6449b5b52514b90dc2b - Path: Packages/com.unity.test-framework/UnityEditor.TestRunner/GUI/TestRunnerUIFilter.cs - Importer: ScriptedImporter/UnityEditor.QuickSearchModule:UnityEditor.Search:ASIAI0B
Importing 'GUID: 15f870c6975ad6449b5b52514b90dc2b - Path: Packages/com.unity.test-framework/UnityEditor.TestRunner/GUI/TestRunnerUIFilter.cs - Importer: ScriptedImporter/UnityEditor.QuickSearchModule:UnityEditor.Search:ASIAI0B' with importer (ScriptedImporter : UnityEditor.QuickSearchModule:UnityEditor.Search:ASIAI0B)
Imported 'GUID: 15f870c6975ad6449b5b52514b90dc2b' -> (Import Result ID: '7dcf96c96394a79aee3c8530fa1ecc15') in 0.001 seconds [static and dynamic dependencies]. Details - ImportResultOutputID=f33739655505c6dfa8ff152da4ddcbb6 DependenciesID=aaf2a383ca2c5cf15703d1f4c24aa060 StaticDependenciesID=192a23152de29eecb799ae1124678459 
Number of updated asset objects reloaded before import = 0
Number of asset objects unloaded after import = 0
========================================================================
Received Import Request.
  Time of request: 2026-10-01T19:11:24.615216Z
  Time since last request: 0.000243792 seconds.
  importAddress: GUID: 2ae2ce6274819484fa8747a28cebdf3a - Path: Packages/com.unity.test-framework/UnityEditor.TestRunner/Api/ITestRunSettings.cs - Importer: ScriptedImporter/UnityEditor.QuickSearchModule:UnityEditor.Search:ASIAI0B
Importing 'GUID: 2ae2ce6274819484fa8747a28cebdf3a - Path: Packages/com.unity.test-framework/UnityEditor.TestRunner/Api/ITestRunSettings.cs - Importer: ScriptedImporter/UnityEditor.QuickSearchModule:UnityEditor.Search:ASIAI0B' with importer (ScriptedImporter : UnityEditor.QuickSearchModule:UnityEditor.Search:ASIAI0B)
Imported 'GUID: 2ae2ce6274819484fa8747a28cebdf3a' -> (Import Result ID: '3d740993ef60b5a76261e1c8fe48657c') in 0.001 seconds [static and dynamic dependencies]. Details - ImportResultOutputID=1db7daf49c76032a07015f27673d7f35 DependenciesID=bb2e7a3b924bced0a40f16e09ae641d5 StaticDependenciesID=66b5d7c7212324c36dd4454422e35726 
Number of updated asset objects reloaded before import = 0
Number of asset objects unloaded after import = 0
========================================================================
Received Import Request.
  Time of request: 2026-10-01T19:11:24.616151Z
  Time since last request: 0.000244125 seconds.
  importAddress: GUID: b1516a46a16d458e8debc6b459b107ea - Path: Packages/com.unity.test-framework/UnityEditor.TestRunner/TestRun/TaskList.cs - Importer: ScriptedImporter/UnityEditor.QuickSearchModule:UnityEditor.Search:ASIAI0B
Importing 'GUID: b1516a46a16d458e8debc6b459b107ea - Path: Packages/com.unity.test-framework/UnityEditor.TestRunner/TestRun/TaskList.cs - Importer: ScriptedImporter/UnityEditor.QuickSearchModule:UnityEditor.Search:ASIAI0B' with importer (ScriptedImporter : UnityEditor.QuickSearchModule:UnityEditor.Search:ASIAI0B)
Imported 'GUID: b1516a46a16d458e8debc6b459b107ea' -> (Import Result ID: 'c4cf0a55dcd5111f10b7ea2c8dad574b') in 0.001 seconds [static and dynamic dependencies]. Details - ImportResultOutputID=b81b49a7456cd20c3ba070a081151c82 DependenciesID=92fc2e972ccdfba3b38545c79f2dae84 StaticDependenciesID=9d4b2927643aa1f783b668c75900e138 
Number of updated asset objects reloaded before import = 0
Number of asset objects unloaded after import = 0
========================================================================
Received Import Request.
  Time of request: 2026-10-01T19:11:24.617182Z
  Time since last request: 0.000214292 seconds.
  importAddress: GUID: 29d603e0a726a9043b3503112271844a - Path: Packages/com.unity.test-framework/UnityEditor.TestRunner/Api/ResultsWriter.cs - Importer: ScriptedImporter/UnityEditor.QuickSearchModule:UnityEditor.Search:ASIAI0B
Importing 'GUID: 29d603e0a726a9043b3503112271844a - Path: Packages/com.unity.test-framework/UnityEditor.TestRunner/Api/ResultsWriter.cs - Importer: ScriptedImporter/UnityEditor.QuickSearchModule:UnityEditor.Search:ASIAI0B' with importer (ScriptedImporter : UnityEditor.QuickSearchModule:UnityEditor.Search:ASIAI0B)
Imported 'GUID: 29d603e0a726a9043b3503112271844a' -> (Import Result ID: '62752692b988b3a9e3498320c7d88ba9') in 0.001 seconds [static and dynamic dependencies]. Details - ImportResultOutputID=22449e54e8d18981b7b7e50bc05a57c7 DependenciesID=2f566a8f583acfe9e99571c0f90fdf4b StaticDependenciesID=b9db687649fc8f59583587177c615d9e 
Number of updated asset objects reloaded before import = 0
Number of asset objects unloaded after import = 0
========================================================================
Received Import Request.
  Time of request: 2026-10-01T19:11:24.618177Z
  Time since last request: 0.000223125 seconds.
  importAddress: GUID: 6d16f2e78a356d34c9a32108929de932 - Path: Packages/com.unity.test-framework/UnityEditor.TestRunner/TestRunner/EditModePCHelper.cs - Importer: ScriptedImporter/UnityEditor.QuickSearchModule:UnityEditor.Search:ASIAI0B
Importing 'GUID: 6d16f2e78a356d34c9a32108929de932 - Path: Packages/com.unity.test-framework/UnityEditor.TestRunner/TestRunner/EditModePCHelper.cs - Importer: ScriptedImporter/UnityEditor.QuickSearchModule:UnityEditor.Search:ASIAI0B' with importer (ScriptedImporter : UnityEditor.QuickSearchModule:UnityEditor.Search:ASIAI0B)
Imported 'GUID: 6d16f2e78a356d34c9a32108929de932' -> (Import Result ID: '0b169996dfed11a31ab10bed4eb86c32') in 0.001 seconds [static and dynamic dependencies]. Details - ImportResultOutputID=5fc6999e6eda732e2fc357faa88eb96c DependenciesID=2a4dc7e9940db6b945a975ef1435aee4 StaticDependenciesID=2770db619c5831844feeb9bcdc764e4b 
Number of updated asset objects reloaded before import = 0
Number of asset objects unloaded after import = 0
========================================================================
Received Import Request.
  Time of request: 2026-10-01T19:11:24.619147Z
  Time since last request: 0.00018375 seconds.
  importAddress: GUID: 8069e1fc631e461ababf11f19a9c0df3 - Path: Packages/com.unity.test-framework/UnityEditor.TestRunner/GUI/UITestRunnerFilter.cs - Importer: ScriptedImporter/UnityEditor.QuickSearchModule:UnityEditor.Search:ASIAI0B
Importing 'GUID: 8069e1fc631e461ababf11f19a9c0df3 - Path: Packages/com.unity.test-framework/UnityEditor.TestRunner/GUI/UITestRunnerFilter.cs - Importer: ScriptedImporter/UnityEditor.QuickSearchModule:UnityEditor.Search:ASIAI0B' with importer (ScriptedImporter : UnityEditor.QuickSearchModule:UnityEditor.Search:ASIAI0B)
Imported 'GUID: 8069e1fc631e461ababf11f19a9c0df3' -> (Import Result ID: 'a7393801a4b593eb61a13c041d1b8aa9') in 0.001 seconds [static and dynamic dependencies]. Details - ImportResultOutputID=a58f41a5c1e53e543dddb728273472db DependenciesID=17d72125454bad84e16b640b82649270 StaticDependenciesID=b132c8a4e123e7e4f9873f5ef99add22 
Number of updated asset objects reloaded before import = 0
Number of asset objects unloaded after import = 0
========================================================================
Received Import Request.
  Time of request: 2026-10-01T19:11:24.620063Z
  Time since last request: 0.00018525 seconds.
  importAddress: GUID: c9219e99d466b7741a057132d1994f35 - Path: Packages/com.unity.test-framework/UnityEditor.TestRunner/TestRunner/EditModeRunner.cs - Importer: ScriptedImporter/UnityEditor.QuickSearchModule:UnityEditor.Search:ASIAI0B
Importing 'GUID: c9219e99d466b7741a057132d1994f35 - Path: Packages/com.unity.test-framework/UnityEditor.TestRunner/TestRunner/EditModeRunner.cs - Importer: ScriptedImporter/UnityEditor.QuickSearchModule:UnityEditor.Search:ASIAI0B' with importer (ScriptedImporter : UnityEditor.QuickSearchModule:UnityEditor.Search:ASIAI0B)
Imported 'GUID: c9219e99d466b7741a057132d1994f35' -> (Import Result ID: '329be1a435ec06f766a605be2bc54f68') in 0.001 seconds [static and dynamic dependencies]. Details - ImportResultOutputID=fef7baddf92d75ac546a02c7e72dcb00 DependenciesID=e224789e31240d31542187e822e9f06d StaticDependenciesID=346e0e45dfd618e301b6e42c366cfec3 
Number of updated asset objects reloaded before import = 0
Number of asset objects unloaded after import = 0
========================================================================
Received Import Request.
  Time of request: 2026-10-01T19:11:24.621059Z
  Time since last request: 0.000243791 seconds.
  importAddress: GUID: 8a06b6fbaa6f4191aa47b7e31242f061 - Path: Packages/com.unity.test-framework/UnityEditor.TestRunner/Api/TestRunProgress.cs - Importer: ScriptedImporter/UnityEditor.QuickSearchModule:UnityEditor.Search:ASIAI0B
Importing 'GUID: 8a06b6fbaa6f4191aa47b7e31242f061 - Path: Packages/com.unity.test-framework/UnityEditor.TestRunner/Api/TestRunProgress.cs - Importer: ScriptedImporter/UnityEditor.QuickSearchModule:UnityEditor.Search:ASIAI0B' with importer (ScriptedImporter : UnityEditor.QuickSearchModule:UnityEditor.Search:ASIAI0B)
Imported 'GUID: 8a06b6fbaa6f4191aa47b7e31242f061' -> (Import Result ID: '49d22c057983afffbb4516c86142abac') in 0.001 seconds [static and dynamic dependencies]. Details - ImportResultOutputID=59b6de92c33ea9e48891bb3f96142399 DependenciesID=49950ff05e64d92f36c93b42c04faf22 StaticDependenciesID=216ba822a3288564a6d80cc58bfdb576 
Number of updated asset objects reloaded before import = 0
Number of asset objects unloaded after import = 0
========================================================================
Received Import Request.
  Time of request: 2026-10-01T19:11:24.622604Z
  Time since last request: 0.000214416 seconds.
  importAddress: GUID: d0138170d24533e47b8e6c250c6d7fbc - Path: Packages/com.unity.test-framework/UnityEditor.TestRunner/GUI/GuiHelper.cs - Importer: ScriptedImporter/UnityEditor.QuickSearchModule:UnityEditor.Search:ASIAI0B
Importing 'GUID: d0138170d24533e47b8e6c250c6d7fbc - Path: Packages/com.unity.test-framework/UnityEditor.TestRunner/GUI/GuiHelper.cs - Importer: ScriptedImporter/UnityEditor.QuickSearchModule:UnityEditor.Search:ASIAI0B' with importer (ScriptedImporter : UnityEditor.QuickSearchModule:UnityEditor.Search:ASIAI0B)
Imported 'GUID: d0138170d24533e47b8e6c250c6d7fbc' -> (Import Result ID: '4b90ba46a6296af0769fd07d574c45f5') in 0.001 seconds [static and dynamic dependencies]. Details - ImportResultOutputID=783e6dfaba1490266dd9dfbea4892d3a DependenciesID=904715b6469a2307189c6c01eae4fad2 StaticDependenciesID=c4aad321ee96d2652714c6a92fcde56c 
Number of updated asset objects reloaded before import = 0
Number of asset objects unloaded after import = 0
========================================================================
Received Import Request.
  Time of request: 2026-10-01T19:11:24.623499Z
  Time since last request: 0.000205834 seconds.
  importAddress: GUID: ef563c5a6ecf64d4193dc144cb7d472a - Path: Packages/com.unity.test-framework/UnityEditor.TestRunner/CommandLineTest/ResultsSavingCallbacks.cs - Importer: ScriptedImporter/UnityEditor.QuickSearchModule:UnityEditor.Search:ASIAI0B
Importing 'GUID: ef563c5a6ecf64d4193dc144cb7d472a - Path: Packages/com.unity.test-framework/UnityEditor.TestRunner/CommandLineTest/ResultsSavingCallbacks.cs - Importer: ScriptedImporter/UnityEditor.QuickSearchModule:UnityEditor.Search:ASIAI0B' with importer (ScriptedImporter : UnityEditor.QuickSearchModule:UnityEditor.Search:ASIAI0B)
Imported 'GUID: ef563c5a6ecf64d4193dc144cb7d472a' -> (Import Result ID: 'b566a0a5eebc212d7872b1c22926dfb1') in 0.001 seconds [static and dynamic dependencies]. Details - ImportResultOutputID=1eb54642032bd524baf48f3fa834efe3 DependenciesID=de4ee4667add23982ea62ce114ecf481 StaticDependenciesID=da1b774daba185d0ef66cc308d53896f 
Number of updated asset objects reloaded before import = 0
Number of asset objects unloaded after import = 0
========================================================================
Received Import Request.
  Time of request: 2026-10-01T19:11:24.624367Z
  Time since last request: 0.000230125 seconds.
  importAddress: GUID: a3529368f4cd0424a89aa51080a16b06 - Path: Packages/com.unity.test-framework/UnityEditor.TestRunner/CommandLineParser/CommandLineOption.cs - Importer: ScriptedImporter/UnityEditor.QuickSearchModule:UnityEditor.Search:ASIAI0B
Importing 'GUID: a3529368f4cd0424a89aa51080a16b06 - Path: Packages/com.unity.test-framework/UnityEditor.TestRunner/CommandLineParser/CommandLineOption.cs - Importer: ScriptedImporter/UnityEditor.QuickSearchModule:UnityEditor.Search:ASIAI0B' with importer (ScriptedImporter : UnityEditor.QuickSearchModule:UnityEditor.Search:ASIAI0B)
Imported 'GUID: a3529368f4cd0424a89aa51080a16b06' -> (Import Result ID: 'aaa5e54cf92e251e2d3ff9bc2a6b4154') in 0.001 seconds [static and dynamic dependencies]. Details - ImportResultOutputID=65781f6b4361927dc9bc0b237a066d46 DependenciesID=59bb3aa9d32537bf8cd2129ba997b826 StaticDependenciesID=c82b75ad19da444e9d4849b2c3e2b796 
Number of updated asset objects reloaded before import = 0
Number of asset objects unloaded after import = 0
========================================================================
Received Import Request.
  Time of request: 2026-10-01T19:11:24.625392Z
  Time since last request: 0.000243083 seconds.
  importAddress: GUID: 5a0dfda606a24736913c00edd76e55f6 - Path: Packages/com.unity.test-framework/UnityEditor.TestRunner/GUI/TestRunnerGUI.cs - Importer: ScriptedImporter/UnityEditor.QuickSearchModule:UnityEditor.Search:ASIAI0B
Importing 'GUID: 5a0dfda606a24736913c00edd76e55f6 - Path: Packages/com.unity.test-framework/UnityEditor.TestRunner/GUI/TestRunnerGUI.cs - Importer: ScriptedImporter/UnityEditor.QuickSearchModule:UnityEditor.Search:ASIAI0B' with importer (ScriptedImporter : UnityEditor.QuickSearchModule:UnityEditor.Search:ASIAI0B)
Imported 'GUID: 5a0dfda606a24736913c00edd76e55f6' -> (Import Result ID: 'abda8e6a5c6120dcfa9f6d8c80700572') in 0.001 seconds [static and dynamic dependencies]. Details - ImportResultOutputID=c2813f3476341570e25ed9794cb66f8d DependenciesID=68517de6859c7a52501cb7d65a190e97 StaticDependenciesID=bc70309a1a9557307d7ccb61696d4ff2 
Number of updated asset objects reloaded before import = 0
Number of asset objects unloaded after import = 0
========================================================================
Received Import Request.
  Time of request: 2026-10-01T19:11:24.626553Z
  Time since last request: 0.000255375 seconds.
  importAddress: GUID: a582090813554df479fb9ca03e9857d3 - Path: Packages/com.unity.test-framework/UnityEditor.TestRunner/TestLaunchers/EditModeLauncherContextSettings.cs - Importer: ScriptedImporter/UnityEditor.QuickSearchModule:UnityEditor.Search:ASIAI0B
Importing 'GUID: a582090813554df479fb9ca03e9857d3 - Path: Packages/com.unity.test-framework/UnityEditor.TestRunner/TestLaunchers/EditModeLauncherContextSettings.cs - Importer: ScriptedImporter/UnityEditor.QuickSearchModule:UnityEditor.Search:ASIAI0B' with importer (ScriptedImporter : UnityEditor.QuickSearchModule:UnityEditor.Search:ASIAI0B)
Imported 'GUID: a582090813554df479fb9ca03e9857d3' -> (Import Result ID: '3ce9777e28bdb560ef1203f7b8059e10') in 0.001 seconds [static and dynamic dependencies]. Details - ImportResultOutputID=3d14ff141252bc82097d53916b29cc38 DependenciesID=0ea633b41ac9a72560bf808911e8dacb StaticDependenciesID=3c475adf21912f6d0e95e3092bb0719a 
Number of updated asset objects reloaded before import = 0
Number of asset objects unloaded after import = 0
========================================================================
Received Import Request.
  Time of request: 2026-10-01T19:11:24.627573Z
  Time since last request: 0.000200959 seconds.
  importAddress: GUID: 083c6a3a5426382449369ddc12b691d8 - Path: Packages/com.unity.test-framework/UnityEditor.TestRunner/CommandLineTest/Executer.cs - Importer: ScriptedImporter/UnityEditor.QuickSearchModule:UnityEditor.Search:ASIAI0B
Importing 'GUID: 083c6a3a5426382449369ddc12b691d8 - Path: Packages/com.unity.test-framework/UnityEditor.TestRunner/CommandLineTest/Executer.cs - Importer: ScriptedImporter/UnityEditor.QuickSearchModule:UnityEditor.Search:ASIAI0B' with importer (ScriptedImporter : UnityEditor.QuickSearchModule:UnityEditor.Search:ASIAI0B)
Imported 'GUID: 083c6a3a5426382449369ddc12b691d8' -> (Import Result ID: '75804af74a5a014192b2197dc4b8eac5') in 0.001 seconds [static and dynamic dependencies]. Details - ImportResultOutputID=fc02faa0ea6d7c6920fbb382cb955201 DependenciesID=7eb49d8748936c05a803c150986468fc StaticDependenciesID=d05281844b4357cf8d253fa4e221f22f 
Number of updated asset objects reloaded before import = 0
Number of asset objects unloaded after import = 0
========================================================================
Received Import Request.
  Time of request: 2026-10-01T19:11:24.628425Z
  Time since last request: 0.00018975 seconds.
  importAddress: GUID: d3217d58bbd1d2b4aaee933e2e8b9195 - Path: Packages/com.unity.test-framework/UnityEditor.TestRunner/TestLaunchers/PlaymodeLauncher.cs - Importer: ScriptedImporter/UnityEditor.QuickSearchModule:UnityEditor.Search:ASIAI0B
Importing 'GUID: d3217d58bbd1d2b4aaee933e2e8b9195 - Path: Packages/com.unity.test-framework/UnityEditor.TestRunner/TestLaunchers/PlaymodeLauncher.cs - Importer: ScriptedImporter/UnityEditor.QuickSearchModule:UnityEditor.Search:ASIAI0B' with importer (ScriptedImporter : UnityEditor.QuickSearchModule:UnityEditor.Search:ASIAI0B)
Imported 'GUID: d3217d58bbd1d2b4aaee933e2e8b9195' -> (Import Result ID: '7cac46ad8c42efa3ff3ead2f5b437e22') in 0.001 seconds [static and dynamic dependencies]. Details - ImportResultOutputID=d695c9a29d1974d7047887fc1d8c7f4c DependenciesID=2f9513608f2259d014357efed404cae7 StaticDependenciesID=7ac4dea275d060b9a6af68f922bd4482 
Number of updated asset objects reloaded before import = 0
Number of asset objects unloaded after import = 0
========================================================================
Received Import Request.
  Time of request: 2026-10-01T19:11:24.629423Z
  Time since last request: 0.000203417 seconds.
  importAddress: GUID: 1cddf785b0d07434d8e0607c97b09135 - Path: Packages/com.unity.test-framework/UnityEditor.TestRunner/TestLaunchers/TestLauncherBase.cs - Importer: ScriptedImporter/UnityEditor.QuickSearchModule:UnityEditor.Search:ASIAI0B
Importing 'GUID: 1cddf785b0d07434d8e0607c97b09135 - Path: Packages/com.unity.test-framework/UnityEditor.TestRunner/TestLaunchers/TestLauncherBase.cs - Importer: ScriptedImporter/UnityEditor.QuickSearchModule:UnityEditor.Search:ASIAI0B' with importer (ScriptedImporter : UnityEditor.QuickSearchModule:UnityEditor.Search:ASIAI0B)
Imported 'GUID: 1cddf785b0d07434d8e0607c97b09135' -> (Import Result ID: '56fe7fc77e6a4511ff3754d97769a72c') in 0.001 seconds [static and dynamic dependencies]. Details - ImportResultOutputID=4c8cc30c548ddb1e969587dc67e05ef4 DependenciesID=04848c609a9c8fdf1e838cd17ca318a3 StaticDependenciesID=b58f9560809b39118c2a9ffed61b114c 
Number of updated asset objects reloaded before import = 0
Number of asset objects unloaded after import = 0
========================================================================
Received Import Request.
  Time of request: 2026-10-01T19:11:24.630484Z
  Time since last request: 0.0002265 seconds.
  importAddress: GUID: 124533853216377448d786fd7c725701 - Path: Packages/com.unity.test-framework/UnityEditor.TestRunner/NUnitExtension/TestRunnerStateSerializer.cs - Importer: ScriptedImporter/UnityEditor.QuickSearchModule:UnityEditor.Search:ASIAI0B
Importing 'GUID: 124533853216377448d786fd7c725701 - Path: Packages/com.unity.test-framework/UnityEditor.TestRunner/NUnitExtension/TestRunnerStateSerializer.cs - Importer: ScriptedImporter/UnityEditor.QuickSearchModule:UnityEditor.Search:ASIAI0B' with importer (ScriptedImporter : UnityEditor.QuickSearchModule:UnityEditor.Search:ASIAI0B)
Imported 'GUID: 124533853216377448d786fd7c725701' -> (Import Result ID: '636d97e9a35c294ffb0e3669102478da') in 0.001 seconds [static and dynamic dependencies]. Details - ImportResultOutputID=1fa35f9ee58f275d942d701a63ffed2c DependenciesID=e789c6fc60cbbecbf1de261697c9fdf8 StaticDependenciesID=42411b5f69b3d469d2ea48a2d22e45f4 
Number of updated asset objects reloaded before import = 0
Number of asset objects unloaded after import = 0
========================================================================
Received Import Request.
  Time of request: 2026-10-01T19:11:24.631478Z
  Time since last request: 0.000200375 seconds.
  importAddress: GUID: 3297738ef11b478a8b7ee802953ae768 - Path: Packages/com.unity.test-framework/UnityEditor.TestRunner/CommandLineTest/IExecuter.cs - Importer: ScriptedImporter/UnityEditor.QuickSearchModule:UnityEditor.Search:ASIAI0B
Importing 'GUID: 3297738ef11b478a8b7ee802953ae768 - Path: Packages/com.unity.test-framework/UnityEditor.TestRunner/CommandLineTest/IExecuter.cs - Importer: ScriptedImporter/UnityEditor.QuickSearchModule:UnityEditor.Search:ASIAI0B' with importer (ScriptedImporter : UnityEditor.QuickSearchModule:UnityEditor.Search:ASIAI0B)
Imported 'GUID: 3297738ef11b478a8b7ee802953ae768' -> (Import Result ID: 'db3dd0ee9513c37543c33deb3f888cbe') in 0.001 seconds [static and dynamic dependencies]. Details - ImportResultOutputID=480cdcb9548500aecb2e56d2437681f9 DependenciesID=5635850307e4ff7171f6dc17a59789a9 StaticDependenciesID=60739ca7899b5ea4f1f18d095c4f6cbb 
Number of updated asset objects reloaded before import = 0
Number of asset objects unloaded after import = 0
========================================================================
Received Import Request.
  Time of request: 2026-10-01T19:11:24.632325Z
  Time since last request: 0.000183291 seconds.
  importAddress: GUID: 4230e406313f1db43a4b548e7a3ad2e2 - Path: Packages/com.unity.test-framework/UnityEditor.TestRunner/Api/ITestTreeRebuildCallbacks.cs - Importer: ScriptedImporter/UnityEditor.QuickSearchModule:UnityEditor.Search:ASIAI0B
Importing 'GUID: 4230e406313f1db43a4b548e7a3ad2e2 - Path: Packages/com.unity.test-framework/UnityEditor.TestRunner/Api/ITestTreeRebuildCallbacks.cs - Importer: ScriptedImporter/UnityEditor.QuickSearchModule:UnityEditor.Search:ASIAI0B' with importer (ScriptedImporter : UnityEditor.QuickSearchModule:UnityEditor.Search:ASIAI0B)
Imported 'GUID: 4230e406313f1db43a4b548e7a3ad2e2' -> (Import Result ID: '687ebcc6c2d18a759808d91c0fbfbc0f') in 0.001 seconds [static and dynamic dependencies]. Details - ImportResultOutputID=a1129800e1375b43a194802eabb9bff2 DependenciesID=4e0f60d152038f709c515ad68b6d413c StaticDependenciesID=c3a32a4f991debf53fb383f0a1eda4d0 
Number of updated asset objects reloaded before import = 0
Number of asset objects unloaded after import = 0
========================================================================
Received Import Request.
  Time of request: 2026-10-01T19:11:24.633448Z
  Time since last request: 0.00020825 seconds.
  importAddress: GUID: a7842a837a4b13e41ae16193db753418 - Path: Packages/com.unity.test-framework/UnityEditor.TestRunner/Api/ITestRunnerApi.cs - Importer: ScriptedImporter/UnityEditor.QuickSearchModule:UnityEditor.Search:ASIAI0B
Importing 'GUID: a7842a837a4b13e41ae16193db753418 - Path: Packages/com.unity.test-framework/UnityEditor.TestRunner/Api/ITestRunnerApi.cs - Importer: ScriptedImporter/UnityEditor.QuickSearchModule:UnityEditor.Search:ASIAI0B' with importer (ScriptedImporter : UnityEditor.QuickSearchModule:UnityEditor.Search:ASIAI0B)
Imported 'GUID: a7842a837a4b13e41ae16193db753418' -> (Import Result ID: 'ea8a92d730e814cc2f2db1e666440f5e') in 0.001 seconds [static and dynamic dependencies]. Details - ImportResultOutputID=3e6ba21948002fc36d4e2385bb582aa0 DependenciesID=9cc0a81460505949a3b4f4191bf5a675 StaticDependenciesID=431edeb2cdd646e3bace87b635c286b5 
Number of updated asset objects reloaded before import = 0
Number of asset objects unloaded after import = 0
========================================================================
Received Import Request.
  Time of request: 2026-10-01T19:11:24.634388Z
  Time since last request: 0.000199916 seconds.
  importAddress: GUID: cad095eccea17b741bc4cd264e7441cd - Path: Packages/com.unity.test-framework/UnityEditor.TestRunner/Api/TestMode.cs - Importer: ScriptedImporter/UnityEditor.QuickSearchModule:UnityEditor.Search:ASIAI0B
Importing 'GUID: cad095eccea17b741bc4cd264e7441cd - Path: Packages/com.unity.test-framework/UnityEditor.TestRunner/Api/TestMode.cs - Importer: ScriptedImporter/UnityEditor.QuickSearchModule:UnityEditor.Search:ASIAI0B' with importer (ScriptedImporter : UnityEditor.QuickSearchModule:UnityEditor.Search:ASIAI0B)
Imported 'GUID: cad095eccea17b741bc4cd264e7441cd' -> (Import Result ID: '4ab1408dfc5adae9c58c167e1037214e') in 0.001 seconds [static and dynamic dependencies]. Details - ImportResultOutputID=c67da25bc741b47792f3b06155910824 DependenciesID=285aa7783309eb926835244520967194 StaticDependenciesID=c6d624315335bad22bd19f0e0b4d012f 
Number of updated asset objects reloaded before import = 0
Number of asset objects unloaded after import = 0
========================================================================
Received Import Request.
  Time of request: 2026-10-01T19:11:24.635302Z
  Time since last request: 0.000263042 seconds.
  importAddress: GUID: 4d616d1a494edd144b262cf6cd5e5fda - Path: Packages/com.unity.test-framework/UnityEditor.TestRunner/CommandLineTest/TestStarter.cs - Importer: ScriptedImporter/UnityEditor.QuickSearchModule:UnityEditor.Search:ASIAI0B
Importing 'GUID: 4d616d1a494edd144b262cf6cd5e5fda - Path: Packages/com.unity.test-framework/UnityEditor.TestRunner/CommandLineTest/TestStarter.cs - Importer: ScriptedImporter/UnityEditor.QuickSearchModule:UnityEditor.Search:ASIAI0B' with importer (ScriptedImporter : UnityEditor.QuickSearchModule:UnityEditor.Search:ASIAI0B)
Imported 'GUID: 4d616d1a494edd144b262cf6cd5e5fda' -> (Import Result ID: '3124c5e02ede8ca9f3f11845b432169e') in 0.001 seconds [static and dynamic dependencies]. Details - ImportResultOutputID=d20c521ff4595b3bc6aa93b810f15eda DependenciesID=9328ec32c4b44888ba73c82d4e6e8273 StaticDependenciesID=fac7c0b1bb49194eaaec97ed7357de62 
Number of updated asset objects reloaded before import = 0
Number of asset objects unloaded after import = 0
========================================================================
Received Import Request.
  Time of request: 2026-10-01T19:11:24.636291Z
  Time since last request: 0.000184375 seconds.
  importAddress: GUID: a04a45bbed9e1714f9902fc9443669b9 - Path: Packages/com.unity.test-framework/UnityEditor.TestRunner/GUI/TestRunnerResult.cs - Importer: ScriptedImporter/UnityEditor.QuickSearchModule:UnityEditor.Search:ASIAI0B
Importing 'GUID: a04a45bbed9e1714f9902fc9443669b9 - Path: Packages/com.unity.test-framework/UnityEditor.TestRunner/GUI/TestRunnerResult.cs - Importer: ScriptedImporter/UnityEditor.QuickSearchModule:UnityEditor.Search:ASIAI0B' with importer (ScriptedImporter : UnityEditor.QuickSearchModule:UnityEditor.Search:ASIAI0B)
Imported 'GUID: a04a45bbed9e1714f9902fc9443669b9' -> (Import Result ID: '03823692d57f68004794b29016608554') in 0.001 seconds [static and dynamic dependencies]. Details - ImportResultOutputID=87d4a7e9837afa9339e12201d2d1c46c DependenciesID=94d4d34e625075a90f6deeea659c85af StaticDependenciesID=ea80f2a239b09b2314958c27ca1dc9ab 
Number of updated asset objects reloaded before import = 0
Number of asset objects unloaded after import = 0
========================================================================
Received Import Request.
  Time of request: 2026-10-01T19:11:24.637252Z
  Time since last request: 0.000212334 seconds.
  importAddress: GUID: 8173ba5b162e4e5882521d173c36acec - Path: Packages/com.unity.test-framework/UnityEditor.TestRunner/TestRun/ITestJobRunner.cs - Importer: ScriptedImporter/UnityEditor.QuickSearchModule:UnityEditor.Search:ASIAI0B
Importing 'GUID: 8173ba5b162e4e5882521d173c36acec - Path: Packages/com.unity.test-framework/UnityEditor.TestRunner/TestRun/ITestJobRunner.cs - Importer: ScriptedImporter/UnityEditor.QuickSearchModule:UnityEditor.Search:ASIAI0B' with importer (ScriptedImporter : UnityEditor.QuickSearchModule:UnityEditor.Search:ASIAI0B)
Imported 'GUID: 8173ba5b162e4e5882521d173c36acec' -> (Import Result ID: 'b1f4741e65bd0d5c470042cdb2191401') in 0.001 seconds [static and dynamic dependencies]. Details - ImportResultOutputID=832a534ecbd9e0c0bac4da988177196e DependenciesID=24a3517b0ad61e1af58712f8d4e9c90c StaticDependenciesID=b90682fbc4914c23920fb6a4d6ecedd1 
Number of updated asset objects reloaded before import = 0
Number of asset objects unloaded after import = 0
========================================================================
Received Import Request.
  Time of request: 2026-10-01T19:11:24.638111Z
  Time since last request: 0.000181166 seconds.
  importAddress: GUID: 3f8c1075884df0249b80e23a0598f9c1 - Path: Packages/com.unity.test-framework/UnityEditor.TestRunner/CommandLineTest/RunData.cs - Importer: ScriptedImporter/UnityEditor.QuickSearchModule:UnityEditor.Search:ASIAI0B
Importing 'GUID: 3f8c1075884df0249b80e23a0598f9c1 - Path: Packages/com.unity.test-framework/UnityEditor.TestRunner/CommandLineTest/RunData.cs - Importer: ScriptedImporter/UnityEditor.QuickSearchModule:UnityEditor.Search:ASIAI0B' with importer (ScriptedImporter : UnityEditor.QuickSearchModule:UnityEditor.Search:ASIAI0B)
Imported 'GUID: 3f8c1075884df0249b80e23a0598f9c1' -> (Import Result ID: '60a9b6563c483a9bd88249d4fe2b6f42') in 0.001 seconds [static and dynamic dependencies]. Details - ImportResultOutputID=febfd4e6ded6e503e95737ea1a5a775e DependenciesID=f68cd41e6d1e9313dc26eec4181b7eb7 StaticDependenciesID=0f83f18ceea8e36fe309d07a3a1dc3d3 
Number of updated asset objects reloaded before import = 0
Number of asset objects unloaded after import = 0
========================================================================
Received Import Request.
  Time of request: 2026-10-01T19:11:24.639064Z
  Time since last request: 0.000220875 seconds.
  importAddress: GUID: 63572993f2104574099a48392460b211 - Path: Packages/com.unity.test-framework/UnityEditor.TestRunner/CommandLineTest/SetupException.cs - Importer: ScriptedImporter/UnityEditor.QuickSearchModule:UnityEditor.Search:ASIAI0B
Importing 'GUID: 63572993f2104574099a48392460b211 - Path: Packages/com.unity.test-framework/UnityEditor.TestRunner/CommandLineTest/SetupException.cs - Importer: ScriptedImporter/UnityEditor.QuickSearchModule:UnityEditor.Search:ASIAI0B' with importer (ScriptedImporter : UnityEditor.QuickSearchModule:UnityEditor.Search:ASIAI0B)
Imported 'GUID: 63572993f2104574099a48392460b211' -> (Import Result ID: '7a2ef29f8d2c6de1a22f7829d672287a') in 0.001 seconds [static and dynamic dependencies]. Details - ImportResultOutputID=b25c90665cd779e298b254798aa56a67 DependenciesID=0a8927a80ff13231507923024be53a21 StaticDependenciesID=e2e3fb98f9af3000375b4c9714810ff7 
Number of updated asset objects reloaded before import = 0
Number of asset objects unloaded after import = 0
========================================================================
Received Import Request.
  Time of request: 2026-10-01T19:11:24.64001Z
  Time since last request: 0.000205708 seconds.
  importAddress: GUID: 6e0e62db88935c74288c97c907243bd0 - Path: Packages/com.unity.test-framework/UnityEditor.TestRunner/Api/TestAdaptor.cs - Importer: ScriptedImporter/UnityEditor.QuickSearchModule:UnityEditor.Search:ASIAI0B
Importing 'GUID: 6e0e62db88935c74288c97c907243bd0 - Path: Packages/com.unity.test-framework/UnityEditor.TestRunner/Api/TestAdaptor.cs - Importer: ScriptedImporter/UnityEditor.QuickSearchModule:UnityEditor.Search:ASIAI0B' with importer (ScriptedImporter : UnityEditor.QuickSearchModule:UnityEditor.Search:ASIAI0B)
Imported 'GUID: 6e0e62db88935c74288c97c907243bd0' -> (Import Result ID: '791b0a612f77ad27cebd5c6f6b14ee0d') in 0.001 seconds [static and dynamic dependencies]. Details - ImportResultOutputID=1363d3bcd2a58043afa0986e73eb2d36 DependenciesID=1b4be7890dc6815537bb4f1d28273775 StaticDependenciesID=253812df16c96a48e653d330e21dc382 
Number of updated asset objects reloaded before import = 0
Number of asset objects unloaded after import = 0
========================================================================
Received Import Request.
  Time of request: 2026-10-01T19:11:24.640899Z
  Time since last request: 0.000210458 seconds.
  importAddress: GUID: 43db38ca7188900429bf8be95ebbe197 - Path: Packages/com.unity.test-framework/UnityEditor.TestRunner/CommandLineTest/RunStateCallbacks.cs - Importer: ScriptedImporter/UnityEditor.QuickSearchModule:UnityEditor.Search:ASIAI0B
Importing 'GUID: 43db38ca7188900429bf8be95ebbe197 - Path: Packages/com.unity.test-framework/UnityEditor.TestRunner/CommandLineTest/RunStateCallbacks.cs - Importer: ScriptedImporter/UnityEditor.QuickSearchModule:UnityEditor.Search:ASIAI0B' with importer (ScriptedImporter : UnityEditor.QuickSearchModule:UnityEditor.Search:ASIAI0B)
Imported 'GUID: 43db38ca7188900429bf8be95ebbe197' -> (Import Result ID: 'de8f9866860c3a8d0958e40e5f5d27cb') in 0.001 seconds [static and dynamic dependencies]. Details - ImportResultOutputID=a3f8433c233283854322eb7a6b70995f DependenciesID=1692c61ef7d645711a00b0f596679f97 StaticDependenciesID=6b0307aabf28261cbfb70b87420b6753 
Number of updated asset objects reloaded before import = 0
Number of asset objects unloaded after import = 0
========================================================================
Received Import Request.
  Time of request: 2026-10-01T19:11:24.641873Z
  Time since last request: 0.000204792 seconds.
  importAddress: GUID: 7d0a7ea6062a4f42bcea6cb642817537 - Path: Packages/com.unity.test-framework/UnityEditor.TestRunner/TestRun/ITestJobDataHolder.cs - Importer: ScriptedImporter/UnityEditor.QuickSearchModule:UnityEditor.Search:ASIAI0B
Importing 'GUID: 7d0a7ea6062a4f42bcea6cb642817537 - Path: Packages/com.unity.test-framework/UnityEditor.TestRunner/TestRun/ITestJobDataHolder.cs - Importer: ScriptedImporter/UnityEditor.QuickSearchModule:UnityEditor.Search:ASIAI0B' with importer (ScriptedImporter : UnityEditor.QuickSearchModule:UnityEditor.Search:ASIAI0B)
Imported 'GUID: 7d0a7ea6062a4f42bcea6cb642817537' -> (Import Result ID: '25ce24384102a640c0d24fc91cf3bdad') in 0.001 seconds [static and dynamic dependencies]. Details - ImportResultOutputID=ca93e7f740b02f371b70824eaef0a4f2 DependenciesID=2b6eba3a6ebba2b362f8732de5b7654e StaticDependenciesID=f17848506f2261f8ca834fc0d870aa63 
Number of updated asset objects reloaded before import = 0
Number of asset objects unloaded after import = 0
========================================================================
Received Import Request.
  Time of request: 2026-10-01T19:11:24.642794Z
  Time since last request: 0.000177583 seconds.
  importAddress: GUID: 901b761c5c1e22d4e8a3ba7d95bc1f5d - Path: Packages/com.unity.test-framework/UnityEditor.TestRunner/TestRunner/EnumeratorStepHelper.cs - Importer: ScriptedImporter/UnityEditor.QuickSearchModule:UnityEditor.Search:ASIAI0B
Importing 'GUID: 901b761c5c1e22d4e8a3ba7d95bc1f5d - Path: Packages/com.unity.test-framework/UnityEditor.TestRunner/TestRunner/EnumeratorStepHelper.cs - Importer: ScriptedImporter/UnityEditor.QuickSearchModule:UnityEditor.Search:ASIAI0B' with importer (ScriptedImporter : UnityEditor.QuickSearchModule:UnityEditor.Search:ASIAI0B)
Imported 'GUID: 901b761c5c1e22d4e8a3ba7d95bc1f5d' -> (Import Result ID: '0901c433347fbe8f35a5926e04ffa22a') in 0.001 seconds [static and dynamic dependencies]. Details - ImportResultOutputID=d53f27220d5368381c1ad657610df84f DependenciesID=b0e5a7037c4cdf3a66e8148473cdf52e StaticDependenciesID=4c1d6a373c4d3471c3fdbdf1288a0f49 
Number of updated asset objects reloaded before import = 0
Number of asset objects unloaded after import = 0
========================================================================
Received Import Request.
  Time of request: 2026-10-01T19:11:24.643797Z
  Time since last request: 0.000168041 seconds.
  importAddress: GUID: a785dd14005a471483d6732fabeee0ea - Path: Packages/com.unity.test-framework/UnityEditor.TestRunner/Api/IgnoreTest.cs - Importer: ScriptedImporter/UnityEditor.QuickSearchModule:UnityEditor.Search:ASIAI0B
Importing 'GUID: a785dd14005a471483d6732fabeee0ea - Path: Packages/com.unity.test-framework/UnityEditor.TestRunner/Api/IgnoreTest.cs - Importer: ScriptedImporter/UnityEditor.QuickSearchModule:UnityEditor.Search:ASIAI0B' with importer (ScriptedImporter : UnityEditor.QuickSearchModule:UnityEditor.Search:ASIAI0B)
Imported 'GUID: a785dd14005a471483d6732fabeee0ea' -> (Import Result ID: '2c2085c84e2941205a8a0178363e3694') in 0.001 seconds [static and dynamic dependencies]. Details - ImportResultOutputID=fb1d7ad9b51c1f879946d50da213e915 DependenciesID=b3f8b3682d51a2ed9546bbd40baa599f StaticDependenciesID=57d2823d25f02ad23dc3d96601ae3177 
Number of updated asset objects reloaded before import = 0
Number of asset objects unloaded after import = 0
========================================================================
Received Import Request.
  Time of request: 2026-10-01T19:11:24.645465Z
  Time since last request: 0.000194083 seconds.
  importAddress: GUID: 59d3f5586b341a74c84c8f72144a4568 - Path: Packages/com.unity.test-framework/UnityEditor.TestRunner/CommandLineTest/RunSettings.cs - Importer: ScriptedImporter/UnityEditor.QuickSearchModule:UnityEditor.Search:ASIAI0B
Importing 'GUID: 59d3f5586b341a74c84c8f72144a4568 - Path: Packages/com.unity.test-framework/UnityEditor.TestRunner/CommandLineTest/RunSettings.cs - Importer: ScriptedImporter/UnityEditor.QuickSearchModule:UnityEditor.Search:ASIAI0B' with importer (ScriptedImporter : UnityEditor.QuickSearchModule:UnityEditor.Search:ASIAI0B)
Imported 'GUID: 59d3f5586b341a74c84c8f72144a4568' -> (Import Result ID: 'ba34d78d77a3c5278f281f922dd13e00') in 0.001 seconds [static and dynamic dependencies]. Details - ImportResultOutputID=8e16efe86757df4027bedafa0a4d06f1 DependenciesID=e26afc5ae67e448f5a5f92f96a56c921 StaticDependenciesID=b336cde5e829eb062f4a257f2cc97eaa 
Number of updated asset objects reloaded before import = 0
Number of asset objects unloaded after import = 0
========================================================================
Received Import Request.
  Time of request: 2026-10-01T19:11:24.646632Z
  Time since last request: 0.000239416 seconds.
  importAddress: GUID: 612b00d793cac3c49808ab3ee5428f16 - Path: Packages/com.unity.test-framework/UnityEditor.TestRunner/TestRun/TestJobDataHolder.cs - Importer: ScriptedImporter/UnityEditor.QuickSearchModule:UnityEditor.Search:ASIAI0B
Importing 'GUID: 612b00d793cac3c49808ab3ee5428f16 - Path: Packages/com.unity.test-framework/UnityEditor.TestRunner/TestRun/TestJobDataHolder.cs - Importer: ScriptedImporter/UnityEditor.QuickSearchModule:UnityEditor.Search:ASIAI0B' with importer (ScriptedImporter : UnityEditor.QuickSearchModule:UnityEditor.Search:ASIAI0B)
Imported 'GUID: 612b00d793cac3c49808ab3ee5428f16' -> (Import Result ID: '84f8a3887e61de0df15120d84ffee1c3') in 0.001 seconds [static and dynamic dependencies]. Details - ImportResultOutputID=62c36b042e1852745f0089fe413ad50e DependenciesID=b5e3b4ef638dc4287bc163258b7f1697 StaticDependenciesID=e8cd520ddf92de4243c0851031bb837e 
Number of updated asset objects reloaded before import = 0
Number of asset objects unloaded after import = 0
========================================================================
Received Import Request.
  Time of request: 2026-10-01T19:11:24.647621Z
  Time since last request: 0.000192416 seconds.
  importAddress: GUID: 139c5eac101a4dc4fb3098e30c29f15e - Path: Packages/com.unity.test-framework/UnityEditor.TestRunner/CommandLineParser/CommandLineOptionSet.cs - Importer: ScriptedImporter/UnityEditor.QuickSearchModule:UnityEditor.Search:ASIAI0B
Importing 'GUID: 139c5eac101a4dc4fb3098e30c29f15e - Path: Packages/com.unity.test-framework/UnityEditor.TestRunner/CommandLineParser/CommandLineOptionSet.cs - Importer: ScriptedImporter/UnityEditor.QuickSearchModule:UnityEditor.Search:ASIAI0B' with importer (ScriptedImporter : UnityEditor.QuickSearchModule:UnityEditor.Search:ASIAI0B)
Imported 'GUID: 139c5eac101a4dc4fb3098e30c29f15e' -> (Import Result ID: 'fff4be287d1bfeb8d3320c4f61d1db01') in 0.001 seconds [static and dynamic dependencies]. Details - ImportResultOutputID=5aca4ebae41927c9f261d025881844c0 DependenciesID=22c550d48b86d3ebeb2d36775e5bea25 StaticDependenciesID=0f6c590342527609b347bf15d43341bc 
Number of updated asset objects reloaded before import = 0
Number of asset objects unloaded after import = 0
========================================================================
Received Import Request.
  Time of request: 2026-10-01T19:11:24.64863Z
  Time since last request: 0.000197583 seconds.
  importAddress: GUID: d208a1684f8aa6a40ad91d6aa9600c14 - Path: Packages/com.unity.test-framework/UnityEditor.TestRunner/TestSettings/ITestSettingsDeserializer.cs - Importer: ScriptedImporter/UnityEditor.QuickSearchModule:UnityEditor.Search:ASIAI0B
Importing 'GUID: d208a1684f8aa6a40ad91d6aa9600c14 - Path: Packages/com.unity.test-framework/UnityEditor.TestRunner/TestSettings/ITestSettingsDeserializer.cs - Importer: ScriptedImporter/UnityEditor.QuickSearchModule:UnityEditor.Search:ASIAI0B' with importer (ScriptedImporter : UnityEditor.QuickSearchModule:UnityEditor.Search:ASIAI0B)
Imported 'GUID: d208a1684f8aa6a40ad91d6aa9600c14' -> (Import Result ID: '4984aaa3e0a21486da64f84ac516912f') in 0.001 seconds [static and dynamic dependencies]. Details - ImportResultOutputID=d0f8653d3654edf80d41ac2dcd789116 DependenciesID=891e572d6a2bbdf6766b4958fe299ead StaticDependenciesID=ce55dee587119e94f4438c4bfb33550e 
Number of updated asset objects reloaded before import = 0
Number of asset objects unloaded after import = 0
========================================================================
Received Import Request.
  Time of request: 2026-10-01T19:11:24.660336Z
  Time since last request: 0.010977125 seconds.
  importAddress: GUID: 621fd19bcb071b64aa1d68f0271aa780 - Path: Packages/com.unity.test-framework/UnityEngine.TestRunner/Utils/PostBuildCleanupAttribute.cs - Importer: ScriptedImporter/UnityEditor.QuickSearchModule:UnityEditor.Search:ASIAI0B
Importing 'GUID: 621fd19bcb071b64aa1d68f0271aa780 - Path: Packages/com.unity.test-framework/UnityEngine.TestRunner/Utils/PostBuildCleanupAttribute.cs - Importer: ScriptedImporter/UnityEditor.QuickSearchModule:UnityEditor.Search:ASIAI0B' with importer (ScriptedImporter : UnityEditor.QuickSearchModule:UnityEditor.Search:ASIAI0B)
Imported 'GUID: 621fd19bcb071b64aa1d68f0271aa780' -> (Import Result ID: 'f87d83a5e35add635588c329f0bd71b3') in 0.001 seconds [static and dynamic dependencies]. Details - ImportResultOutputID=c1ee7e8afca277dddbe8f14ce2500c80 DependenciesID=0e3cb69b848e2a9ebaf52d28b31a85c0 StaticDependenciesID=78bdeb71f8e7652a404ea4105cf91059 
Number of updated asset objects reloaded before import = 0
Number of asset objects unloaded after import = 0
========================================================================
Received Import Request.
  Time of request: 2026-10-01T19:11:24.661938Z
  Time since last request: 0.000308292 seconds.
  importAddress: GUID: 68a48d1900320ed458e118415857faf6 - Path: Packages/com.unity.test-framework/UnityEngine.TestRunner/Assertions/ConstraintsExtensions.cs - Importer: ScriptedImporter/UnityEditor.QuickSearchModule:UnityEditor.Search:ASIAI0B
Importing 'GUID: 68a48d1900320ed458e118415857faf6 - Path: Packages/com.unity.test-framework/UnityEngine.TestRunner/Assertions/ConstraintsExtensions.cs - Importer: ScriptedImporter/UnityEditor.QuickSearchModule:UnityEditor.Search:ASIAI0B' with importer (ScriptedImporter : UnityEditor.QuickSearchModule:UnityEditor.Search:ASIAI0B)
Imported 'GUID: 68a48d1900320ed458e118415857faf6' -> (Import Result ID: '79f841be4e8bac6685facc1d83a587a6') in 0.001 seconds [static and dynamic dependencies]. Details - ImportResultOutputID=57e67a22544bf302c85952c81bcaffe7 DependenciesID=4ee296113406d500da64cd3a1187f81e StaticDependenciesID=726b293ea8fabd12a299c71f2a7c94be 
Number of updated asset objects reloaded before import = 0
Number of asset objects unloaded after import = 0
========================================================================
Received Import Request.
  Time of request: 2026-10-01T19:11:24.663186Z
  Time since last request: 0.000234875 seconds.
  importAddress: GUID: 6a3af79041a1431ab3a2a9395a7ed2ae - Path: Packages/com.unity.test-framework/UnityEngine.TestRunner/NUnitExtensions/OrderedTestSuiteModifier.cs - Importer: ScriptedImporter/UnityEditor.QuickSearchModule:UnityEditor.Search:ASIAI0B
Importing 'GUID: 6a3af79041a1431ab3a2a9395a7ed2ae - Path: Packages/com.unity.test-framework/UnityEngine.TestRunner/NUnitExtensions/OrderedTestSuiteModifier.cs - Importer: ScriptedImporter/UnityEditor.QuickSearchModule:UnityEditor.Search:ASIAI0B' with importer (ScriptedImporter : UnityEditor.QuickSearchModule:UnityEditor.Search:ASIAI0B)
Imported 'GUID: 6a3af79041a1431ab3a2a9395a7ed2ae' -> (Import Result ID: 'e28f45ec22e58e8acea121752d41e74e') in 0.001 seconds [static and dynamic dependencies]. Details - ImportResultOutputID=d1737cc6bf24f9d959a7e276d03399f2 DependenciesID=740cd54c87b6594805a7cbbf3f131f79 StaticDependenciesID=50c93c9eb172938a2f02662e69adac9c 
Number of updated asset objects reloaded before import = 0
Number of asset objects unloaded after import = 0
========================================================================
Received Import Request.
  Time of request: 2026-10-01T19:11:24.664291Z
  Time since last request: 0.000299084 seconds.
  importAddress: GUID: d0abdd8cb6b29a24c8ee19626ef741b9 - Path: Packages/com.unity.test-framework/UnityEditor.TestRunner/UnityTestProtocol/UtpDebuglogger.cs - Importer: ScriptedImporter/UnityEditor.QuickSearchModule:UnityEditor.Search:ASIAI0B
Importing 'GUID: d0abdd8cb6b29a24c8ee19626ef741b9 - Path: Packages/com.unity.test-framework/UnityEditor.TestRunner/UnityTestProtocol/UtpDebuglogger.cs - Importer: ScriptedImporter/UnityEditor.QuickSearchModule:UnityEditor.Search:ASIAI0B' with importer (ScriptedImporter : UnityEditor.QuickSearchModule:UnityEditor.Search:ASIAI0B)
Imported 'GUID: d0abdd8cb6b29a24c8ee19626ef741b9' -> (Import Result ID: 'a93499f78d0c44e7f6bb2d27bc176e96') in 0.001 seconds [static and dynamic dependencies]. Details - ImportResultOutputID=ae4a842278a0461ec609c526fb6a46a2 DependenciesID=745f7b565ab0b9a986f49aa2151f1f72 StaticDependenciesID=5b535b7614bc63c1ebf69758cbff83a9 
Number of updated asset objects reloaded before import = 0
Number of asset objects unloaded after import = 0
========================================================================
Received Import Request.
  Time of request: 2026-10-01T19:11:24.665621Z
  Time since last request: 0.000347083 seconds.
  importAddress: GUID: 2fcdb9402e0a4427bd5bd01f71ecf6d5 - Path: Packages/com.unity.test-framework/UnityEngine.TestRunner/Assertions/OutOfOrderExpectedLogMessageException.cs - Importer: ScriptedImporter/UnityEditor.QuickSearchModule:UnityEditor.Search:ASIAI0B
Importing 'GUID: 2fcdb9402e0a4427bd5bd01f71ecf6d5 - Path: Packages/com.unity.test-framework/UnityEngine.TestRunner/Assertions/OutOfOrderExpectedLogMessageException.cs - Importer: ScriptedImporter/UnityEditor.QuickSearchModule:UnityEditor.Search:ASIAI0B' with importer (ScriptedImporter : UnityEditor.QuickSearchModule:UnityEditor.Search:ASIAI0B)
Imported 'GUID: 2fcdb9402e0a4427bd5bd01f71ecf6d5' -> (Import Result ID: 'ae987aebc13beaccd44e611d11dcac10') in 0.001 seconds [static and dynamic dependencies]. Details - ImportResultOutputID=b6fb5fd23a79235a48394e135dae664a DependenciesID=bf7b9af7bdb364f658a9b8e121facd63 StaticDependenciesID=bf38950772d798f485d83e7a8634144a 
Number of updated asset objects reloaded before import = 0
Number of asset objects unloaded after import = 0
========================================================================
Received Import Request.
  Time of request: 2026-10-01T19:11:24.666974Z
  Time since last request: 0.000261209 seconds.
  importAddress: GUID: b9aec9d3b0a86466ab4647d01e8fc87d - Path: Packages/com.unity.test-framework/UnityEngine.TestRunner/TestRunner/SynchronousFilter.cs - Importer: ScriptedImporter/UnityEditor.QuickSearchModule:UnityEditor.Search:ASIAI0B
Importing 'GUID: b9aec9d3b0a86466ab4647d01e8fc87d - Path: Packages/com.unity.test-framework/UnityEngine.TestRunner/TestRunner/SynchronousFilter.cs - Importer: ScriptedImporter/UnityEditor.QuickSearchModule:UnityEditor.Search:ASIAI0B' with importer (ScriptedImporter : UnityEditor.QuickSearchModule:UnityEditor.Search:ASIAI0B)
Imported 'GUID: b9aec9d3b0a86466ab4647d01e8fc87d' -> (Import Result ID: 'd06e6ce8a44b210adfa295647938b3b2') in 0.001 seconds [static and dynamic dependencies]. Details - ImportResultOutputID=87a37faddf5ccf3fc5397e06f789fcae DependenciesID=500470f3827ecbae47316ea93d9641a3 StaticDependenciesID=59bab1847b440b73d006c027dfb66af6 
Number of updated asset objects reloaded before import = 0
Number of asset objects unloaded after import = 0
========================================================================
Received Import Request.
  Time of request: 2026-10-01T19:11:24.668169Z
  Time since last request: 0.000363584 seconds.
  importAddress: GUID: 1dd36da2e4e5540d5b2e44fc928a9d50 - Path: Packages/com.unity.test-framework/UnityEngine.TestRunner/Utils/IPostbuildCleanupWithTestData.cs - Importer: ScriptedImporter/UnityEditor.QuickSearchModule:UnityEditor.Search:ASIAI0B
Importing 'GUID: 1dd36da2e4e5540d5b2e44fc928a9d50 - Path: Packages/com.unity.test-framework/UnityEngine.TestRunner/Utils/IPostbuildCleanupWithTestData.cs - Importer: ScriptedImporter/UnityEditor.QuickSearchModule:UnityEditor.Search:ASIAI0B' with importer (ScriptedImporter : UnityEditor.QuickSearchModule:UnityEditor.Search:ASIAI0B)
Imported 'GUID: 1dd36da2e4e5540d5b2e44fc928a9d50' -> (Import Result ID: 'd7e89606410931c85c67777e1b517961') in 0.001 seconds [static and dynamic dependencies]. Details - ImportResultOutputID=96f95c38af048c6449b822780e8e96bf DependenciesID=bdcd4e5993668dd0991e7f196f176e11 StaticDependenciesID=4c113b1a78da5eeec1a57b56d50c51bb 
Number of updated asset objects reloaded before import = 0
Number of asset objects unloaded after import = 0
========================================================================
Received Import Request.
  Time of request: 2026-10-01T19:11:24.669502Z
  Time since last request: 0.000356875 seconds.
  importAddress: GUID: 4c006cc4132f4e2d8b3e7208af3e208c - Path: Packages/com.unity.test-framework/UnityEngine.TestRunner/NUnitExtensions/ITestSuiteModifier.cs - Importer: ScriptedImporter/UnityEditor.QuickSearchModule:UnityEditor.Search:ASIAI0B
Importing 'GUID: 4c006cc4132f4e2d8b3e7208af3e208c - Path: Packages/com.unity.test-framework/UnityEngine.TestRunner/NUnitExtensions/ITestSuiteModifier.cs - Importer: ScriptedImporter/UnityEditor.QuickSearchModule:UnityEditor.Search:ASIAI0B' with importer (ScriptedImporter : UnityEditor.QuickSearchModule:UnityEditor.Search:ASIAI0B)
Imported 'GUID: 4c006cc4132f4e2d8b3e7208af3e208c' -> (Import Result ID: '392c68ae8d5c7e335b2251709ed640ec') in 0.001 seconds [static and dynamic dependencies]. Details - ImportResultOutputID=c99fc4b5462b0a3657251baf60e19333 DependenciesID=073f6908e162d6fb34f6b69186513778 StaticDependenciesID=ba026b1739e23c854d8f2468d9048d02 
Number of updated asset objects reloaded before import = 0
Number of asset objects unloaded after import = 0
========================================================================
Received Import Request.
  Time of request: 2026-10-01T19:11:24.670943Z
  Time since last request: 0.0003575 seconds.
  importAddress: GUID: d1b534518943030499685344fd1d476d - Path: Packages/com.unity.test-framework/UnityEngine.TestRunner/TestRunner/ITestRunnerListener.cs - Importer: ScriptedImporter/UnityEditor.QuickSearchModule:UnityEditor.Search:ASIAI0B
Importing 'GUID: d1b534518943030499685344fd1d476d - Path: Packages/com.unity.test-framework/UnityEngine.TestRunner/TestRunner/ITestRunnerListener.cs - Importer: ScriptedImporter/UnityEditor.QuickSearchModule:UnityEditor.Search:ASIAI0B' with importer (ScriptedImporter : UnityEditor.QuickSearchModule:UnityEditor.Search:ASIAI0B)
Imported 'GUID: d1b534518943030499685344fd1d476d' -> (Import Result ID: '1b8a0b13c9c6c7f4c481f120b4d3bcc7') in 0.001 seconds [static and dynamic dependencies]. Details - ImportResultOutputID=05bf69b4307709bfa6a07d10063b364a DependenciesID=e78db9582ba145c9e4ac86fcfeb62a45 StaticDependenciesID=28032253b9303cf72c5b005a82f14348 
Number of updated asset objects reloaded before import = 0
Number of asset objects unloaded after import = 0
========================================================================
Received Import Request.
  Time of request: 2026-10-01T19:11:24.672244Z
  Time since last request: 0.000276083 seconds.
  importAddress: GUID: 1c15a1275ff24d1092facf3f75065ab6 - Path: Packages/com.unity.test-framework/UnityEngine.TestRunner/UnityTestProtocol/MessageForRetryRepeat.cs - Importer: ScriptedImporter/UnityEditor.QuickSearchModule:UnityEditor.Search:ASIAI0B
Importing 'GUID: 1c15a1275ff24d1092facf3f75065ab6 - Path: Packages/com.unity.test-framework/UnityEngine.TestRunner/UnityTestProtocol/MessageForRetryRepeat.cs - Importer: ScriptedImporter/UnityEditor.QuickSearchModule:UnityEditor.Search:ASIAI0B' with importer (ScriptedImporter : UnityEditor.QuickSearchModule:UnityEditor.Search:ASIAI0B)
Imported 'GUID: 1c15a1275ff24d1092facf3f75065ab6' -> (Import Result ID: 'd396322a22b227c3c56e263ebe606718') in 0.001 seconds [static and dynamic dependencies]. Details - ImportResultOutputID=0c7b82ffd0e253ced966e68c56b510b6 DependenciesID=30864abd6e9d874e782a762c25354801 StaticDependenciesID=f7dc7593bdb1eea1488ec03d60c13cff 
Number of updated asset objects reloaded before import = 0
Number of asset objects unloaded after import = 0
========================================================================
Received Import Request.
  Time of request: 2026-10-01T19:11:24.673645Z
  Time since last request: 0.000273083 seconds.
  importAddress: GUID: d09858396dd7adb4bbdb22ea0c8c3a37 - Path: Packages/com.unity.test-framework/UnityEngine.TestRunner/Assertions/AllocatingGCMemoryConstraint.cs - Importer: ScriptedImporter/UnityEditor.QuickSearchModule:UnityEditor.Search:ASIAI0B
Importing 'GUID: d09858396dd7adb4bbdb22ea0c8c3a37 - Path: Packages/com.unity.test-framework/UnityEngine.TestRunner/Assertions/AllocatingGCMemoryConstraint.cs - Importer: ScriptedImporter/UnityEditor.QuickSearchModule:UnityEditor.Search:ASIAI0B' with importer (ScriptedImporter : UnityEditor.QuickSearchModule:UnityEditor.Search:ASIAI0B)
Imported 'GUID: d09858396dd7adb4bbdb22ea0c8c3a37' -> (Import Result ID: '3253ecc4d3e175b2df30cb4eff47d1f0') in 0.001 seconds [static and dynamic dependencies]. Details - ImportResultOutputID=da7decd5dc70687277c14ff3e97498b6 DependenciesID=77ba7fbd120c2ac76f6110c555d78302 StaticDependenciesID=ca87ca8195b421d19ee66942ab24bf48 
Number of updated asset objects reloaded before import = 0
Number of asset objects unloaded after import = 0
========================================================================
Received Import Request.
  Time of request: 2026-10-01T19:11:24.675141Z
  Time since last request: 0.000236459 seconds.
  importAddress: GUID: acc16f0c684508f44813662a300c574b - Path: Packages/com.unity.test-framework/UnityEngine.TestRunner/Utils/IPrebuildSetup.cs - Importer: ScriptedImporter/UnityEditor.QuickSearchModule:UnityEditor.Search:ASIAI0B
Importing 'GUID: acc16f0c684508f44813662a300c574b - Path: Packages/com.unity.test-framework/UnityEngine.TestRunner/Utils/IPrebuildSetup.cs - Importer: ScriptedImporter/UnityEditor.QuickSearchModule:UnityEditor.Search:ASIAI0B' with importer (ScriptedImporter : UnityEditor.QuickSearchModule:UnityEditor.Search:ASIAI0B)
Imported 'GUID: acc16f0c684508f44813662a300c574b' -> (Import Result ID: '6d84b510ee5783dd6a0acb17d1e51348') in 0.001 seconds [static and dynamic dependencies]. Details - ImportResultOutputID=f246f7350ae45d48fc8aef0738a3e4cc DependenciesID=18d0cf84fb249a4bce864448c46e8239 StaticDependenciesID=fdabb9252a60e7bfdda358e887294b63 
Number of updated asset objects reloaded before import = 0
Number of asset objects unloaded after import = 0
========================================================================
Received Import Request.
  Time of request: 2026-10-01T19:11:24.676517Z
  Time since last request: 0.000358958 seconds.
  importAddress: GUID: 78776d25d6504b16a629856dba391764 - Path: Packages/com.unity.test-framework/UnityEditor.TestRunner/UnityTestProtocol/DeterministicGuid.cs - Importer: ScriptedImporter/UnityEditor.QuickSearchModule:UnityEditor.Search:ASIAI0B
Importing 'GUID: 78776d25d6504b16a629856dba391764 - Path: Packages/com.unity.test-framework/UnityEditor.TestRunner/UnityTestProtocol/DeterministicGuid.cs - Importer: ScriptedImporter/UnityEditor.QuickSearchModule:UnityEditor.Search:ASIAI0B' with importer (ScriptedImporter : UnityEditor.QuickSearchModule:UnityEditor.Search:ASIAI0B)
Imported 'GUID: 78776d25d6504b16a629856dba391764' -> (Import Result ID: 'c2f7c1f33f834ff601369c08eb085c70') in 0.001 seconds [static and dynamic dependencies]. Details - ImportResultOutputID=eb072d00ed3cc11a814c5d38fa4cac1e DependenciesID=76ff575e36af7ef8fb37aa075c9bd92b StaticDependenciesID=e0c131ed3666daf60610986f2343ed27 
Number of updated asset objects reloaded before import = 0
Number of asset objects unloaded after import = 0
========================================================================
Received Import Request.
  Time of request: 2026-10-01T19:11:24.677803Z
  Time since last request: 0.000272083 seconds.
  importAddress: GUID: 8bc74398aa3944646ade4ee78cd57484 - Path: Packages/com.unity.test-framework/UnityEngine.TestRunner/NUnitExtensions/TestExtensions.cs - Importer: ScriptedImporter/UnityEditor.QuickSearchModule:UnityEditor.Search:ASIAI0B
Importing 'GUID: 8bc74398aa3944646ade4ee78cd57484 - Path: Packages/com.unity.test-framework/UnityEngine.TestRunner/NUnitExtensions/TestExtensions.cs - Importer: ScriptedImporter/UnityEditor.QuickSearchModule:UnityEditor.Search:ASIAI0B' with importer (ScriptedImporter : UnityEditor.QuickSearchModule:UnityEditor.Search:ASIAI0B)
Imported 'GUID: 8bc74398aa3944646ade4ee78cd57484' -> (Import Result ID: '85ab85397023e0355179c5820bde6d46') in 0.001 seconds [static and dynamic dependencies]. Details - ImportResultOutputID=623f6d3a606f71946dd610162d701dac DependenciesID=7ebf92a34856c529c7869aeb48e9dcb5 StaticDependenciesID=8871af249e823c9db81ddfa9cf9fb3d5 
Number of updated asset objects reloaded before import = 0
Number of asset objects unloaded after import = 0
========================================================================
Received Import Request.
  Time of request: 2026-10-01T19:11:24.679055Z
  Time since last request: 0.00034525 seconds.
  importAddress: GUID: 26d207ea119f34117a1dc1a439e285e3 - Path: Packages/com.unity.test-framework/UnityEngine.TestRunner/Utils/PrebuildSetupWithTestDataAttribute.cs - Importer: ScriptedImporter/UnityEditor.QuickSearchModule:UnityEditor.Search:ASIAI0B
Importing 'GUID: 26d207ea119f34117a1dc1a439e285e3 - Path: Packages/com.unity.test-framework/UnityEngine.TestRunner/Utils/PrebuildSetupWithTestDataAttribute.cs - Importer: ScriptedImporter/UnityEditor.QuickSearchModule:UnityEditor.Search:ASIAI0B' with importer (ScriptedImporter : UnityEditor.QuickSearchModule:UnityEditor.Search:ASIAI0B)
Imported 'GUID: 26d207ea119f34117a1dc1a439e285e3' -> (Import Result ID: '93b0510e2cf61520b645dc017d12909f') in 0.001 seconds [static and dynamic dependencies]. Details - ImportResultOutputID=e9fd12246110324220bff13bedcc40b0 DependenciesID=cca36f7ed4ec8b0e3a583350860fde3d StaticDependenciesID=92e9bfe92bbaa4a2101bed732bd678c3 
Number of updated asset objects reloaded before import = 0
Number of asset objects unloaded after import = 0
========================================================================
Received Import Request.
  Time of request: 2026-10-01T19:11:24.680558Z
  Time since last request: 0.000259667 seconds.
  importAddress: GUID: ebcc5f899d9277642868aeda9a17cbaf - Path: Packages/com.unity.test-framework/UnityEditor.TestRunner/UnityTestProtocol/UtpMessageReporter.cs - Importer: ScriptedImporter/UnityEditor.QuickSearchModule:UnityEditor.Search:ASIAI0B
Importing 'GUID: ebcc5f899d9277642868aeda9a17cbaf - Path: Packages/com.unity.test-framework/UnityEditor.TestRunner/UnityTestProtocol/UtpMessageReporter.cs - Importer: ScriptedImporter/UnityEditor.QuickSearchModule:UnityEditor.Search:ASIAI0B' with importer (ScriptedImporter : UnityEditor.QuickSearchModule:UnityEditor.Search:ASIAI0B)
Imported 'GUID: ebcc5f899d9277642868aeda9a17cbaf' -> (Import Result ID: '1c6eb14fde5f2b40dfdc0e18e8699cf5') in 0.001 seconds [static and dynamic dependencies]. Details - ImportResultOutputID=6cc3493bf920860de60712fd8f0ddf45 DependenciesID=aba3afa5a5f7657d11e6c74453e32b39 StaticDependenciesID=47a33921c924918cc2e6f092ecd59ba5 
Number of updated asset objects reloaded before import = 0
Number of asset objects unloaded after import = 0
========================================================================
Received Import Request.
  Time of request: 2026-10-01T19:11:24.681766Z
  Time since last request: 0.00022575 seconds.
  importAddress: GUID: ae8ce3ffe04ac2c42945fd27e0291fc3 - Path: Packages/com.unity.test-framework/UnityEngine.TestRunner/Utils/AttributeHelper.cs - Importer: ScriptedImporter/UnityEditor.QuickSearchModule:UnityEditor.Search:ASIAI0B
Importing 'GUID: ae8ce3ffe04ac2c42945fd27e0291fc3 - Path: Packages/com.unity.test-framework/UnityEngine.TestRunner/Utils/AttributeHelper.cs - Importer: ScriptedImporter/UnityEditor.QuickSearchModule:UnityEditor.Search:ASIAI0B' with importer (ScriptedImporter : UnityEditor.QuickSearchModule:UnityEditor.Search:ASIAI0B)
Imported 'GUID: ae8ce3ffe04ac2c42945fd27e0291fc3' -> (Import Result ID: '5148feee378f373b63401d3990ae0d72') in 0.001 seconds [static and dynamic dependencies]. Details - ImportResultOutputID=47b5b06dcaa1e4f1bac44fe4bc28252d DependenciesID=d1ee83b74d67529ba2f4a1190fa0d336 StaticDependenciesID=1f201109a9d0a26e8da0d5f131d09d62 
Number of updated asset objects reloaded before import = 0
Number of asset objects unloaded after import = 0
========================================================================
Received Import Request.
  Time of request: 2026-10-01T19:11:24.682983Z
  Time since last request: 0.000340583 seconds.
  importAddress: GUID: 7dc341f3ffc346738912e0ae5aa6c7e4 - Path: Packages/com.unity.test-framework/UnityEditor.TestRunner/UnityTestProtocol/TesRunDataHolder.cs - Importer: ScriptedImporter/UnityEditor.QuickSearchModule:UnityEditor.Search:ASIAI0B
Importing 'GUID: 7dc341f3ffc346738912e0ae5aa6c7e4 - Path: Packages/com.unity.test-framework/UnityEditor.TestRunner/UnityTestProtocol/TesRunDataHolder.cs - Importer: ScriptedImporter/UnityEditor.QuickSearchModule:UnityEditor.Search:ASIAI0B' with importer (ScriptedImporter : UnityEditor.QuickSearchModule:UnityEditor.Search:ASIAI0B)
Imported 'GUID: 7dc341f3ffc346738912e0ae5aa6c7e4' -> (Import Result ID: '9de4729f9074cb7a66ca1ced85f19c2b') in 0.002 seconds [static and dynamic dependencies]. Details - ImportResultOutputID=2b49f91f277e9b19ab823fd79fdc1463 DependenciesID=06b7805567da434403793caa2123ddfa StaticDependenciesID=e07db4270c99d1e0cc3ac75c07b2d484 
Number of updated asset objects reloaded before import = 0
Number of asset objects unloaded after import = 0
========================================================================
Received Import Request.
  Time of request: 2026-10-01T19:11:24.684829Z
  Time since last request: 0.000228458 seconds.
  importAddress: GUID: 900aac3710bc14542a8d164e3f0ff820 - Path: Packages/com.unity.test-framework/UnityEditor.TestRunner/UnityTestProtocol/UnityTestProtocolListener.cs - Importer: ScriptedImporter/UnityEditor.QuickSearchModule:UnityEditor.Search:ASIAI0B
Importing 'GUID: 900aac3710bc14542a8d164e3f0ff820 - Path: Packages/com.unity.test-framework/UnityEditor.TestRunner/UnityTestProtocol/UnityTestProtocolListener.cs - Importer: ScriptedImporter/UnityEditor.QuickSearchModule:UnityEditor.Search:ASIAI0B' with importer (ScriptedImporter : UnityEditor.QuickSearchModule:UnityEditor.Search:ASIAI0B)
Imported 'GUID: 900aac3710bc14542a8d164e3f0ff820' -> (Import Result ID: 'd58547db8fd55ae33f7aa0f678274342') in 0.001 seconds [static and dynamic dependencies]. Details - ImportResultOutputID=0a1afa9524c8d6a75d2c9d1403a44711 DependenciesID=e40255e68764442ccac9522f1c9ca8c5 StaticDependenciesID=f3d2592525fa0e6ae6d711b2c5cc3f41 
Number of updated asset objects reloaded before import = 0
Number of asset objects unloaded after import = 0
========================================================================
Received Import Request.
  Time of request: 2026-10-01T19:11:24.686041Z
  Time since last request: 0.000218417 seconds.
  importAddress: GUID: 319fe8cda376431bb7987d94f916819b - Path: Packages/com.unity.test-framework/UnityEditor.TestRunner/UnityTestProtocol/UtpMessageBuilder.cs - Importer: ScriptedImporter/UnityEditor.QuickSearchModule:UnityEditor.Search:ASIAI0B
Importing 'GUID: 319fe8cda376431bb7987d94f916819b - Path: Packages/com.unity.test-framework/UnityEditor.TestRunner/UnityTestProtocol/UtpMessageBuilder.cs - Importer: ScriptedImporter/UnityEditor.QuickSearchModule:UnityEditor.Search:ASIAI0B' with importer (ScriptedImporter : UnityEditor.QuickSearchModule:UnityEditor.Search:ASIAI0B)
Imported 'GUID: 319fe8cda376431bb7987d94f916819b' -> (Import Result ID: '4f45088839252234f1da20b9a0e5f278') in 0.001 seconds [static and dynamic dependencies]. Details - ImportResultOutputID=c34a6ba8ccc0630f5110f2dd69337ea4 DependenciesID=3ad06bf283cddc8bd37bb65c93746bd2 StaticDependenciesID=e9288374afc86d82bafa9aa59a779634 
Number of updated asset objects reloaded before import = 0
Number of asset objects unloaded after import = 0
========================================================================
Received Import Request.
  Time of request: 2026-10-01T19:11:24.68713Z
  Time since last request: 0.000234666 seconds.
  importAddress: GUID: 6d5833966abeadb429de247e4316eef4 - Path: Packages/com.unity.test-framework/UnityEngine.TestRunner/Assertions/Is.cs - Importer: ScriptedImporter/UnityEditor.QuickSearchModule:UnityEditor.Search:ASIAI0B
Importing 'GUID: 6d5833966abeadb429de247e4316eef4 - Path: Packages/com.unity.test-framework/UnityEngine.TestRunner/Assertions/Is.cs - Importer: ScriptedImporter/UnityEditor.QuickSearchModule:UnityEditor.Search:ASIAI0B' with importer (ScriptedImporter : UnityEditor.QuickSearchModule:UnityEditor.Search:ASIAI0B)
Imported 'GUID: 6d5833966abeadb429de247e4316eef4' -> (Import Result ID: '3d6e854fa2153b4f0188144e3df5fe93') in 0.001 seconds [static and dynamic dependencies]. Details - ImportResultOutputID=ca8bf44a79619aa90bbf6af13d44355d DependenciesID=ba9d8f6e0660567da0141c39e5445138 StaticDependenciesID=301cd2d91f2dfa7ea5f1d949278b6b78 
Number of updated asset objects reloaded before import = 0
Number of asset objects unloaded after import = 0
========================================================================
Received Import Request.
  Time of request: 2026-10-01T19:11:24.688347Z
  Time since last request: 0.000370708 seconds.
  importAddress: GUID: 38d0b8a87b967304da08a2ae9b955066 - Path: Packages/com.unity.test-framework/UnityEngine.TestRunner/Utils/ITestRunCallback.cs - Importer: ScriptedImporter/UnityEditor.QuickSearchModule:UnityEditor.Search:ASIAI0B
Importing 'GUID: 38d0b8a87b967304da08a2ae9b955066 - Path: Packages/com.unity.test-framework/UnityEngine.TestRunner/Utils/ITestRunCallback.cs - Importer: ScriptedImporter/UnityEditor.QuickSearchModule:UnityEditor.Search:ASIAI0B' with importer (ScriptedImporter : UnityEditor.QuickSearchModule:UnityEditor.Search:ASIAI0B)
Imported 'GUID: 38d0b8a87b967304da08a2ae9b955066' -> (Import Result ID: '70f6ed8ea7ce2718292c002ec0f52384') in 0.001 seconds [static and dynamic dependencies]. Details - ImportResultOutputID=56054e2fd47361b82ddb07070f5bc942 DependenciesID=54a4183e9fe26800adf345b41fa9bf67 StaticDependenciesID=16ffc7ab05eea7f1a31a33d006670fbf 
Number of updated asset objects reloaded before import = 0
Number of asset objects unloaded after import = 0
========================================================================
Received Import Request.
  Time of request: 2026-10-01T19:11:24.689883Z
  Time since last request: 0.000329334 seconds.
  importAddress: GUID: 98ba0396e4b4ee8498a8f097affcfddf - Path: Packages/com.unity.test-framework/UnityEngine.TestRunner/NUnitExtensions/UnityTestAssemblyBuilder.cs - Importer: ScriptedImporter/UnityEditor.QuickSearchModule:UnityEditor.Search:ASIAI0B
Importing 'GUID: 98ba0396e4b4ee8498a8f097affcfddf - Path: Packages/com.unity.test-framework/UnityEngine.TestRunner/NUnitExtensions/UnityTestAssemblyBuilder.cs - Importer: ScriptedImporter/UnityEditor.QuickSearchModule:UnityEditor.Search:ASIAI0B' with importer (ScriptedImporter : UnityEditor.QuickSearchModule:UnityEditor.Search:ASIAI0B)
Imported 'GUID: 98ba0396e4b4ee8498a8f097affcfddf' -> (Import Result ID: '39566aa05b63c69bbce6ff080f1341d7') in 0.001 seconds [static and dynamic dependencies]. Details - ImportResultOutputID=9a1baaf015c65aa3dc7e089215239699 DependenciesID=005d3a5e582c8cd209e33bafe2094422 StaticDependenciesID=ae87305df8d371546dacfac0d9514085 
Number of updated asset objects reloaded before import = 0
Number of asset objects unloaded after import = 0
========================================================================
Received Import Request.
  Time of request: 2026-10-01T19:11:24.691309Z
  Time since last request: 0.0003025 seconds.
  importAddress: GUID: af5042802f06c804c8abddd544b77a4a - Path: Packages/com.unity.test-framework/UnityEngine.TestRunner/Utils/FloatEqualityComparer.cs - Importer: ScriptedImporter/UnityEditor.QuickSearchModule:UnityEditor.Search:ASIAI0B
Importing 'GUID: af5042802f06c804c8abddd544b77a4a - Path: Packages/com.unity.test-framework/UnityEngine.TestRunner/Utils/FloatEqualityComparer.cs - Importer: ScriptedImporter/UnityEditor.QuickSearchModule:UnityEditor.Search:ASIAI0B' with importer (ScriptedImporter : UnityEditor.QuickSearchModule:UnityEditor.Search:ASIAI0B)
Imported 'GUID: af5042802f06c804c8abddd544b77a4a' -> (Import Result ID: '5a8ae6bf5236e2ec6b96bc5069f77aa7') in 0.001 seconds [static and dynamic dependencies]. Details - ImportResultOutputID=044f2839663ca9dcab6d8d901cd7fbfc DependenciesID=b5bbd360a3d51f7cd79308f308482cca StaticDependenciesID=6349da9e97ecdcce6cc0a26d36626f54 
Number of updated asset objects reloaded before import = 0
Number of asset objects unloaded after import = 0
========================================================================
Received Import Request.
  Time of request: 2026-10-01T19:11:24.692739Z
  Time since last request: 0.000346916 seconds.
  importAddress: GUID: 102e512f651ee834f951a2516c1ea3b8 - Path: Packages/com.unity.test-framework/UnityEngine.TestRunner/TestRunner/PlaymodeTestsController.cs - Importer: ScriptedImporter/UnityEditor.QuickSearchModule:UnityEditor.Search:ASIAI0B
Importing 'GUID: 102e512f651ee834f951a2516c1ea3b8 - Path: Packages/com.unity.test-framework/UnityEngine.TestRunner/TestRunner/PlaymodeTestsController.cs - Importer: ScriptedImporter/UnityEditor.QuickSearchModule:UnityEditor.Search:ASIAI0B' with importer (ScriptedImporter : UnityEditor.QuickSearchModule:UnityEditor.Search:ASIAI0B)
Imported 'GUID: 102e512f651ee834f951a2516c1ea3b8' -> (Import Result ID: '740e585e28b3090949d2a84c63c560d6') in 0.001 seconds [static and dynamic dependencies]. Details - ImportResultOutputID=b621ec72133c099dfaf7c29c31bc3b18 DependenciesID=8a7350d51fc9007ebe16063433817cac StaticDependenciesID=0e62e9ac0b374a2e5b0310ad5f6c0e91 
Number of updated asset objects reloaded before import = 0
Number of asset objects unloaded after import = 0
========================================================================
Received Import Request.
  Time of request: 2026-10-01T19:11:24.694641Z
  Time since last request: 0.000355875 seconds.
  importAddress: GUID: 58082d6ef6fd84b288e832c55741961e - Path: Packages/com.unity.test-framework/UnityEngine.TestRunner/Utils/IPrebuildSetupWithTestData.cs - Importer: ScriptedImporter/UnityEditor.QuickSearchModule:UnityEditor.Search:ASIAI0B
Importing 'GUID: 58082d6ef6fd84b288e832c55741961e - Path: Packages/com.unity.test-framework/UnityEngine.TestRunner/Utils/IPrebuildSetupWithTestData.cs - Importer: ScriptedImporter/UnityEditor.QuickSearchModule:UnityEditor.Search:ASIAI0B' with importer (ScriptedImporter : UnityEditor.QuickSearchModule:UnityEditor.Search:ASIAI0B)
Imported 'GUID: 58082d6ef6fd84b288e832c55741961e' -> (Import Result ID: '5b8e1946e2b53b45488ea60ea9eb8891') in 0.001 seconds [static and dynamic dependencies]. Details - ImportResultOutputID=a04e342f92f09254ef6195e5bd5d7277 DependenciesID=d3a030a0077c9379cf51856eb241f6e3 StaticDependenciesID=ca867c0f0dd2b3674fa6754d8559a783 
Number of updated asset objects reloaded before import = 0
Number of asset objects unloaded after import = 0
========================================================================
Received Import Request.
  Time of request: 2026-10-01T19:11:24.696198Z
  Time since last request: 0.000289083 seconds.
  importAddress: GUID: 0fc9f45e5db884c07b28ac7207622a4b - Path: Packages/com.unity.test-framework/UnityEditor.TestRunner/UnityTestProtocol/TestRunData.cs - Importer: ScriptedImporter/UnityEditor.QuickSearchModule:UnityEditor.Search:ASIAI0B
Importing 'GUID: 0fc9f45e5db884c07b28ac7207622a4b - Path: Packages/com.unity.test-framework/UnityEditor.TestRunner/UnityTestProtocol/TestRunData.cs - Importer: ScriptedImporter/UnityEditor.QuickSearchModule:UnityEditor.Search:ASIAI0B' with importer (ScriptedImporter : UnityEditor.QuickSearchModule:UnityEditor.Search:ASIAI0B)
Imported 'GUID: 0fc9f45e5db884c07b28ac7207622a4b' -> (Import Result ID: 'cafe22828c1aeea9628f7888c9f59251') in 0.001 seconds [static and dynamic dependencies]. Details - ImportResultOutputID=7c0291469dd1a185cd004c85308ccb74 DependenciesID=ef487dd4c535894c6effb0bd69a5a050 StaticDependenciesID=bf1d8bea8529122db7d9011b75cdee42 
Number of updated asset objects reloaded before import = 0
Number of asset objects unloaded after import = 0
========================================================================
Received Import Request.
  Time of request: 2026-10-01T19:11:24.69774Z
  Time since last request: 0.000274916 seconds.
  importAddress: GUID: 2011a59d3f76b3d4a85cb53f945fceee - Path: Packages/com.unity.test-framework/UnityEditor.TestRunner/UnityTestProtocol/TestRunnerApiMapper.cs - Importer: ScriptedImporter/UnityEditor.QuickSearchModule:UnityEditor.Search:ASIAI0B
Importing 'GUID: 2011a59d3f76b3d4a85cb53f945fceee - Path: Packages/com.unity.test-framework/UnityEditor.TestRunner/UnityTestProtocol/TestRunnerApiMapper.cs - Importer: ScriptedImporter/UnityEditor.QuickSearchModule:UnityEditor.Search:ASIAI0B' with importer (ScriptedImporter : UnityEditor.QuickSearchModule:UnityEditor.Search:ASIAI0B)
Imported 'GUID: 2011a59d3f76b3d4a85cb53f945fceee' -> (Import Result ID: '4e409a83a8cdfca54b745b8ddd69f624') in 0.001 seconds [static and dynamic dependencies]. Details - ImportResultOutputID=8a9eacb438b645c2e90f3cb45cba0678 DependenciesID=c8fca3fef679028fe7253f33259dacdb StaticDependenciesID=427710f3c3b15e1ac0e82b0c0c41ee4f 
Number of updated asset objects reloaded before import = 0
Number of asset objects unloaded after import = 0
========================================================================
Received Import Request.
  Time of request: 2026-10-01T19:11:24.699016Z
  Time since last request: 0.000352583 seconds.
  importAddress: GUID: fc748d99f1f0d484a811a566fc7915ec - Path: Packages/com.unity.test-framework/UnityEngine.TestRunner/Utils/StacktraceFilter.cs - Importer: ScriptedImporter/UnityEditor.QuickSearchModule:UnityEditor.Search:ASIAI0B
Importing 'GUID: fc748d99f1f0d484a811a566fc7915ec - Path: Packages/com.unity.test-framework/UnityEngine.TestRunner/Utils/StacktraceFilter.cs - Importer: ScriptedImporter/UnityEditor.QuickSearchModule:UnityEditor.Search:ASIAI0B' with importer (ScriptedImporter : UnityEditor.QuickSearchModule:UnityEditor.Search:ASIAI0B)
Imported 'GUID: fc748d99f1f0d484a811a566fc7915ec' -> (Import Result ID: '6355281d6679e5328d94ebd32ea7b7b6') in 0.001 seconds [static and dynamic dependencies]. Details - ImportResultOutputID=6458fb437d9601cac75f70fd55666df3 DependenciesID=33a8133d1e30aa66ba91bd111df8f7c9 StaticDependenciesID=72405cc725ed2008c1fb63474171a833 
Number of updated asset objects reloaded before import = 0
Number of asset objects unloaded after import = 0
========================================================================
Received Import Request.
  Time of request: 2026-10-01T19:11:24.700171Z
  Time since last request: 0.000219875 seconds.
  importAddress: GUID: 77f432980bb30084299a138e15c6f571 - Path: Packages/com.unity.test-framework/UnityEditor.TestRunner/UnityTestProtocol/TestState.cs - Importer: ScriptedImporter/UnityEditor.QuickSearchModule:UnityEditor.Search:ASIAI0B
Importing 'GUID: 77f432980bb30084299a138e15c6f571 - Path: Packages/com.unity.test-framework/UnityEditor.TestRunner/UnityTestProtocol/TestState.cs - Importer: ScriptedImporter/UnityEditor.QuickSearchModule:UnityEditor.Search:ASIAI0B' with importer (ScriptedImporter : UnityEditor.QuickSearchModule:UnityEditor.Search:ASIAI0B)
Imported 'GUID: 77f432980bb30084299a138e15c6f571' -> (Import Result ID: '17386af89de583960ab275931ca89512') in 0.001 seconds [static and dynamic dependencies]. Details - ImportResultOutputID=c7771dcea015ba0898db683c2c49e265 DependenciesID=135dac67b9d1d5bfcfc883a4a672546e StaticDependenciesID=aa6c6f78376b512bb41706f5f048c405 
Number of updated asset objects reloaded before import = 0
Number of asset objects unloaded after import = 0
========================================================================
Received Import Request.
  Time of request: 2026-10-01T19:11:24.70113Z
  Time since last request: 0.000233417 seconds.
  importAddress: GUID: c97b794b51780d349a16826a4c7898d7 - Path: Packages/com.unity.test-framework/UnityEngine.TestRunner/Assertions/LogAssert.cs - Importer: ScriptedImporter/UnityEditor.QuickSearchModule:UnityEditor.Search:ASIAI0B
Importing 'GUID: c97b794b51780d349a16826a4c7898d7 - Path: Packages/com.unity.test-framework/UnityEngine.TestRunner/Assertions/LogAssert.cs - Importer: ScriptedImporter/UnityEditor.QuickSearchModule:UnityEditor.Search:ASIAI0B' with importer (ScriptedImporter : UnityEditor.QuickSearchModule:UnityEditor.Search:ASIAI0B)
Imported 'GUID: c97b794b51780d349a16826a4c7898d7' -> (Import Result ID: 'b3b9944367f9524a3acbe4e5ea1e627a') in 0.001 seconds [static and dynamic dependencies]. Details - ImportResultOutputID=940074e1e88dbb5948a8dd127824df8f DependenciesID=e708730176b726fd1ff2c426eb4fd146 StaticDependenciesID=ff33135851cabfba31f960356b684e29 
Number of updated asset objects reloaded before import = 0
Number of asset objects unloaded after import = 0
========================================================================
Received Import Request.
  Time of request: 2026-10-01T19:11:24.702459Z
  Time since last request: 0.000308583 seconds.
  importAddress: GUID: 1ac58cb55fc8daf4abd3945a2bbbb0c5 - Path: Packages/com.unity.test-framework/UnityEditor.TestRunner/UnityTestProtocol/UnityTestProtocolStarter.cs - Importer: ScriptedImporter/UnityEditor.QuickSearchModule:UnityEditor.Search:ASIAI0B
Importing 'GUID: 1ac58cb55fc8daf4abd3945a2bbbb0c5 - Path: Packages/com.unity.test-framework/UnityEditor.TestRunner/UnityTestProtocol/UnityTestProtocolStarter.cs - Importer: ScriptedImporter/UnityEditor.QuickSearchModule:UnityEditor.Search:ASIAI0B' with importer (ScriptedImporter : UnityEditor.QuickSearchModule:UnityEditor.Search:ASIAI0B)
Imported 'GUID: 1ac58cb55fc8daf4abd3945a2bbbb0c5' -> (Import Result ID: '8ddcd77f3a744700b517941e6bc53d57') in 0.001 seconds [static and dynamic dependencies]. Details - ImportResultOutputID=644545a71f03e6235716aea566214b4a DependenciesID=31fc2f577ff787d1c6b61fb38298f049 StaticDependenciesID=30a95e37846cf2a4d7144356cb0ebc26 
Number of updated asset objects reloaded before import = 0
Number of asset objects unloaded after import = 0
========================================================================
Received Import Request.
  Time of request: 2026-10-01T19:11:24.703725Z
  Time since last request: 0.000301667 seconds.
  importAddress: GUID: e64067e4f2ec4e818dba53b3d31847b8 - Path: Packages/com.unity.test-framework/UnityEngine.TestRunner/UnityTestProtocol/DeterministicGuid.cs - Importer: ScriptedImporter/UnityEditor.QuickSearchModule:UnityEditor.Search:ASIAI0B
Importing 'GUID: e64067e4f2ec4e818dba53b3d31847b8 - Path: Packages/com.unity.test-framework/UnityEngine.TestRunner/UnityTestProtocol/DeterministicGuid.cs - Importer: ScriptedImporter/UnityEditor.QuickSearchModule:UnityEditor.Search:ASIAI0B' with importer (ScriptedImporter : UnityEditor.QuickSearchModule:UnityEditor.Search:ASIAI0B)
Imported 'GUID: e64067e4f2ec4e818dba53b3d31847b8' -> (Import Result ID: '8874d8c073b4df557385e1e87991bc0d') in 0.001 seconds [static and dynamic dependencies]. Details - ImportResultOutputID=a3c9816e5e9027e58669cdca4264035b DependenciesID=acaf4dd0d89e77d39d3e74681aba8c89 StaticDependenciesID=b27a9181a27a9b92c38cd6e607ca0889 
Number of updated asset objects reloaded before import = 0
Number of asset objects unloaded after import = 0
========================================================================
Received Import Request.
  Time of request: 2026-10-01T19:11:24.705146Z
  Time since last request: 0.000373625 seconds.
  importAddress: GUID: e440d63dae5d049ca83c823c9f246b17 - Path: Packages/com.unity.test-framework/UnityEngine.TestRunner/Utils/PostBuildCleanupWithTestDataAttribute.cs - Importer: ScriptedImporter/UnityEditor.QuickSearchModule:UnityEditor.Search:ASIAI0B
Importing 'GUID: e440d63dae5d049ca83c823c9f246b17 - Path: Packages/com.unity.test-framework/UnityEngine.TestRunner/Utils/PostBuildCleanupWithTestDataAttribute.cs - Importer: ScriptedImporter/UnityEditor.QuickSearchModule:UnityEditor.Search:ASIAI0B' with importer (ScriptedImporter : UnityEditor.QuickSearchModule:UnityEditor.Search:ASIAI0B)
Imported 'GUID: e440d63dae5d049ca83c823c9f246b17' -> (Import Result ID: 'fdb0398f2e6a65039ab3d02663af5141') in 0.001 seconds [static and dynamic dependencies]. Details - ImportResultOutputID=ed6464b191928e13858f346cbf1589f3 DependenciesID=57df20c4f64728d09d295e3945818c42 StaticDependenciesID=26731e8752a830bbc886b13afb3ea53f 
Number of updated asset objects reloaded before import = 0
Number of asset objects unloaded after import = 0
========================================================================
Received Import Request.
  Time of request: 2026-10-01T19:11:24.706585Z
  Time since last request: 0.000331917 seconds.
  importAddress: GUID: a8ed4063f2beecd41a234a582202f3c4 - Path: Packages/com.unity.test-framework/UnityEngine.TestRunner/Assertions/UnhandledLogMessageException.cs - Importer: ScriptedImporter/UnityEditor.QuickSearchModule:UnityEditor.Search:ASIAI0B
Importing 'GUID: a8ed4063f2beecd41a234a582202f3c4 - Path: Packages/com.unity.test-framework/UnityEngine.TestRunner/Assertions/UnhandledLogMessageException.cs - Importer: ScriptedImporter/UnityEditor.QuickSearchModule:UnityEditor.Search:ASIAI0B' with importer (ScriptedImporter : UnityEditor.QuickSearchModule:UnityEditor.Search:ASIAI0B)
Imported 'GUID: a8ed4063f2beecd41a234a582202f3c4' -> (Import Result ID: 'dd380b5dd161f210382a392327593811') in 0.001 seconds [static and dynamic dependencies]. Details - ImportResultOutputID=0b69df61bf32d0941b897ed0a3e17d57 DependenciesID=d7fca8c05081a00ce9a5fbbadc6e5584 StaticDependenciesID=558d6e1baa08e4766309a5b7607d27f5 
Number of updated asset objects reloaded before import = 0
Number of asset objects unloaded after import = 0
========================================================================
Received Import Request.
  Time of request: 2026-10-01T19:11:24.708378Z
  Time since last request: 0.000310292 seconds.
  importAddress: GUID: db9a20ff62f649c7b64172ebec68370c - Path: Packages/com.unity.test-framework/UnityEngine.TestRunner/UnityTestProtocol/TestStartedMessage.cs - Importer: ScriptedImporter/UnityEditor.QuickSearchModule:UnityEditor.Search:ASIAI0B
Importing 'GUID: db9a20ff62f649c7b64172ebec68370c - Path: Packages/com.unity.test-framework/UnityEngine.TestRunner/UnityTestProtocol/TestStartedMessage.cs - Importer: ScriptedImporter/UnityEditor.QuickSearchModule:UnityEditor.Search:ASIAI0B' with importer (ScriptedImporter : UnityEditor.QuickSearchModule:UnityEditor.Search:ASIAI0B)
Imported 'GUID: db9a20ff62f649c7b64172ebec68370c' -> (Import Result ID: '50b5fadd19ea20d83348abb32c4502e8') in 0.001 seconds [static and dynamic dependencies]. Details - ImportResultOutputID=92983f97a6df9d75e7c6ed4649b0dd86 DependenciesID=a066f2f7d6a3f928c2b91a5c9bed3c37 StaticDependenciesID=3c3331a78e52204cabd749f32dcbae85 
Number of updated asset objects reloaded before import = 0
Number of asset objects unloaded after import = 0
========================================================================
Received Import Request.
  Time of request: 2026-10-01T19:11:24.709892Z
  Time since last request: 0.000313959 seconds.
  importAddress: GUID: 4f939b9e23a0946439b812551e07ac81 - Path: Packages/com.unity.test-framework/UnityEngine.TestRunner/NUnitExtensions/ActionDelegator.cs - Importer: ScriptedImporter/UnityEditor.QuickSearchModule:UnityEditor.Search:ASIAI0B
Importing 'GUID: 4f939b9e23a0946439b812551e07ac81 - Path: Packages/com.unity.test-framework/UnityEngine.TestRunner/NUnitExtensions/ActionDelegator.cs - Importer: ScriptedImporter/UnityEditor.QuickSearchModule:UnityEditor.Search:ASIAI0B' with importer (ScriptedImporter : UnityEditor.QuickSearchModule:UnityEditor.Search:ASIAI0B)
Imported 'GUID: 4f939b9e23a0946439b812551e07ac81' -> (Import Result ID: 'de3d3de4326b19b13aca95184e7466bf') in 0.001 seconds [static and dynamic dependencies]. Details - ImportResultOutputID=8cdc38fa6d5193b5e0a9960a03232ffa DependenciesID=974ae02da9ddbee7b02144b604d5fac4 StaticDependenciesID=02b9ad62588f617b4e7354207dd60cce 
Number of updated asset objects reloaded before import = 0
Number of asset objects unloaded after import = 0
========================================================================
Received Import Request.
  Time of request: 2026-10-01T19:11:24.711357Z
  Time since last request: 0.00033225 seconds.
  importAddress: GUID: ff67c526455160f4690a44f74dee4cbe - Path: Packages/com.unity.test-framework/UnityEngine.TestRunner/Utils/IPostBuildCleanup.cs - Importer: ScriptedImporter/UnityEditor.QuickSearchModule:UnityEditor.Search:ASIAI0B
Importing 'GUID: ff67c526455160f4690a44f74dee4cbe - Path: Packages/com.unity.test-framework/UnityEngine.TestRunner/Utils/IPostBuildCleanup.cs - Importer: ScriptedImporter/UnityEditor.QuickSearchModule:UnityEditor.Search:ASIAI0B' with importer (ScriptedImporter : UnityEditor.QuickSearchModule:UnityEditor.Search:ASIAI0B)
Imported 'GUID: ff67c526455160f4690a44f74dee4cbe' -> (Import Result ID: '3a9c10d8bdead190e059ce5dab91e54a') in 0.001 seconds [static and dynamic dependencies]. Details - ImportResultOutputID=2025df89f96c9b33c61ba4e116a338e5 DependenciesID=ca5b46fdf74b4f6056df488f78bed469 StaticDependenciesID=67f69c9bf6c34726df08d55dd1fdc593 
Number of updated asset objects reloaded before import = 0
Number of asset objects unloaded after import = 0
========================================================================
Received Import Request.
  Time of request: 2026-10-01T19:11:24.712615Z
  Time since last request: 0.000361708 seconds.
  importAddress: GUID: d6105bc8cf5ce544487daca4cbc62583 - Path: Packages/com.unity.test-framework/UnityEngine.TestRunner/Utils/ColorEqualityComparer.cs - Importer: ScriptedImporter/UnityEditor.QuickSearchModule:UnityEditor.Search:ASIAI0B
Importing 'GUID: d6105bc8cf5ce544487daca4cbc62583 - Path: Packages/com.unity.test-framework/UnityEngine.TestRunner/Utils/ColorEqualityComparer.cs - Importer: ScriptedImporter/UnityEditor.QuickSearchModule:UnityEditor.Search:ASIAI0B' with importer (ScriptedImporter : UnityEditor.QuickSearchModule:UnityEditor.Search:ASIAI0B)
Imported 'GUID: d6105bc8cf5ce544487daca4cbc62583' -> (Import Result ID: 'dcc6ecb18a64acff8b71724772fb26b1') in 0.001 seconds [static and dynamic dependencies]. Details - ImportResultOutputID=e70065a64f26d2a5a9d7bf35c9b43fd5 DependenciesID=f74c5845952d6efb299318abbd02f8bd StaticDependenciesID=533fe371e2ac62e7bd5742e759f58351 
Number of updated asset objects reloaded before import = 0
Number of asset objects unloaded after import = 0
========================================================================
Received Import Request.
  Time of request: 2026-10-01T19:11:24.714147Z
  Time since last request: 0.000307958 seconds.
  importAddress: GUID: 37cea569bfefafe49a1513c4d7f0e9eb - Path: Packages/com.unity.test-framework/UnityEngine.TestRunner/NUnitExtensions/BaseDelegator.cs - Importer: ScriptedImporter/UnityEditor.QuickSearchModule:UnityEditor.Search:ASIAI0B
Importing 'GUID: 37cea569bfefafe49a1513c4d7f0e9eb - Path: Packages/com.unity.test-framework/UnityEngine.TestRunner/NUnitExtensions/BaseDelegator.cs - Importer: ScriptedImporter/UnityEditor.QuickSearchModule:UnityEditor.Search:ASIAI0B' with importer (ScriptedImporter : UnityEditor.QuickSearchModule:UnityEditor.Search:ASIAI0B)
Imported 'GUID: 37cea569bfefafe49a1513c4d7f0e9eb' -> (Import Result ID: 'e0fa1f2dc80f767371c6231f81a6f206') in 0.001 seconds [static and dynamic dependencies]. Details - ImportResultOutputID=7daa82b8162c0a4f2616dacb8c288dd9 DependenciesID=8e78269fe31110b3d8d83669db712f47 StaticDependenciesID=32bf78d5674fea506f0278351d54cebb 
Number of updated asset objects reloaded before import = 0
Number of asset objects unloaded after import = 0
========================================================================
Received Import Request.
  Time of request: 2026-10-01T19:11:24.715231Z
  Time since last request: 0.000221458 seconds.
  importAddress: GUID: 9650d910fcaefb34cb45f121c1993892 - Path: Packages/com.unity.test-framework/UnityEngine.TestRunner/Assertions/InvalidSignatureException.cs - Importer: ScriptedImporter/UnityEditor.QuickSearchModule:UnityEditor.Search:ASIAI0B
Importing 'GUID: 9650d910fcaefb34cb45f121c1993892 - Path: Packages/com.unity.test-framework/UnityEngine.TestRunner/Assertions/InvalidSignatureException.cs - Importer: ScriptedImporter/UnityEditor.QuickSearchModule:UnityEditor.Search:ASIAI0B' with importer (ScriptedImporter : UnityEditor.QuickSearchModule:UnityEditor.Search:ASIAI0B)
Imported 'GUID: 9650d910fcaefb34cb45f121c1993892' -> (Import Result ID: '8dd1d3ab46cf641cc586a845efb9704b') in 0.002 seconds [static and dynamic dependencies]. Details - ImportResultOutputID=b09be0e2e715904d9cd8c724e56e75b6 DependenciesID=88b9d53ca63cbe7a2c2a776857cef2ef StaticDependenciesID=d7c257952aa301017607efb096a6d872 
Number of updated asset objects reloaded before import = 0
Number of asset objects unloaded after import = 0
========================================================================
Received Import Request.
  Time of request: 2026-10-01T19:11:24.717078Z
  Time since last request: 0.000250958 seconds.
  importAddress: GUID: 5aec7938f118041779fb739b38477100 - Path: Packages/com.unity.test-framework/UnityEngine.TestRunner/TestRunner/TestTaskWrapper.cs - Importer: ScriptedImporter/UnityEditor.QuickSearchModule:UnityEditor.Search:ASIAI0B
Importing 'GUID: 5aec7938f118041779fb739b38477100 - Path: Packages/com.unity.test-framework/UnityEngine.TestRunner/TestRunner/TestTaskWrapper.cs - Importer: ScriptedImporter/UnityEditor.QuickSearchModule:UnityEditor.Search:ASIAI0B' with importer (ScriptedImporter : UnityEditor.QuickSearchModule:UnityEditor.Search:ASIAI0B)
Imported 'GUID: 5aec7938f118041779fb739b38477100' -> (Import Result ID: 'd49d177e104805f71ee1fa4375f1fdc5') in 0.001 seconds [static and dynamic dependencies]. Details - ImportResultOutputID=36859abebd1b32d600361943e60532f7 DependenciesID=2cf370e3399672122e5ffe76dfac97d8 StaticDependenciesID=53bcdc76ae92de10dfaa1c6df908b270 
Number of updated asset objects reloaded before import = 0
Number of asset objects unloaded after import = 0
========================================================================
Received Import Request.
  Time of request: 2026-10-01T19:11:24.718428Z
  Time since last request: 0.000321667 seconds.
  importAddress: GUID: 2799eb4c84e72e54092a292cf626936b - Path: Packages/com.unity.test-framework/UnityEngine.TestRunner/TestRunner/PlaymodeTestsControllerSettings.cs - Importer: ScriptedImporter/UnityEditor.QuickSearchModule:UnityEditor.Search:ASIAI0B
Importing 'GUID: 2799eb4c84e72e54092a292cf626936b - Path: Packages/com.unity.test-framework/UnityEngine.TestRunner/TestRunner/PlaymodeTestsControllerSettings.cs - Importer: ScriptedImporter/UnityEditor.QuickSearchModule:UnityEditor.Search:ASIAI0B' with importer (ScriptedImporter : UnityEditor.QuickSearchModule:UnityEditor.Search:ASIAI0B)
Imported 'GUID: 2799eb4c84e72e54092a292cf626936b' -> (Import Result ID: 'd7678724d14423ce0db1bf9d90c340c0') in 0.001 seconds [static and dynamic dependencies]. Details - ImportResultOutputID=8fa359312a9dbdce54fa74bebd3f0622 DependenciesID=a66301089a9f4bfe1785004721673b74 StaticDependenciesID=83e0d7938f65b0bb58d510d53e424137 
Number of updated asset objects reloaded before import = 0
Number of asset objects unloaded after import = 0
========================================================================
Received Import Request.
  Time of request: 2026-10-01T19:11:24.719586Z
  Time since last request: 0.000285666 seconds.
  importAddress: GUID: 9ad0b0c865b01af4ca1b414689e71259 - Path: Packages/com.unity.test-framework/UnityEngine.TestRunner/TestRunner/TestEnumeratorWrapper.cs - Importer: ScriptedImporter/UnityEditor.QuickSearchModule:UnityEditor.Search:ASIAI0B
Importing 'GUID: 9ad0b0c865b01af4ca1b414689e71259 - Path: Packages/com.unity.test-framework/UnityEngine.TestRunner/TestRunner/TestEnumeratorWrapper.cs - Importer: ScriptedImporter/UnityEditor.QuickSearchModule:UnityEditor.Search:ASIAI0B' with importer (ScriptedImporter : UnityEditor.QuickSearchModule:UnityEditor.Search:ASIAI0B)
Imported 'GUID: 9ad0b0c865b01af4ca1b414689e71259' -> (Import Result ID: 'b7a113d650790ce5c1ef0168d5057ced') in 0.001 seconds [static and dynamic dependencies]. Details - ImportResultOutputID=fdc51a6b75149bb05a2c4aad833d3c17 DependenciesID=0629b700567c128f500e634dbfeab2c4 StaticDependenciesID=7ea2ae6505329b6c74ed79a624a8c1ee 
Number of updated asset objects reloaded before import = 0
Number of asset objects unloaded after import = 0
========================================================================
Received Import Request.
  Time of request: 2026-10-01T19:11:24.720726Z
  Time since last request: 0.000213333 seconds.
  importAddress: GUID: 24a158219395ebf44a60547b97784ddc - Path: Packages/com.unity.test-framework/UnityEngine.TestRunner/Utils/CoroutineRunner.cs - Importer: ScriptedImporter/UnityEditor.QuickSearchModule:UnityEditor.Search:ASIAI0B
Importing 'GUID: 24a158219395ebf44a60547b97784ddc - Path: Packages/com.unity.test-framework/UnityEngine.TestRunner/Utils/CoroutineRunner.cs - Importer: ScriptedImporter/UnityEditor.QuickSearchModule:UnityEditor.Search:ASIAI0B' with importer (ScriptedImporter : UnityEditor.QuickSearchModule:UnityEditor.Search:ASIAI0B)
Imported 'GUID: 24a158219395ebf44a60547b97784ddc' -> (Import Result ID: '3131a5a8d16bf2015bac35af8d9b24af') in 0.001 seconds [static and dynamic dependencies]. Details - ImportResultOutputID=c62c7044a0ffed1869762c67781fac22 DependenciesID=625b103c322faf8fc6f3dec18d3ed997 StaticDependenciesID=c940ceee4ad8d056f7f8f58d3d1e1387 
Number of updated asset objects reloaded before import = 0
Number of asset objects unloaded after import = 0
========================================================================
Received Import Request.
  Time of request: 2026-10-01T19:11:24.721967Z
  Time since last request: 0.000340417 seconds.
  importAddress: GUID: 5f875a14565308a40a5262d2504da705 - Path: Packages/com.unity.test-framework/UnityEngine.TestRunner/NUnitExtensions/IStateSerializer.cs - Importer: ScriptedImporter/UnityEditor.QuickSearchModule:UnityEditor.Search:ASIAI0B
Importing 'GUID: 5f875a14565308a40a5262d2504da705 - Path: Packages/com.unity.test-framework/UnityEngine.TestRunner/NUnitExtensions/IStateSerializer.cs - Importer: ScriptedImporter/UnityEditor.QuickSearchModule:UnityEditor.Search:ASIAI0B' with importer (ScriptedImporter : UnityEditor.QuickSearchModule:UnityEditor.Search:ASIAI0B)
Imported 'GUID: 5f875a14565308a40a5262d2504da705' -> (Import Result ID: 'a6d32a75e3ca8ca134dc445ea7b7e2a3') in 0.001 seconds [static and dynamic dependencies]. Details - ImportResultOutputID=86a85990a14dc7cb3a5e16c414acbb00 DependenciesID=2cbe4af5b5a1b6fed02ce0cff08e8559 StaticDependenciesID=196c3d7c4c2f0b9f6099cec56507a209 
Number of updated asset objects reloaded before import = 0
Number of asset objects unloaded after import = 0
========================================================================
Received Import Request.
  Time of request: 2026-10-01T19:11:24.723188Z
  Time since last request: 0.000280292 seconds.
  importAddress: GUID: 5b2eeca598284bd4abb4a15c30df1576 - Path: Packages/com.unity.test-framework/UnityEngine.TestRunner/Assertions/UnexpectedLogMessageException.cs - Importer: ScriptedImporter/UnityEditor.QuickSearchModule:UnityEditor.Search:ASIAI0B
Importing 'GUID: 5b2eeca598284bd4abb4a15c30df1576 - Path: Packages/com.unity.test-framework/UnityEngine.TestRunner/Assertions/UnexpectedLogMessageException.cs - Importer: ScriptedImporter/UnityEditor.QuickSearchModule:UnityEditor.Search:ASIAI0B' with importer (ScriptedImporter : UnityEditor.QuickSearchModule:UnityEditor.Search:ASIAI0B)
Imported 'GUID: 5b2eeca598284bd4abb4a15c30df1576' -> (Import Result ID: 'e64d0c1e64506f2fb7f480c9c0b0f715') in 0.001 seconds [static and dynamic dependencies]. Details - ImportResultOutputID=e1ff9a97e0ef5e1d2682ead49adf5f49 DependenciesID=cc6671ea996671e107ce4770910860bc StaticDependenciesID=b9b624c5edc24d8662be001f5475fe3d 
Number of updated asset objects reloaded before import = 0
Number of asset objects unloaded after import = 0
========================================================================
Received Import Request.
  Time of request: 2026-10-01T19:11:24.72482Z
  Time since last request: 0.000360708 seconds.
  importAddress: GUID: 75e7d7a9a57458841a85fe42d9c9141f - Path: Packages/com.unity.test-framework/UnityEditor.TestRunner/TestSettings/TestSettingsDeserializer.cs - Importer: ScriptedImporter/UnityEditor.QuickSearchModule:UnityEditor.Search:ASIAI0B
Importing 'GUID: 75e7d7a9a57458841a85fe42d9c9141f - Path: Packages/com.unity.test-framework/UnityEditor.TestRunner/TestSettings/TestSettingsDeserializer.cs - Importer: ScriptedImporter/UnityEditor.QuickSearchModule:UnityEditor.Search:ASIAI0B' with importer (ScriptedImporter : UnityEditor.QuickSearchModule:UnityEditor.Search:ASIAI0B)
Imported 'GUID: 75e7d7a9a57458841a85fe42d9c9141f' -> (Import Result ID: '84af6f0c09a31b6680f2671ec1cf7eeb') in 0.001 seconds [static and dynamic dependencies]. Details - ImportResultOutputID=4fdf62714f4661dde08fb34cc525eed0 DependenciesID=08cecdb3418643cae4f1bcfb99d35e62 StaticDependenciesID=216657392b105f72220e1a70c99940af 
Number of updated asset objects reloaded before import = 0
Number of asset objects unloaded after import = 0
========================================================================
Received Import Request.
  Time of request: 2026-10-01T19:11:24.726013Z
  Time since last request: 0.000281375 seconds.
  importAddress: GUID: 65fb6da362a78334ab360a125cfafdaf - Path: Packages/com.unity.test-framework/UnityEngine.TestRunner/NUnitExtensions/TestResultExtensions.cs - Importer: ScriptedImporter/UnityEditor.QuickSearchModule:UnityEditor.Search:ASIAI0B
Importing 'GUID: 65fb6da362a78334ab360a125cfafdaf - Path: Packages/com.unity.test-framework/UnityEngine.TestRunner/NUnitExtensions/TestResultExtensions.cs - Importer: ScriptedImporter/UnityEditor.QuickSearchModule:UnityEditor.Search:ASIAI0B' with importer (ScriptedImporter : UnityEditor.QuickSearchModule:UnityEditor.Search:ASIAI0B)
Imported 'GUID: 65fb6da362a78334ab360a125cfafdaf' -> (Import Result ID: '3e3742b19063308d53647e94283c5949') in 0.001 seconds [static and dynamic dependencies]. Details - ImportResultOutputID=456a208f70c2a452d42790ce3f3d8212 DependenciesID=25388d77fcf1a9f94791f71569078e3c StaticDependenciesID=0e692711ed8f0de3966e16b11a1a880d 
Number of updated asset objects reloaded before import = 0
Number of asset objects unloaded after import = 0
========================================================================
Received Import Request.
  Time of request: 2026-10-01T19:11:24.727146Z
  Time since last request: 0.000221708 seconds.
  importAddress: GUID: c3aa5c3d59b94854e843f10b75b3ad63 - Path: Packages/com.unity.test-framework/UnityEngine.TestRunner/NUnitExtensions/IAsyncTestAssemblyBuilder.cs - Importer: ScriptedImporter/UnityEditor.QuickSearchModule:UnityEditor.Search:ASIAI0B
Importing 'GUID: c3aa5c3d59b94854e843f10b75b3ad63 - Path: Packages/com.unity.test-framework/UnityEngine.TestRunner/NUnitExtensions/IAsyncTestAssemblyBuilder.cs - Importer: ScriptedImporter/UnityEditor.QuickSearchModule:UnityEditor.Search:ASIAI0B' with importer (ScriptedImporter : UnityEditor.QuickSearchModule:UnityEditor.Search:ASIAI0B)
Imported 'GUID: c3aa5c3d59b94854e843f10b75b3ad63' -> (Import Result ID: '03c3fc6110ac18952d762ef17fbb5521') in 0.001 seconds [static and dynamic dependencies]. Details - ImportResultOutputID=7cf47ab2d051b592183b3a381f29112f DependenciesID=5c0c342ce9b218fcca12a7cb8e30bb79 StaticDependenciesID=f27ca3ec483cc9d22436258edaf85827 
Number of updated asset objects reloaded before import = 0
Number of asset objects unloaded after import = 0
========================================================================
Received Import Request.
  Time of request: 2026-10-01T19:11:24.728544Z
  Time since last request: 0.000281917 seconds.
  importAddress: GUID: ffb335140c799c4408411d81789fb05c - Path: Packages/com.unity.test-framework/UnityEngine.TestRunner/Assertions/UnityTestTimeoutException.cs - Importer: ScriptedImporter/UnityEditor.QuickSearchModule:UnityEditor.Search:ASIAI0B
Importing 'GUID: ffb335140c799c4408411d81789fb05c - Path: Packages/com.unity.test-framework/UnityEngine.TestRunner/Assertions/UnityTestTimeoutException.cs - Importer: ScriptedImporter/UnityEditor.QuickSearchModule:UnityEditor.Search:ASIAI0B' with importer (ScriptedImporter : UnityEditor.QuickSearchModule:UnityEditor.Search:ASIAI0B)
Imported 'GUID: ffb335140c799c4408411d81789fb05c' -> (Import Result ID: '43d828d86ce3bb0bf8a3e4357e616ceb') in 0.001 seconds [static and dynamic dependencies]. Details - ImportResultOutputID=1f17675f0e40ad56699a89644d33af56 DependenciesID=3763dda9db7ce8b883f68d2cd929d6d8 StaticDependenciesID=5c05da5d8b7e627dcbb1f08fe2cd9333 
Number of updated asset objects reloaded before import = 0
Number of asset objects unloaded after import = 0
========================================================================
Received Import Request.
  Time of request: 2026-10-01T19:11:24.729817Z
  Time since last request: 0.0003825 seconds.
  importAddress: GUID: d1b7ce919aa8864409412e809073cf96 - Path: Packages/com.unity.test-framework/UnityEngine.TestRunner/Utils/PrebuildSetupAttribute.cs - Importer: ScriptedImporter/UnityEditor.QuickSearchModule:UnityEditor.Search:ASIAI0B
Importing 'GUID: d1b7ce919aa8864409412e809073cf96 - Path: Packages/com.unity.test-framework/UnityEngine.TestRunner/Utils/PrebuildSetupAttribute.cs - Importer: ScriptedImporter/UnityEditor.QuickSearchModule:UnityEditor.Search:ASIAI0B' with importer (ScriptedImporter : UnityEditor.QuickSearchModule:UnityEditor.Search:ASIAI0B)
Imported 'GUID: d1b7ce919aa8864409412e809073cf96' -> (Import Result ID: '50a67269c4ad7b90e67acdf512a5dd65') in 0.002 seconds [static and dynamic dependencies]. Details - ImportResultOutputID=0618a07ecda626d35aa939fb2c9d7853 DependenciesID=a8dc258e8d7e3865a25d6f506f1bfcf1 StaticDependenciesID=d6faef74a295c2db2443cdd91e3c7d63 
Number of updated asset objects reloaded before import = 0
Number of asset objects unloaded after import = 0
========================================================================
Received Import Request.
  Time of request: 2026-10-01T19:11:24.731857Z
  Time since last request: 0.000252959 seconds.
  importAddress: GUID: 73deb9b8722aa284eab27c4dc90956c6 - Path: Packages/com.unity.test-framework/UnityEngine.TestRunner/TestRunner/TestListenerWrapper.cs - Importer: ScriptedImporter/UnityEditor.QuickSearchModule:UnityEditor.Search:ASIAI0B
Importing 'GUID: 73deb9b8722aa284eab27c4dc90956c6 - Path: Packages/com.unity.test-framework/UnityEngine.TestRunner/TestRunner/TestListenerWrapper.cs - Importer: ScriptedImporter/UnityEditor.QuickSearchModule:UnityEditor.Search:ASIAI0B' with importer (ScriptedImporter : UnityEditor.QuickSearchModule:UnityEditor.Search:ASIAI0B)
Imported 'GUID: 73deb9b8722aa284eab27c4dc90956c6' -> (Import Result ID: 'abc765469283e2c42b9c99d2d331a22f') in 0.001 seconds [static and dynamic dependencies]. Details - ImportResultOutputID=1de2de149dda323c70945058d76e56c4 DependenciesID=02d8983c1ab6e75fefbb92fc1f7029ac StaticDependenciesID=a7671f5a814b2d4e4c709ba76a0e7c1c 
Number of updated asset objects reloaded before import = 0
Number of asset objects unloaded after import = 0
========================================================================
Received Import Request.
  Time of request: 2026-10-01T19:11:24.733364Z
  Time since last request: 0.00032775 seconds.
  importAddress: GUID: b42e1db66fe9c634798674cb9e1df2ca - Path: Packages/com.unity.test-framework/UnityEngine.TestRunner/NUnitExtensions/ConstructDelegator.cs - Importer: ScriptedImporter/UnityEditor.QuickSearchModule:UnityEditor.Search:ASIAI0B
Importing 'GUID: b42e1db66fe9c634798674cb9e1df2ca - Path: Packages/com.unity.test-framework/UnityEngine.TestRunner/NUnitExtensions/ConstructDelegator.cs - Importer: ScriptedImporter/UnityEditor.QuickSearchModule:UnityEditor.Search:ASIAI0B' with importer (ScriptedImporter : UnityEditor.QuickSearchModule:UnityEditor.Search:ASIAI0B)
Imported 'GUID: b42e1db66fe9c634798674cb9e1df2ca' -> (Import Result ID: '38fb834d41874ce214d0859a337d426e') in 0.001 seconds [static and dynamic dependencies]. Details - ImportResultOutputID=45adb25b0169ff8ac4f1edfaf7954ba1 DependenciesID=d3114f649ead1474f55357325ef2fb70 StaticDependenciesID=b833a503219c410b42f9f64f86bcc18e 
Number of updated asset objects reloaded before import = 0
Number of asset objects unloaded after import = 0
========================================================================
Received Import Request.
  Time of request: 2026-10-01T19:11:24.734894Z
  Time since last request: 0.000275875 seconds.
  importAddress: GUID: a025ba7ee40d0104db8d08b1d9eabb0d - Path: Packages/com.unity.test-framework/UnityEngine.TestRunner/TestRunner/RuntimeTestRunnerFilter.cs - Importer: ScriptedImporter/UnityEditor.QuickSearchModule:UnityEditor.Search:ASIAI0B
Importing 'GUID: a025ba7ee40d0104db8d08b1d9eabb0d - Path: Packages/com.unity.test-framework/UnityEngine.TestRunner/TestRunner/RuntimeTestRunnerFilter.cs - Importer: ScriptedImporter/UnityEditor.QuickSearchModule:UnityEditor.Search:ASIAI0B' with importer (ScriptedImporter : UnityEditor.QuickSearchModule:UnityEditor.Search:ASIAI0B)
Imported 'GUID: a025ba7ee40d0104db8d08b1d9eabb0d' -> (Import Result ID: '288cb7ac788d2044cfce5900dacf37db') in 0.001 seconds [static and dynamic dependencies]. Details - ImportResultOutputID=480f045e9fddf6f081fabc7637085b09 DependenciesID=a188d54765d784a7249108f1e08d8e38 StaticDependenciesID=e4a139442c62dd6ca123af36998a500b 
Number of updated asset objects reloaded before import = 0
Number of asset objects unloaded after import = 0
========================================================================
Received Import Request.
  Time of request: 2026-10-01T19:11:24.736187Z
  Time since last request: 0.000255083 seconds.
  importAddress: GUID: b9c2a6302985d3846b7b9f6fd9e2da9a - Path: Packages/com.unity.test-framework/UnityEngine.TestRunner/Utils/IOuterUnityTestAction.cs - Importer: ScriptedImporter/UnityEditor.QuickSearchModule:UnityEditor.Search:ASIAI0B
Importing 'GUID: b9c2a6302985d3846b7b9f6fd9e2da9a - Path: Packages/com.unity.test-framework/UnityEngine.TestRunner/Utils/IOuterUnityTestAction.cs - Importer: ScriptedImporter/UnityEditor.QuickSearchModule:UnityEditor.Search:ASIAI0B' with importer (ScriptedImporter : UnityEditor.QuickSearchModule:UnityEditor.Search:ASIAI0B)
Imported 'GUID: b9c2a6302985d3846b7b9f6fd9e2da9a' -> (Import Result ID: 'ece3f72a3668c0d2e9924916f25f452c') in 0.001 seconds [static and dynamic dependencies]. Details - ImportResultOutputID=7a714183cc261f9abb987984b7bfce4e DependenciesID=8e63d2f5307f9a76346ae604d3923c9a StaticDependenciesID=9cd04d28b5d78932a6d7537f6f938f5e 
Number of updated asset objects reloaded before import = 0
Number of asset objects unloaded after import = 0
========================================================================
Received Import Request.
  Time of request: 2026-10-01T19:11:24.737243Z
  Time since last request: 0.000218875 seconds.
  importAddress: GUID: 2cc8cb8ea0b84a54b6caf6601d63ece6 - Path: Packages/com.unity.test-framework/UnityEngine.TestRunner/UnityTestProtocol/TestFinishMessage.cs - Importer: ScriptedImporter/UnityEditor.QuickSearchModule:UnityEditor.Search:ASIAI0B
Importing 'GUID: 2cc8cb8ea0b84a54b6caf6601d63ece6 - Path: Packages/com.unity.test-framework/UnityEngine.TestRunner/UnityTestProtocol/TestFinishMessage.cs - Importer: ScriptedImporter/UnityEditor.QuickSearchModule:UnityEditor.Search:ASIAI0B' with importer (ScriptedImporter : UnityEditor.QuickSearchModule:UnityEditor.Search:ASIAI0B)
Imported 'GUID: 2cc8cb8ea0b84a54b6caf6601d63ece6' -> (Import Result ID: 'f1a962eafb4714e83dbbd5f77e7ac53f') in 0.001 seconds [static and dynamic dependencies]. Details - ImportResultOutputID=867c6a20e78e3297e06f6451a65a82f3 DependenciesID=e01e1e48500a9f72b99c191132c07c61 StaticDependenciesID=cbc935e5b48d430bad51500409a446c1 
Number of updated asset objects reloaded before import = 0
Number of asset objects unloaded after import = 0
========================================================================
Received Import Request.
  Time of request: 2026-10-01T19:11:24.738825Z
  Time since last request: 0.000245792 seconds.
  importAddress: GUID: c3a9378562b345c4ac08e605d35c0d93 - Path: Packages/com.unity.test-framework/UnityEngine.TestRunner/UnityTestProtocol/TestState.cs - Importer: ScriptedImporter/UnityEditor.QuickSearchModule:UnityEditor.Search:ASIAI0B
Importing 'GUID: c3a9378562b345c4ac08e605d35c0d93 - Path: Packages/com.unity.test-framework/UnityEngine.TestRunner/UnityTestProtocol/TestState.cs - Importer: ScriptedImporter/UnityEditor.QuickSearchModule:UnityEditor.Search:ASIAI0B' with importer (ScriptedImporter : UnityEditor.QuickSearchModule:UnityEditor.Search:ASIAI0B)
Imported 'GUID: c3a9378562b345c4ac08e605d35c0d93' -> (Import Result ID: 'c5ac193e15dc616be2e7f799943c7620') in 0.001 seconds [static and dynamic dependencies]. Details - ImportResultOutputID=146cb65ac43d6bd848f2ed4a693bea50 DependenciesID=8966a12f519e7727bc249756ad6fada1 StaticDependenciesID=2d67e841e5832349a2d8057fb6d9f9a2 
Number of updated asset objects reloaded before import = 0
Number of asset objects unloaded after import = 0
========================================================================
Received Import Request.
  Time of request: 2026-10-01T19:11:24.739968Z
  Time since last request: 0.0002095 seconds.
  importAddress: GUID: 6de79ae237e51554da96fd28f68b66a6 - Path: Packages/com.unity.test-framework/UnityEditor.TestRunner/UnityTestProtocol/ITestRunnerApiMapper.cs - Importer: ScriptedImporter/UnityEditor.QuickSearchModule:UnityEditor.Search:ASIAI0B
Importing 'GUID: 6de79ae237e51554da96fd28f68b66a6 - Path: Packages/com.unity.test-framework/UnityEditor.TestRunner/UnityTestProtocol/ITestRunnerApiMapper.cs - Importer: ScriptedImporter/UnityEditor.QuickSearchModule:UnityEditor.Search:ASIAI0B' with importer (ScriptedImporter : UnityEditor.QuickSearchModule:UnityEditor.Search:ASIAI0B)
Imported 'GUID: 6de79ae237e51554da96fd28f68b66a6' -> (Import Result ID: 'cbc7e19dd8463c44cee792d4a33744c6') in 0.001 seconds [static and dynamic dependencies]. Details - ImportResultOutputID=9dc85197b4b85f45d52bdc7b9f9c39f2 DependenciesID=53f3e14814e80792890b9884ab2e1f8d StaticDependenciesID=89112d57de1805e7587489a8b5a6db18 
Number of updated asset objects reloaded before import = 0
Number of asset objects unloaded after import = 0
========================================================================
Received Import Request.
  Time of request: 2026-10-01T19:11:24.741291Z
  Time since last request: 0.000231459 seconds.
  importAddress: GUID: 952b3dc7b47846947b37c8d3ae46579a - Path: Packages/com.unity.test-framework/UnityEditor.TestRunner/UnityTestProtocol/IUtpMessageReporter.cs - Importer: ScriptedImporter/UnityEditor.QuickSearchModule:UnityEditor.Search:ASIAI0B
Importing 'GUID: 952b3dc7b47846947b37c8d3ae46579a - Path: Packages/com.unity.test-framework/UnityEditor.TestRunner/UnityTestProtocol/IUtpMessageReporter.cs - Importer: ScriptedImporter/UnityEditor.QuickSearchModule:UnityEditor.Search:ASIAI0B' with importer (ScriptedImporter : UnityEditor.QuickSearchModule:UnityEditor.Search:ASIAI0B)
Imported 'GUID: 952b3dc7b47846947b37c8d3ae46579a' -> (Import Result ID: '51bdbcb927ecf52bee18e4bdf6edec7a') in 0.001 seconds [static and dynamic dependencies]. Details - ImportResultOutputID=d39d7f9322b21dc56d043d5b5e968b71 DependenciesID=a08cf70fd93d61e33ba5d0073a37a4ee StaticDependenciesID=234dbb7ca818d43766551dd6a7697d26 
Number of updated asset objects reloaded before import = 0
Number of asset objects unloaded after import = 0
========================================================================
Received Import Request.
  Time of request: 2026-10-01T19:11:24.742324Z
  Time since last request: 0.00024675 seconds.
  importAddress: GUID: 3b28913f21577de429da928d6d05219f - Path: Packages/com.unity.test-framework/UnityEngine.TestRunner/Utils/QuaternionEqualityComparer.cs - Importer: ScriptedImporter/UnityEditor.QuickSearchModule:UnityEditor.Search:ASIAI0B
Importing 'GUID: 3b28913f21577de429da928d6d05219f - Path: Packages/com.unity.test-framework/UnityEngine.TestRunner/Utils/QuaternionEqualityComparer.cs - Importer: ScriptedImporter/UnityEditor.QuickSearchModule:UnityEditor.Search:ASIAI0B' with importer (ScriptedImporter : UnityEditor.QuickSearchModule:UnityEditor.Search:ASIAI0B)
Imported 'GUID: 3b28913f21577de429da928d6d05219f' -> (Import Result ID: '1d06b295e98101c644f6c6cae8bcf7e0') in 0.001 seconds [static and dynamic dependencies]. Details - ImportResultOutputID=0939a4fbb0c0667b75793a6f1c11beb0 DependenciesID=7935f5ee6dfdfb9481388bb00c2ebfa1 StaticDependenciesID=59648908930e86f1736f67ce2187dbc1 
Number of updated asset objects reloaded before import = 0
Number of asset objects unloaded after import = 0
========================================================================
Received Import Request.
  Time of request: 2026-10-01T19:11:24.743558Z
  Time since last request: 0.000217542 seconds.
  importAddress: GUID: 743879b4db4bc1a4b829aae4386f4acf - Path: Packages/com.unity.test-framework/UnityEngine.TestRunner/TestRunner/TestPlatform.cs - Importer: ScriptedImporter/UnityEditor.QuickSearchModule:UnityEditor.Search:ASIAI0B
Importing 'GUID: 743879b4db4bc1a4b829aae4386f4acf - Path: Packages/com.unity.test-framework/UnityEngine.TestRunner/TestRunner/TestPlatform.cs - Importer: ScriptedImporter/UnityEditor.QuickSearchModule:UnityEditor.Search:ASIAI0B' with importer (ScriptedImporter : UnityEditor.QuickSearchModule:UnityEditor.Search:ASIAI0B)
Imported 'GUID: 743879b4db4bc1a4b829aae4386f4acf' -> (Import Result ID: 'edb1bdb38d045d8438bf809b897895a9') in 0.001 seconds [static and dynamic dependencies]. Details - ImportResultOutputID=4147c41b35096d5350ae92ff3c8bee98 DependenciesID=e0c0ba102ad8e6b830bbc8f890c65e2e StaticDependenciesID=7046a8a6e975944206e7aecd3b203381 
Number of updated asset objects reloaded before import = 0
Number of asset objects unloaded after import = 0
========================================================================
Received Import Request.
  Time of request: 2026-10-01T19:11:24.745299Z
  Time since last request: 0.000210833 seconds.
  importAddress: GUID: 6b32b6725087a0d4bb1670818d26996e - Path: Packages/com.unity.test-framework/UnityEditor.TestRunner/TestSettings/TestSettings.cs - Importer: ScriptedImporter/UnityEditor.QuickSearchModule:UnityEditor.Search:ASIAI0B
Importing 'GUID: 6b32b6725087a0d4bb1670818d26996e - Path: Packages/com.unity.test-framework/UnityEditor.TestRunner/TestSettings/TestSettings.cs - Importer: ScriptedImporter/UnityEditor.QuickSearchModule:UnityEditor.Search:ASIAI0B' with importer (ScriptedImporter : UnityEditor.QuickSearchModule:UnityEditor.Search:ASIAI0B)
Imported 'GUID: 6b32b6725087a0d4bb1670818d26996e' -> (Import Result ID: 'e0c4087531eb582785ebec66eeb9adb0') in 0.001 seconds [static and dynamic dependencies]. Details - ImportResultOutputID=50be2c91f6cdb193a57b3acf4d790daf DependenciesID=22aaa2058dc057950ca3c1e41f6fd5cc StaticDependenciesID=0b4f028a78075ea9d5982f884c65f4dd 
Number of updated asset objects reloaded before import = 0
Number of asset objects unloaded after import = 0
========================================================================
Received Import Request.
  Time of request: 2026-10-01T19:11:24.746656Z
  Time since last request: 0.000338334 seconds.
  importAddress: GUID: 9014630255533ed42915965b4065cde8 - Path: Packages/com.unity.test-framework/UnityEditor.TestRunner/UnityTestProtocol/IUtpLogger.cs - Importer: ScriptedImporter/UnityEditor.QuickSearchModule:UnityEditor.Search:ASIAI0B
Importing 'GUID: 9014630255533ed42915965b4065cde8 - Path: Packages/com.unity.test-framework/UnityEditor.TestRunner/UnityTestProtocol/IUtpLogger.cs - Importer: ScriptedImporter/UnityEditor.QuickSearchModule:UnityEditor.Search:ASIAI0B' with importer (ScriptedImporter : UnityEditor.QuickSearchModule:UnityEditor.Search:ASIAI0B)
Imported 'GUID: 9014630255533ed42915965b4065cde8' -> (Import Result ID: '6b44f6fef70510676c934ce3beeb0f7d') in 0.001 seconds [static and dynamic dependencies]. Details - ImportResultOutputID=a848ee982f330308128ad3428303b24d DependenciesID=1727f4a9df65caafd1a98b614d6dbc56 StaticDependenciesID=8b0069c2cf2f72835734594596120d10 
Number of updated asset objects reloaded before import = 0
Number of asset objects unloaded after import = 0
========================================================================
Received Import Request.
  Time of request: 2026-10-01T19:11:24.765468Z
  Time since last request: 0.017638917 seconds.
  importAddress: GUID: 58ad09607a0d62d458a78d7174665566 - Path: Packages/com.unity.test-framework/UnityEngine.TestRunner/Utils/Vector2EqualityComparer.cs - Importer: ScriptedImporter/UnityEditor.QuickSearchModule:UnityEditor.Search:ASIAI0B
Importing 'GUID: 58ad09607a0d62d458a78d7174665566 - Path: Packages/com.unity.test-framework/UnityEngine.TestRunner/Utils/Vector2EqualityComparer.cs - Importer: ScriptedImporter/UnityEditor.QuickSearchModule:UnityEditor.Search:ASIAI0B' with importer (ScriptedImporter : UnityEditor.QuickSearchModule:UnityEditor.Search:ASIAI0B)
Imported 'GUID: 58ad09607a0d62d458a78d7174665566' -> (Import Result ID: '2656ae81db346d582cd194e950876228') in 0.001 seconds [static and dynamic dependencies]. Details - ImportResultOutputID=ece31ad88c5d321572ccfe7735ef381c DependenciesID=e0026c6eacc75f231b355063559c416d StaticDependenciesID=ba4f8ee790dde14d43e4821511715c5b 
Number of updated asset objects reloaded before import = 0
Number of asset objects unloaded after import = 0
========================================================================
Received Import Request.
  Time of request: 2026-10-01T19:11:24.767091Z
  Time since last request: 0.000246041 seconds.
  importAddress: GUID: 65701ebe8bada6b4785e9c7afe7f5bee - Path: Packages/com.unity.test-framework/UnityEngine.TestRunner/Utils/Vector2ComparerWithEqualsOperator.cs - Importer: ScriptedImporter/UnityEditor.QuickSearchModule:UnityEditor.Search:ASIAI0B
Importing 'GUID: 65701ebe8bada6b4785e9c7afe7f5bee - Path: Packages/com.unity.test-framework/UnityEngine.TestRunner/Utils/Vector2ComparerWithEqualsOperator.cs - Importer: ScriptedImporter/UnityEditor.QuickSearchModule:UnityEditor.Search:ASIAI0B' with importer (ScriptedImporter : UnityEditor.QuickSearchModule:UnityEditor.Search:ASIAI0B)
Imported 'GUID: 65701ebe8bada6b4785e9c7afe7f5bee' -> (Import Result ID: 'd0319445ee9cf6597d5b870881805a53') in 0.001 seconds [static and dynamic dependencies]. Details - ImportResultOutputID=287ecea1b3bd1b9c440545ef48592e36 DependenciesID=06a0d0afa2d2cdcf54482190d55caec7 StaticDependenciesID=1069afa9685ff28076db0800929fae9a 
Number of updated asset objects reloaded before import = 0
Number of asset objects unloaded after import = 0
========================================================================
Received Import Request.
  Time of request: 2026-10-01T19:11:24.768378Z
  Time since last request: 0.000235708 seconds.
  importAddress: GUID: 76b3a3296de548f48b0c3d088fb4b490 - Path: Packages/com.unity.test-framework/UnityEngine.TestRunner/Utils/TestRunCallbackAttribute.cs - Importer: ScriptedImporter/UnityEditor.QuickSearchModule:UnityEditor.Search:ASIAI0B
Importing 'GUID: 76b3a3296de548f48b0c3d088fb4b490 - Path: Packages/com.unity.test-framework/UnityEngine.TestRunner/Utils/TestRunCallbackAttribute.cs - Importer: ScriptedImporter/UnityEditor.QuickSearchModule:UnityEditor.Search:ASIAI0B' with importer (ScriptedImporter : UnityEditor.QuickSearchModule:UnityEditor.Search:ASIAI0B)
Imported 'GUID: 76b3a3296de548f48b0c3d088fb4b490' -> (Import Result ID: '669b7b9cbee5d27dd43873a60edc27f9') in 0.001 seconds [static and dynamic dependencies]. Details - ImportResultOutputID=e41acf2eb4c6f5b6c2de76791525e567 DependenciesID=30d647e8f39e3dfd9dbd3b4c571567ce StaticDependenciesID=9222446dbe713b97a8cb33b6f7941bf7 
Number of updated asset objects reloaded before import = 0
Number of asset objects unloaded after import = 0
========================================================================
Received Import Request.
  Time of request: 2026-10-01T19:11:24.769453Z
  Time since last request: 0.000270417 seconds.
  importAddress: GUID: 68f09f0f82599b5448579854e622a4c1 - Path: Packages/com.unity.test-framework/UnityEngine.TestRunner/Utils/TestRunCallbackListener.cs - Importer: ScriptedImporter/UnityEditor.QuickSearchModule:UnityEditor.Search:ASIAI0B
Importing 'GUID: 68f09f0f82599b5448579854e622a4c1 - Path: Packages/com.unity.test-framework/UnityEngine.TestRunner/Utils/TestRunCallbackListener.cs - Importer: ScriptedImporter/UnityEditor.QuickSearchModule:UnityEditor.Search:ASIAI0B' with importer (ScriptedImporter : UnityEditor.QuickSearchModule:UnityEditor.Search:ASIAI0B)
Imported 'GUID: 68f09f0f82599b5448579854e622a4c1' -> (Import Result ID: '63379869323cf31d9f5000b4ff033483') in 0.001 seconds [static and dynamic dependencies]. Details - ImportResultOutputID=59bdbd339ca44f7ff5d1bd8d95c29db9 DependenciesID=81a393cc6d192ea90cec368698c62644 StaticDependenciesID=dcbab907a2b4182e6f4b0961eef767e3 
Number of updated asset objects reloaded before import = 0
Number of asset objects unloaded after import = 0
========================================================================
Received Import Request.
  Time of request: 2026-10-01T19:11:24.770841Z
  Time since last request: 0.000306042 seconds.
  importAddress: GUID: 32da81683c22faf458026716a2b821aa - Path: Packages/com.unity.test-framework/UnityEngine.TestRunner/Utils/Vector4EqualityComparer.cs - Importer: ScriptedImporter/UnityEditor.QuickSearchModule:UnityEditor.Search:ASIAI0B
Importing 'GUID: 32da81683c22faf458026716a2b821aa - Path: Packages/com.unity.test-framework/UnityEngine.TestRunner/Utils/Vector4EqualityComparer.cs - Importer: ScriptedImporter/UnityEditor.QuickSearchModule:UnityEditor.Search:ASIAI0B' with importer (ScriptedImporter : UnityEditor.QuickSearchModule:UnityEditor.Search:ASIAI0B)
Imported 'GUID: 32da81683c22faf458026716a2b821aa' -> (Import Result ID: '2f47d8d6848aafc2d4bd676af6abb42c') in 0.001 seconds [static and dynamic dependencies]. Details - ImportResultOutputID=7aa961835c8c8af848515ba4b37729e4 DependenciesID=3cc8bd503394f4ab7e743c77d12955bc StaticDependenciesID=dc4a457866ceb21b6ca8d0dd95207b4a 
Number of updated asset objects reloaded before import = 0
Number of asset objects unloaded after import = 0
========================================================================
Received Import Request.
  Time of request: 2026-10-01T19:11:24.772447Z
  Time since last request: 0.00035125 seconds.
  importAddress: GUID: d1bd8de22dbd64d6ea3e35a46217cb9b - Path: Packages/com.unity.test-framework/UnityEngine.TestRunner/Utils/TestMode.cs - Importer: ScriptedImporter/UnityEditor.QuickSearchModule:UnityEditor.Search:ASIAI0B
Importing 'GUID: d1bd8de22dbd64d6ea3e35a46217cb9b - Path: Packages/com.unity.test-framework/UnityEngine.TestRunner/Utils/TestMode.cs - Importer: ScriptedImporter/UnityEditor.QuickSearchModule:UnityEditor.Search:ASIAI0B' with importer (ScriptedImporter : UnityEditor.QuickSearchModule:UnityEditor.Search:ASIAI0B)
Imported 'GUID: d1bd8de22dbd64d6ea3e35a46217cb9b' -> (Import Result ID: '81e9a70d356d55599c63be96375e5a1d') in 0.001 seconds [static and dynamic dependencies]. Details - ImportResultOutputID=92c6213c9631910b3cb8eaa10743b8e4 DependenciesID=32be63a2dd41ba0b9e4c5ed467732721 StaticDependenciesID=ddbb7478953663289e80d08084188643 
Number of updated asset objects reloaded before import = 0
Number of asset objects unloaded after import = 0
========================================================================
Received Import Request.
  Time of request: 2026-10-01T19:11:24.773947Z
  Time since last request: 0.0002845 seconds.
  importAddress: GUID: 44100f5f60f351348b9719b46d46cebe - Path: Packages/com.unity.test-framework/UnityEngine.TestRunner/Utils/Vector4ComparerWithEqualsOperator.cs - Importer: ScriptedImporter/UnityEditor.QuickSearchModule:UnityEditor.Search:ASIAI0B
Importing 'GUID: 44100f5f60f351348b9719b46d46cebe - Path: Packages/com.unity.test-framework/UnityEngine.TestRunner/Utils/Vector4ComparerWithEqualsOperator.cs - Importer: ScriptedImporter/UnityEditor.QuickSearchModule:UnityEditor.Search:ASIAI0B' with importer (ScriptedImporter : UnityEditor.QuickSearchModule:UnityEditor.Search:ASIAI0B)
Imported 'GUID: 44100f5f60f351348b9719b46d46cebe' -> (Import Result ID: 'ffc1f8098c53d468772aaadf34eb3d10') in 0.001 seconds [static and dynamic dependencies]. Details - ImportResultOutputID=f438ad22e48ae6aa3706a0c3cebc0076 DependenciesID=9868022b40f670553d2ac083ac2f16cf StaticDependenciesID=4f1b05763f6c1213c60c150371b336b9 
Number of updated asset objects reloaded before import = 0
Number of asset objects unloaded after import = 0
========================================================================
Received Import Request.
  Time of request: 2026-10-01T19:11:24.775468Z
  Time since last request: 0.000289708 seconds.
  importAddress: GUID: 9502550ba4785e3499d6c9251fa2114b - Path: Packages/com.unity.test-framework/UnityEngine.TestRunner/Utils/Utils.cs - Importer: ScriptedImporter/UnityEditor.QuickSearchModule:UnityEditor.Search:ASIAI0B
Importing 'GUID: 9502550ba4785e3499d6c9251fa2114b - Path: Packages/com.unity.test-framework/UnityEngine.TestRunner/Utils/Utils.cs - Importer: ScriptedImporter/UnityEditor.QuickSearchModule:UnityEditor.Search:ASIAI0B' with importer (ScriptedImporter : UnityEditor.QuickSearchModule:UnityEditor.Search:ASIAI0B)
Imported 'GUID: 9502550ba4785e3499d6c9251fa2114b' -> (Import Result ID: '63b8a71e14e1ea59402a2fbfc1a79857') in 0.001 seconds [static and dynamic dependencies]. Details - ImportResultOutputID=8c4d167e357a8fb5e27610c61e86c43a DependenciesID=3c7416f74a1477fc301952e36dcfc2be StaticDependenciesID=e7eb67c597b1728ffcafb5f24aa04c66 
Number of updated asset objects reloaded before import = 0
Number of asset objects unloaded after import = 0
========================================================================
Received Import Request.
  Time of request: 2026-10-01T19:11:24.7767Z
  Time since last request: 0.00024375 seconds.
  importAddress: GUID: 4bd2bc28ff24d5c488844851cb785db0 - Path: Packages/com.unity.test-framework/UnityEngine.TestRunner/Utils/Vector3EqualityComparer.cs - Importer: ScriptedImporter/UnityEditor.QuickSearchModule:UnityEditor.Search:ASIAI0B
Importing 'GUID: 4bd2bc28ff24d5c488844851cb785db0 - Path: Packages/com.unity.test-framework/UnityEngine.TestRunner/Utils/Vector3EqualityComparer.cs - Importer: ScriptedImporter/UnityEditor.QuickSearchModule:UnityEditor.Search:ASIAI0B' with importer (ScriptedImporter : UnityEditor.QuickSearchModule:UnityEditor.Search:ASIAI0B)
Imported 'GUID: 4bd2bc28ff24d5c488844851cb785db0' -> (Import Result ID: 'f897aa38c5bdadea8f30d2b53962e3d7') in 0.001 seconds [static and dynamic dependencies]. Details - ImportResultOutputID=369ba9dae3fc1ebecaef4ad14c2e9c52 DependenciesID=794373558333758e4dcaa4249e48b827 StaticDependenciesID=91455cb8ead7dea462bd4c8cdfecebbf 
Number of updated asset objects reloaded before import = 0
Number of asset objects unloaded after import = 0
========================================================================
Received Import Request.
  Time of request: 2026-10-01T19:11:24.777725Z
  Time since last request: 0.000204084 seconds.
  importAddress: GUID: 5b994928117e3db418da69c821da7e19 - Path: Packages/com.unity.test-framework/UnityEngine.TestRunner/Utils/Vector3ComparerWithEqualsOperator.cs - Importer: ScriptedImporter/UnityEditor.QuickSearchModule:UnityEditor.Search:ASIAI0B
Importing 'GUID: 5b994928117e3db418da69c821da7e19 - Path: Packages/com.unity.test-framework/UnityEngine.TestRunner/Utils/Vector3ComparerWithEqualsOperator.cs - Importer: ScriptedImporter/UnityEditor.QuickSearchModule:UnityEditor.Search:ASIAI0B' with importer (ScriptedImporter : UnityEditor.QuickSearchModule:UnityEditor.Search:ASIAI0B)
Imported 'GUID: 5b994928117e3db418da69c821da7e19' -> (Import Result ID: 'b2b2cd6ea24937e5753382ff9eb944d6') in 0.001 seconds [static and dynamic dependencies]. Details - ImportResultOutputID=c1edd295be727746433921eacf1a915a DependenciesID=cf789b65ace2fd3ad059272f0bbf0fc7 StaticDependenciesID=0811fe39c2c112e83124a019000d2dd7 
Number of updated asset objects reloaded before import = 0
Number of asset objects unloaded after import = 0
========================================================================
Received Import Request.
  Time of request: 2026-10-01T19:11:24.779046Z
  Time since last request: 0.000205584 seconds.
  importAddress: GUID: 72ae18093c05147e4a680b41d4cd9e6f - Path: Packages/com.unity.test-framework/UnityEngine.TestRunner/Utils/TestData.cs - Importer: ScriptedImporter/UnityEditor.QuickSearchModule:UnityEditor.Search:ASIAI0B
Importing 'GUID: 72ae18093c05147e4a680b41d4cd9e6f - Path: Packages/com.unity.test-framework/UnityEngine.TestRunner/Utils/TestData.cs - Importer: ScriptedImporter/UnityEditor.QuickSearchModule:UnityEditor.Search:ASIAI0B' with importer (ScriptedImporter : UnityEditor.QuickSearchModule:UnityEditor.Search:ASIAI0B)
Imported 'GUID: 72ae18093c05147e4a680b41d4cd9e6f' -> (Import Result ID: 'da743e5bb9791a101cd14f2afc8ae1e4') in 0.001 seconds [static and dynamic dependencies]. Details - ImportResultOutputID=c4319ecdfabf9bc7ab9815ed9c3d8efb DependenciesID=16041164050b912cd9c386426a06a9a8 StaticDependenciesID=a02a709bd8e0a70ddf467eaba3fd47a7 
Number of updated asset objects reloaded before import = 0
Number of asset objects unloaded after import = 0
========================================================================
Received Import Request.
  Time of request: 2026-10-01T19:11:24.783596Z
  Time since last request: 0.003601625 seconds.
  importAddress: GUID: c2247a4dfeae4607949780b219a7d3c8 - Path: Packages/com.unity.test-framework/UnityEditor.TestRunner/GUI/Controls/ISelectionDropDownContentProvider.cs - Importer: ScriptedImporter/UnityEditor.QuickSearchModule:UnityEditor.Search:ASIAI0B
Importing 'GUID: c2247a4dfeae4607949780b219a7d3c8 - Path: Packages/com.unity.test-framework/UnityEditor.TestRunner/GUI/Controls/ISelectionDropDownContentProvider.cs - Importer: ScriptedImporter/UnityEditor.QuickSearchModule:UnityEditor.Search:ASIAI0B' with importer (ScriptedImporter : UnityEditor.QuickSearchModule:UnityEditor.Search:ASIAI0B)
Imported 'GUID: c2247a4dfeae4607949780b219a7d3c8' -> (Import Result ID: '68d9f533bff23d19d0256da6eaedea13') in 0.001 seconds [static and dynamic dependencies]. Details - ImportResultOutputID=d85c6b02c4d007ae37d7fe5dc6bea7d6 DependenciesID=75c20aad42d05a4fd46cbc17d55fff4e StaticDependenciesID=f2f5ef781686c56689840843da3f3b73 
Number of updated asset objects reloaded before import = 0
Number of asset objects unloaded after import = 0
========================================================================
Received Import Request.
  Time of request: 2026-10-01T19:11:24.785198Z
  Time since last request: 0.000231042 seconds.
  importAddress: GUID: d31403ec6b334194bdeb4c5ebad64097 - Path: Packages/com.unity.test-framework/UnityEditor.TestRunner/GUI/Controls/FlagEnumContentProvider.cs - Importer: ScriptedImporter/UnityEditor.QuickSearchModule:UnityEditor.Search:ASIAI0B
Importing 'GUID: d31403ec6b334194bdeb4c5ebad64097 - Path: Packages/com.unity.test-framework/UnityEditor.TestRunner/GUI/Controls/FlagEnumContentProvider.cs - Importer: ScriptedImporter/UnityEditor.QuickSearchModule:UnityEditor.Search:ASIAI0B' with importer (ScriptedImporter : UnityEditor.QuickSearchModule:UnityEditor.Search:ASIAI0B)
Imported 'GUID: d31403ec6b334194bdeb4c5ebad64097' -> (Import Result ID: 'a46e087ad79aa9642b8dadc4de813526') in 0.001 seconds [static and dynamic dependencies]. Details - ImportResultOutputID=6a4789da778916a13e515a46b1be696e DependenciesID=e8b71213d527c2555f167c5ef55f59f3 StaticDependenciesID=1f34a5314e20f568a3e3f3d704211c63 
Number of updated asset objects reloaded before import = 0
Number of asset objects unloaded after import = 0
========================================================================
Received Import Request.
  Time of request: 2026-10-01T19:11:24.786417Z
  Time since last request: 0.000203625 seconds.
  importAddress: GUID: f7d5e5417ccd4aa0bfa39228c674f142 - Path: Packages/com.unity.test-framework/UnityEditor.TestRunner/GUI/Controls/SelectableItemContent.cs - Importer: ScriptedImporter/UnityEditor.QuickSearchModule:UnityEditor.Search:ASIAI0B
Importing 'GUID: f7d5e5417ccd4aa0bfa39228c674f142 - Path: Packages/com.unity.test-framework/UnityEditor.TestRunner/GUI/Controls/SelectableItemContent.cs - Importer: ScriptedImporter/UnityEditor.QuickSearchModule:UnityEditor.Search:ASIAI0B' with importer (ScriptedImporter : UnityEditor.QuickSearchModule:UnityEditor.Search:ASIAI0B)
Imported 'GUID: f7d5e5417ccd4aa0bfa39228c674f142' -> (Import Result ID: 'a587cf24db0660cf2911bdec41bbd40f') in 0.001 seconds [static and dynamic dependencies]. Details - ImportResultOutputID=865708b737310572a4b4cedc7f5053e0 DependenciesID=44e2a71175b72aa664d49177ee420388 StaticDependenciesID=e9b2ab212d03ff9c2c8da45c682d53b1 
Number of updated asset objects reloaded before import = 0
Number of asset objects unloaded after import = 0
========================================================================
Received Import Request.
  Time of request: 2026-10-01T19:11:24.787573Z
  Time since last request: 0.000230875 seconds.
  importAddress: GUID: fb736ed47b6da4b499431bf9c6de5890 - Path: Packages/com.unity.test-framework/UnityEditor.TestRunner/GUI/Controls/MultiValueContentProvider.cs - Importer: ScriptedImporter/UnityEditor.QuickSearchModule:UnityEditor.Search:ASIAI0B
Importing 'GUID: fb736ed47b6da4b499431bf9c6de5890 - Path: Packages/com.unity.test-framework/UnityEditor.TestRunner/GUI/Controls/MultiValueContentProvider.cs - Importer: ScriptedImporter/UnityEditor.QuickSearchModule:UnityEditor.Search:ASIAI0B' with importer (ScriptedImporter : UnityEditor.QuickSearchModule:UnityEditor.Search:ASIAI0B)
Imported 'GUID: fb736ed47b6da4b499431bf9c6de5890' -> (Import Result ID: '17b94db963e7c715835fe3d0c6f19ad3') in 0.001 seconds [static and dynamic dependencies]. Details - ImportResultOutputID=206379ed832c351899a0fc3c454f3c5f DependenciesID=9c00c71a321a331925f40e2010c5e1ea StaticDependenciesID=74cde1eb26e93187a72df7f92405c55d 
Number of updated asset objects reloaded before import = 0
Number of asset objects unloaded after import = 0
========================================================================
Received Import Request.
  Time of request: 2026-10-01T19:11:24.788594Z
  Time since last request: 0.000203375 seconds.
  importAddress: GUID: f8f9b43d4e034c2d997f4eb6a0d85a96 - Path: Packages/com.unity.test-framework/UnityEditor.TestRunner/GUI/Controls/SelectionDropDown.cs - Importer: ScriptedImporter/UnityEditor.QuickSearchModule:UnityEditor.Search:ASIAI0B
Importing 'GUID: f8f9b43d4e034c2d997f4eb6a0d85a96 - Path: Packages/com.unity.test-framework/UnityEditor.TestRunner/GUI/Controls/SelectionDropDown.cs - Importer: ScriptedImporter/UnityEditor.QuickSearchModule:UnityEditor.Search:ASIAI0B' with importer (ScriptedImporter : UnityEditor.QuickSearchModule:UnityEditor.Search:ASIAI0B)
Imported 'GUID: f8f9b43d4e034c2d997f4eb6a0d85a96' -> (Import Result ID: '3fc84b85c35603f04393025cf55a04eb') in 0.001 seconds [static and dynamic dependencies]. Details - ImportResultOutputID=46800d4bd29a0ed9cde117fd6cdb0873 DependenciesID=45cb70da772635c1bd5fe9dd2fef7fd3 StaticDependenciesID=33d36cf9dd487d2b2520de4053e5c041 
Number of updated asset objects reloaded before import = 0
Number of asset objects unloaded after import = 0
========================================================================
Received Import Request.
  Time of request: 2026-10-01T19:11:24.789883Z
  Time since last request: 0.000320375 seconds.
  importAddress: GUID: 24a5f331fec74c9aa9e1e5d74b5a9589 - Path: Packages/com.unity.test-framework/UnityEditor.TestRunner/GUI/Controls/BitUtility.cs - Importer: ScriptedImporter/UnityEditor.QuickSearchModule:UnityEditor.Search:ASIAI0B
Importing 'GUID: 24a5f331fec74c9aa9e1e5d74b5a9589 - Path: Packages/com.unity.test-framework/UnityEditor.TestRunner/GUI/Controls/BitUtility.cs - Importer: ScriptedImporter/UnityEditor.QuickSearchModule:UnityEditor.Search:ASIAI0B' with importer (ScriptedImporter : UnityEditor.QuickSearchModule:UnityEditor.Search:ASIAI0B)
Imported 'GUID: 24a5f331fec74c9aa9e1e5d74b5a9589' -> (Import Result ID: 'f61a1d2a897ada329b82a8ce0345fbc8') in 0.001 seconds [static and dynamic dependencies]. Details - ImportResultOutputID=d97720d2b5fc67d744a565d591b6900d DependenciesID=4b6d497b63bc0ab31fe320987ef4790d StaticDependenciesID=b2406e46ae70c936b842e1db3aa6165e 
Number of updated asset objects reloaded before import = 0
Number of asset objects unloaded after import = 0
========================================================================
Received Import Request.
  Time of request: 2026-10-01T19:11:24.791302Z
  Time since last request: 0.000199458 seconds.
  importAddress: GUID: f03c073fcc564ab582ac38999beb4b6d - Path: Packages/com.unity.test-framework/UnityEditor.TestRunner/GUI/TestAssets/CustomScriptAssemblyMappingFinder.cs - Importer: ScriptedImporter/UnityEditor.QuickSearchModule:UnityEditor.Search:ASIAI0B
Importing 'GUID: f03c073fcc564ab582ac38999beb4b6d - Path: Packages/com.unity.test-framework/UnityEditor.TestRunner/GUI/TestAssets/CustomScriptAssemblyMappingFinder.cs - Importer: ScriptedImporter/UnityEditor.QuickSearchModule:UnityEditor.Search:ASIAI0B' with importer (ScriptedImporter : UnityEditor.QuickSearchModule:UnityEditor.Search:ASIAI0B)
Imported 'GUID: f03c073fcc564ab582ac38999beb4b6d' -> (Import Result ID: '237d8975f9472053d5d0b9014013b222') in 0.001 seconds [static and dynamic dependencies]. Details - ImportResultOutputID=d502f203a675c360e4abc125b8aff118 DependenciesID=8cfaf48dc7b27bd49f6dd422778b2da3 StaticDependenciesID=58ffbd8b594ce84142d1bb1cf692f016 
Number of updated asset objects reloaded before import = 0
Number of asset objects unloaded after import = 0
========================================================================
Received Import Request.
  Time of request: 2026-10-01T19:11:24.792376Z
  Time since last request: 0.000210791 seconds.
  importAddress: GUID: dc781c79a6ac490f817bb70a01490d5c - Path: Packages/com.unity.test-framework/UnityEditor.TestRunner/Api/Analytics/RunFinishedData.cs - Importer: ScriptedImporter/UnityEditor.QuickSearchModule:UnityEditor.Search:ASIAI0B
Importing 'GUID: dc781c79a6ac490f817bb70a01490d5c - Path: Packages/com.unity.test-framework/UnityEditor.TestRunner/Api/Analytics/RunFinishedData.cs - Importer: ScriptedImporter/UnityEditor.QuickSearchModule:UnityEditor.Search:ASIAI0B' with importer (ScriptedImporter : UnityEditor.QuickSearchModule:UnityEditor.Search:ASIAI0B)
Imported 'GUID: dc781c79a6ac490f817bb70a01490d5c' -> (Import Result ID: 'f5cc37ed1e98f7e6b2b1604412be2e82') in 0.001 seconds [static and dynamic dependencies]. Details - ImportResultOutputID=dc6ac55abac7c697d9f5f00d71b3c148 DependenciesID=8550392d11513eccb851dea5567485ac StaticDependenciesID=dfc0d8e9017295ace84d42d207b01f39 
Number of updated asset objects reloaded before import = 0
Number of asset objects unloaded after import = 0
========================================================================
Received Import Request.
  Time of request: 2026-10-01T19:11:24.793354Z
  Time since last request: 0.000233917 seconds.
  importAddress: GUID: f5e82966bb8646269e2e46b6ddf2d89f - Path: Packages/com.unity.test-framework/UnityEditor.TestRunner/Api/Analytics/AnalyticsTestCallback.cs - Importer: ScriptedImporter/UnityEditor.QuickSearchModule:UnityEditor.Search:ASIAI0B
Importing 'GUID: f5e82966bb8646269e2e46b6ddf2d89f - Path: Packages/com.unity.test-framework/UnityEditor.TestRunner/Api/Analytics/AnalyticsTestCallback.cs - Importer: ScriptedImporter/UnityEditor.QuickSearchModule:UnityEditor.Search:ASIAI0B' with importer (ScriptedImporter : UnityEditor.QuickSearchModule:UnityEditor.Search:ASIAI0B)
Imported 'GUID: f5e82966bb8646269e2e46b6ddf2d89f' -> (Import Result ID: '925c59dab1e5158a6d07a7e94125c901') in 0.001 seconds [static and dynamic dependencies]. Details - ImportResultOutputID=9025dd32730bf671b9c1b71a2fe5c28f DependenciesID=1ae14f65ef4a83c284dc156660fa3dca StaticDependenciesID=ca4e88669977f11e2aefc7261632e73b 
Number of updated asset objects reloaded before import = 0
Number of asset objects unloaded after import = 0
========================================================================
Received Import Request.
  Time of request: 2026-10-01T19:11:24.794599Z
  Time since last request: 0.000239125 seconds.
  importAddress: GUID: f47c66e80010e4020b6803b930eb432c - Path: Packages/com.unity.test-framework/UnityEditor.TestRunner/GUI/TestAssets/ActiveFolderTemplateAssetCreator.cs - Importer: ScriptedImporter/UnityEditor.QuickSearchModule:UnityEditor.Search:ASIAI0B
Importing 'GUID: f47c66e80010e4020b6803b930eb432c - Path: Packages/com.unity.test-framework/UnityEditor.TestRunner/GUI/TestAssets/ActiveFolderTemplateAssetCreator.cs - Importer: ScriptedImporter/UnityEditor.QuickSearchModule:UnityEditor.Search:ASIAI0B' with importer (ScriptedImporter : UnityEditor.QuickSearchModule:UnityEditor.Search:ASIAI0B)
Imported 'GUID: f47c66e80010e4020b6803b930eb432c' -> (Import Result ID: '050abcf1fbb8e3756cb1627ee07ae701') in 0.002 seconds [static and dynamic dependencies]. Details - ImportResultOutputID=b6623dcd36bd15c8467e8cb6a7e73513 DependenciesID=afa746bded64d59af03aeb9304231790 StaticDependenciesID=ca1be27b436a69aae2885f48219abf74 
Number of updated asset objects reloaded before import = 0
Number of asset objects unloaded after import = 0
========================================================================
Received Import Request.
  Time of request: 2026-10-01T19:11:24.797393Z
  Time since last request: 0.000253166 seconds.
  importAddress: GUID: 3d92c578e28043ef95d4b703e008be64 - Path: Packages/com.unity.test-framework/UnityEditor.TestRunner/GUI/TestAssets/FolderPathTestCompilationContextProvider.cs - Importer: ScriptedImporter/UnityEditor.QuickSearchModule:UnityEditor.Search:ASIAI0B
Importing 'GUID: 3d92c578e28043ef95d4b703e008be64 - Path: Packages/com.unity.test-framework/UnityEditor.TestRunner/GUI/TestAssets/FolderPathTestCompilationContextProvider.cs - Importer: ScriptedImporter/UnityEditor.QuickSearchModule:UnityEditor.Search:ASIAI0B' with importer (ScriptedImporter : UnityEditor.QuickSearchModule:UnityEditor.Search:ASIAI0B)
Imported 'GUID: 3d92c578e28043ef95d4b703e008be64' -> (Import Result ID: 'b0562b4204f2239d5347c4635252093e') in 0.001 seconds [static and dynamic dependencies]. Details - ImportResultOutputID=0302ca3ea3af8eb31db33c146a8d9781 DependenciesID=659fbce2f3e6c691da2927bdfb91a23d StaticDependenciesID=a8ebafa2434c425993822fb2dce773e9 
Number of updated asset objects reloaded before import = 0
Number of asset objects unloaded after import = 0
========================================================================
Received Import Request.
  Time of request: 2026-10-01T19:11:24.798992Z
  Time since last request: 0.000223416 seconds.
  importAddress: GUID: ea6cc55375344f10834cf6fa65197525 - Path: Packages/com.unity.test-framework/UnityEditor.TestRunner/GUI/Controls/FlagEnumUtility.cs - Importer: ScriptedImporter/UnityEditor.QuickSearchModule:UnityEditor.Search:ASIAI0B
Importing 'GUID: ea6cc55375344f10834cf6fa65197525 - Path: Packages/com.unity.test-framework/UnityEditor.TestRunner/GUI/Controls/FlagEnumUtility.cs - Importer: ScriptedImporter/UnityEditor.QuickSearchModule:UnityEditor.Search:ASIAI0B' with importer (ScriptedImporter : UnityEditor.QuickSearchModule:UnityEditor.Search:ASIAI0B)
Imported 'GUID: ea6cc55375344f10834cf6fa65197525' -> (Import Result ID: '85dcd7ea1a7aaca12e6ad2a794eccdad') in 0.001 seconds [static and dynamic dependencies]. Details - ImportResultOutputID=00d9e0a6bd6ebf7cb0e8bd68e17a712a DependenciesID=5bd70e609c81fc514770fcb4f5933412 StaticDependenciesID=6cf95613b7da14d7a3df255c6f1ccec3 
Number of updated asset objects reloaded before import = 0
Number of asset objects unloaded after import = 0
========================================================================
Received Import Request.
  Time of request: 2026-10-01T19:11:24.800202Z
  Time since last request: 0.0002355 seconds.
  importAddress: GUID: 7b076e8f3150431baf926fe9ee030b1e - Path: Packages/com.unity.test-framework/UnityEditor.TestRunner/GUI/Controls/ISelectableItem.cs - Importer: ScriptedImporter/UnityEditor.QuickSearchModule:UnityEditor.Search:ASIAI0B
Importing 'GUID: 7b076e8f3150431baf926fe9ee030b1e - Path: Packages/com.unity.test-framework/UnityEditor.TestRunner/GUI/Controls/ISelectableItem.cs - Importer: ScriptedImporter/UnityEditor.QuickSearchModule:UnityEditor.Search:ASIAI0B' with importer (ScriptedImporter : UnityEditor.QuickSearchModule:UnityEditor.Search:ASIAI0B)
Imported 'GUID: 7b076e8f3150431baf926fe9ee030b1e' -> (Import Result ID: 'bd5a1e35c9c3a8267cf558c04deeea39') in 0.001 seconds [static and dynamic dependencies]. Details - ImportResultOutputID=6547e075fbf5689c2e34f3fc2c599732 DependenciesID=8ef67ffeeb7d9182f4eb0a3463fdbb7b StaticDependenciesID=fe3001bfb285b217e82979339165a92a 
Number of updated asset objects reloaded before import = 0
Number of asset objects unloaded after import = 0
========================================================================
Received Import Request.
  Time of request: 2026-10-01T19:11:24.801414Z
  Time since last request: 0.0003895 seconds.
  importAddress: GUID: 697ab794770540d6951f83d62b8fa444 - Path: Packages/com.unity.test-framework/UnityEditor.TestRunner/Api/Analytics/TestTreeData.cs - Importer: ScriptedImporter/UnityEditor.QuickSearchModule:UnityEditor.Search:ASIAI0B
Importing 'GUID: 697ab794770540d6951f83d62b8fa444 - Path: Packages/com.unity.test-framework/UnityEditor.TestRunner/Api/Analytics/TestTreeData.cs - Importer: ScriptedImporter/UnityEditor.QuickSearchModule:UnityEditor.Search:ASIAI0B' with importer (ScriptedImporter : UnityEditor.QuickSearchModule:UnityEditor.Search:ASIAI0B)
Imported 'GUID: 697ab794770540d6951f83d62b8fa444' -> (Import Result ID: '7a264ecd36fc949175641da5ac2c9d3a') in 0.001 seconds [static and dynamic dependencies]. Details - ImportResultOutputID=70240443adb2e8744fd8ef088612b95d DependenciesID=dae5089f3ef0fb8220db003cf294c20f StaticDependenciesID=3990f2f8ab665037427a760fe10bf41e 
Number of updated asset objects reloaded before import = 0
Number of asset objects unloaded after import = 0
========================================================================
Received Import Request.
  Time of request: 2026-10-01T19:11:24.802699Z
  Time since last request: 0.000248958 seconds.
  importAddress: GUID: 7348ecf02a70497d9a09bd05ad2038ac - Path: Packages/com.unity.test-framework/UnityEditor.TestRunner/GUI/Controls/GenericItemContentProvider.cs - Importer: ScriptedImporter/UnityEditor.QuickSearchModule:UnityEditor.Search:ASIAI0B
Importing 'GUID: 7348ecf02a70497d9a09bd05ad2038ac - Path: Packages/com.unity.test-framework/UnityEditor.TestRunner/GUI/Controls/GenericItemContentProvider.cs - Importer: ScriptedImporter/UnityEditor.QuickSearchModule:UnityEditor.Search:ASIAI0B' with importer (ScriptedImporter : UnityEditor.QuickSearchModule:UnityEditor.Search:ASIAI0B)
Imported 'GUID: 7348ecf02a70497d9a09bd05ad2038ac' -> (Import Result ID: 'd47ab3c7eec025262453f15ff57048cb') in 0.001 seconds [static and dynamic dependencies]. Details - ImportResultOutputID=1283b20c999aba17d92a850f9c6bf3a3 DependenciesID=621f774bb1bb16f748d34721df4c34ef StaticDependenciesID=60049d141ded7416d2e10633b150d08e 
Number of updated asset objects reloaded before import = 0
Number of asset objects unloaded after import = 0
========================================================================
Received Import Request.
  Time of request: 2026-10-01T19:11:24.803954Z
  Time since last request: 0.000276417 seconds.
  importAddress: GUID: a85430cc5a4a4279a992be322de12b29 - Path: Packages/com.unity.test-framework/UnityEditor.TestRunner/Api/Analytics/AnalyticsReporter.cs - Importer: ScriptedImporter/UnityEditor.QuickSearchModule:UnityEditor.Search:ASIAI0B
Importing 'GUID: a85430cc5a4a4279a992be322de12b29 - Path: Packages/com.unity.test-framework/UnityEditor.TestRunner/Api/Analytics/AnalyticsReporter.cs - Importer: ScriptedImporter/UnityEditor.QuickSearchModule:UnityEditor.Search:ASIAI0B' with importer (ScriptedImporter : UnityEditor.QuickSearchModule:UnityEditor.Search:ASIAI0B)
Imported 'GUID: a85430cc5a4a4279a992be322de12b29' -> (Import Result ID: 'db37e5db4c950407c178673a26154471') in 0.001 seconds [static and dynamic dependencies]. Details - ImportResultOutputID=357ccf7a6578ecaa2a3e5ececa6584cf DependenciesID=2196a512e526ba5760bb7ba6b10faaf4 StaticDependenciesID=9e59e4d91596ffffc4c45dbef021d001 
Number of updated asset objects reloaded before import = 0
Number of asset objects unloaded after import = 0
========================================================================
Received Import Request.
  Time of request: 2026-10-01T19:11:24.819372Z
  Time since last request: 0.014664375 seconds.
  importAddress: GUID: c38ae0585d6a55042a2d678330689685 - Path: Packages/com.unity.test-framework/UnityEditor.TestRunner/TestLaunchers/PlatformSetup/LuminPlatformSetup.cs - Importer: ScriptedImporter/UnityEditor.QuickSearchModule:UnityEditor.Search:ASIAI0B
Importing 'GUID: c38ae0585d6a55042a2d678330689685 - Path: Packages/com.unity.test-framework/UnityEditor.TestRunner/TestLaunchers/PlatformSetup/LuminPlatformSetup.cs - Importer: ScriptedImporter/UnityEditor.QuickSearchModule:UnityEditor.Search:ASIAI0B' with importer (ScriptedImporter : UnityEditor.QuickSearchModule:UnityEditor.Search:ASIAI0B)
Imported 'GUID: c38ae0585d6a55042a2d678330689685' -> (Import Result ID: '1c46461a7ff20652eea0342be98d7c9a') in 0.001 seconds [static and dynamic dependencies]. Details - ImportResultOutputID=51d13ad71ad508b5f7d289602989a29f DependenciesID=56e62f3464905d3ea0e71d6bc1442d7f StaticDependenciesID=f5650ff5b7a1752a35f6da602b0b4bdc 
Number of updated asset objects reloaded before import = 0
Number of asset objects unloaded after import = 0
========================================================================
Received Import Request.
  Time of request: 2026-10-01T19:11:24.821188Z
  Time since last request: 0.000411292 seconds.
  importAddress: GUID: 6d2f47eae5f447748892c46848956d5f - Path: Packages/com.unity.test-framework/UnityEditor.TestRunner/NUnitExtension/Attributes/ITestPlayerBuildModifier.cs - Importer: ScriptedImporter/UnityEditor.QuickSearchModule:UnityEditor.Search:ASIAI0B
Importing 'GUID: 6d2f47eae5f447748892c46848956d5f - Path: Packages/com.unity.test-framework/UnityEditor.TestRunner/NUnitExtension/Attributes/ITestPlayerBuildModifier.cs - Importer: ScriptedImporter/UnityEditor.QuickSearchModule:UnityEditor.Search:ASIAI0B' with importer (ScriptedImporter : UnityEditor.QuickSearchModule:UnityEditor.Search:ASIAI0B)
Imported 'GUID: 6d2f47eae5f447748892c46848956d5f' -> (Import Result ID: '6aa379157bea5a0ef0c080a2f1bfb820') in 0.001 seconds [static and dynamic dependencies]. Details - ImportResultOutputID=5ec26c47e163a79624a57ad3eed1ac1d DependenciesID=ee018f27bf3a8d5cd8281252ef0e317b StaticDependenciesID=e2d30ac6c9afb474de8b28fb8736fb97 
Number of updated asset objects reloaded before import = 0
Number of asset objects unloaded after import = 0
========================================================================
Received Import Request.
  Time of request: 2026-10-01T19:11:24.822691Z
  Time since last request: 0.000250833 seconds.
  importAddress: GUID: 3b6931522502d68458016e3cadb89f1b - Path: Packages/com.unity.test-framework/UnityEditor.TestRunner/TestRun/Tasks/PostbuildCleanupTask.cs - Importer: ScriptedImporter/UnityEditor.QuickSearchModule:UnityEditor.Search:ASIAI0B
Importing 'GUID: 3b6931522502d68458016e3cadb89f1b - Path: Packages/com.unity.test-framework/UnityEditor.TestRunner/TestRun/Tasks/PostbuildCleanupTask.cs - Importer: ScriptedImporter/UnityEditor.QuickSearchModule:UnityEditor.Search:ASIAI0B' with importer (ScriptedImporter : UnityEditor.QuickSearchModule:UnityEditor.Search:ASIAI0B)
Imported 'GUID: 3b6931522502d68458016e3cadb89f1b' -> (Import Result ID: 'ada84099108545d559f0227c6bc573b4') in 0.002 seconds [static and dynamic dependencies]. Details - ImportResultOutputID=e3711de20fb5e679f48cbeb110a3e0dd DependenciesID=0695daa142fbe98e440d84a8d1a725a0 StaticDependenciesID=72888b32d40ed95a96c36ad358f94872 
Number of updated asset objects reloaded before import = 0
Number of asset objects unloaded after import = 0
========================================================================
Received Import Request.
  Time of request: 2026-10-01T19:11:24.825004Z
  Time since last request: 0.000433375 seconds.
  importAddress: GUID: b9d121df8c444236a5b38ccfadfdd1a7 - Path: Packages/com.unity.test-framework/UnityEditor.TestRunner/TestLaunchers/Helpers/DelayedCallback.cs - Importer: ScriptedImporter/UnityEditor.QuickSearchModule:UnityEditor.Search:ASIAI0B
Importing 'GUID: b9d121df8c444236a5b38ccfadfdd1a7 - Path: Packages/com.unity.test-framework/UnityEditor.TestRunner/TestLaunchers/Helpers/DelayedCallback.cs - Importer: ScriptedImporter/UnityEditor.QuickSearchModule:UnityEditor.Search:ASIAI0B' with importer (ScriptedImporter : UnityEditor.QuickSearchModule:UnityEditor.Search:ASIAI0B)
Imported 'GUID: b9d121df8c444236a5b38ccfadfdd1a7' -> (Import Result ID: 'e3530addcd47f571868621e5c1136d88') in 0.002 seconds [static and dynamic dependencies]. Details - ImportResultOutputID=2ea6553777cfa2f93792ad1dc471d24b DependenciesID=512d3c26cba0fad2c6034fcb58e3c86a StaticDependenciesID=1feb9962cec60f446d5b202322e93149 
Number of updated asset objects reloaded before import = 0
Number of asset objects unloaded after import = 0
========================================================================
Received Import Request.
  Time of request: 2026-10-01T19:11:24.827249Z
  Time since last request: 0.000423792 seconds.
  importAddress: GUID: ee6c7dc47e844c3d823b833abbd5f981 - Path: Packages/com.unity.test-framework/UnityEditor.TestRunner/TestRun/Tasks/GenerateContextTask.cs - Importer: ScriptedImporter/UnityEditor.QuickSearchModule:UnityEditor.Search:ASIAI0B
Importing 'GUID: ee6c7dc47e844c3d823b833abbd5f981 - Path: Packages/com.unity.test-framework/UnityEditor.TestRunner/TestRun/Tasks/GenerateContextTask.cs - Importer: ScriptedImporter/UnityEditor.QuickSearchModule:UnityEditor.Search:ASIAI0B' with importer (ScriptedImporter : UnityEditor.QuickSearchModule:UnityEditor.Search:ASIAI0B)
Imported 'GUID: ee6c7dc47e844c3d823b833abbd5f981' -> (Import Result ID: 'cde341ee06468b617c2f5678e29f6846') in 0.002 seconds [static and dynamic dependencies]. Details - ImportResultOutputID=6c263032b5bf9d4349dbd5896ce2e7bb DependenciesID=6595e5164c23b40e2549cfe34d49a8a2 StaticDependenciesID=2dc1fccb149aaa479264a5532d6f61dc 
Number of updated asset objects reloaded before import = 0
Number of asset objects unloaded after import = 0
========================================================================
Received Import Request.
  Time of request: 2026-10-01T19:11:24.829172Z
  Time since last request: 0.000338792 seconds.
  importAddress: GUID: 961642509dec50b44a293d26240140ec - Path: Packages/com.unity.test-framework/UnityEditor.TestRunner/TestLaunchers/PlatformSetup/AndroidPlatformSetup.cs - Importer: ScriptedImporter/UnityEditor.QuickSearchModule:UnityEditor.Search:ASIAI0B
Importing 'GUID: 961642509dec50b44a293d26240140ec - Path: Packages/com.unity.test-framework/UnityEditor.TestRunner/TestLaunchers/PlatformSetup/AndroidPlatformSetup.cs - Importer: ScriptedImporter/UnityEditor.QuickSearchModule:UnityEditor.Search:ASIAI0B' with importer (ScriptedImporter : UnityEditor.QuickSearchModule:UnityEditor.Search:ASIAI0B)
Imported 'GUID: 961642509dec50b44a293d26240140ec' -> (Import Result ID: 'a0d6555057f39d1665c5fcade0e236ba') in 0.001 seconds [static and dynamic dependencies]. Details - ImportResultOutputID=cf8e0fa1fbb726d2cb886abb36858383 DependenciesID=04e3356d799c81640c6ec319d9e04c96 StaticDependenciesID=05e08fe0ba3cfd8435b0ee121fda9af2 
Number of updated asset objects reloaded before import = 0
Number of asset objects unloaded after import = 0
========================================================================
Received Import Request.
  Time of request: 2026-10-01T19:11:24.830755Z
  Time since last request: 0.000377667 seconds.
  importAddress: GUID: b8abb41ceb6f62c45a00197ae59224c1 - Path: Packages/com.unity.test-framework/UnityEditor.TestRunner/GUI/Views/TestListGUIBase.cs - Importer: ScriptedImporter/UnityEditor.QuickSearchModule:UnityEditor.Search:ASIAI0B
Importing 'GUID: b8abb41ceb6f62c45a00197ae59224c1 - Path: Packages/com.unity.test-framework/UnityEditor.TestRunner/GUI/Views/TestListGUIBase.cs - Importer: ScriptedImporter/UnityEditor.QuickSearchModule:UnityEditor.Search:ASIAI0B' with importer (ScriptedImporter : UnityEditor.QuickSearchModule:UnityEditor.Search:ASIAI0B)
Imported 'GUID: b8abb41ceb6f62c45a00197ae59224c1' -> (Import Result ID: '2180ec0477fe067dd42e30cab92cee65') in 0.001 seconds [static and dynamic dependencies]. Details - ImportResultOutputID=68968786e3be2394767604a5b1e78c23 DependenciesID=6520fa29b7f599f0ca80da566d9eb503 StaticDependenciesID=9d98866598ef9dfd2c9ad6d8c8038057 
Number of updated asset objects reloaded before import = 0
Number of asset objects unloaded after import = 0
========================================================================
Received Import Request.
  Time of request: 2026-10-01T19:11:24.83242Z
  Time since last request: 0.000420667 seconds.
  importAddress: GUID: 0cd0deb81d984e58952ccd7e1dd6b2bb - Path: Packages/com.unity.test-framework/UnityEditor.TestRunner/GUI/TestAssets/ICustomScriptAssemblyMappingFinder.cs - Importer: ScriptedImporter/UnityEditor.QuickSearchModule:UnityEditor.Search:ASIAI0B
Importing 'GUID: 0cd0deb81d984e58952ccd7e1dd6b2bb - Path: Packages/com.unity.test-framework/UnityEditor.TestRunner/GUI/TestAssets/ICustomScriptAssemblyMappingFinder.cs - Importer: ScriptedImporter/UnityEditor.QuickSearchModule:UnityEditor.Search:ASIAI0B' with importer (ScriptedImporter : UnityEditor.QuickSearchModule:UnityEditor.Search:ASIAI0B)
Imported 'GUID: 0cd0deb81d984e58952ccd7e1dd6b2bb' -> (Import Result ID: 'fd8d86c5eb4f42004564fc351a5b616b') in 0.001 seconds [static and dynamic dependencies]. Details - ImportResultOutputID=6185d63cdab4eca8a458ec2da37f3b04 DependenciesID=7ade7483bae78cd18c16bab487a29023 StaticDependenciesID=90eab45cf87d9d14d59fe98e20a03366 
Number of updated asset objects reloaded before import = 0
Number of asset objects unloaded after import = 0
========================================================================
Received Import Request.
  Time of request: 2026-10-01T19:11:24.833884Z
  Time since last request: 0.000254791 seconds.
  importAddress: GUID: 2c2dfcbbb77359547bcaa7cdabd47ebb - Path: Packages/com.unity.test-framework/UnityEditor.TestRunner/TestLaunchers/Helpers/PostbuildCleanupAttributeFinder.cs - Importer: ScriptedImporter/UnityEditor.QuickSearchModule:UnityEditor.Search:ASIAI0B
Importing 'GUID: 2c2dfcbbb77359547bcaa7cdabd47ebb - Path: Packages/com.unity.test-framework/UnityEditor.TestRunner/TestLaunchers/Helpers/PostbuildCleanupAttributeFinder.cs - Importer: ScriptedImporter/UnityEditor.QuickSearchModule:UnityEditor.Search:ASIAI0B' with importer (ScriptedImporter : UnityEditor.QuickSearchModule:UnityEditor.Search:ASIAI0B)
Imported 'GUID: 2c2dfcbbb77359547bcaa7cdabd47ebb' -> (Import Result ID: '324e5ec0bfd5ffb261935432d8e2662d') in 0.001 seconds [static and dynamic dependencies]. Details - ImportResultOutputID=74b15142277673e5a49162a4c568d7e2 DependenciesID=1341b4d9c7e4c17e2f771ae9cca7d418 StaticDependenciesID=0a002db35d7ff94fb1db38cfb4e918c8 
Number of updated asset objects reloaded before import = 0
Number of asset objects unloaded after import = 0
========================================================================
Received Import Request.
  Time of request: 2026-10-01T19:11:24.83539Z
  Time since last request: 0.000381458 seconds.
  importAddress: GUID: 84300802bfca1472f86e2179fa2a8ed7 - Path: Packages/com.unity.test-framework/UnityEditor.TestRunner/TestLaunchers/Helpers/TestFiltering.cs - Importer: ScriptedImporter/UnityEditor.QuickSearchModule:UnityEditor.Search:ASIAI0B
Importing 'GUID: 84300802bfca1472f86e2179fa2a8ed7 - Path: Packages/com.unity.test-framework/UnityEditor.TestRunner/TestLaunchers/Helpers/TestFiltering.cs - Importer: ScriptedImporter/UnityEditor.QuickSearchModule:UnityEditor.Search:ASIAI0B' with importer (ScriptedImporter : UnityEditor.QuickSearchModule:UnityEditor.Search:ASIAI0B)
Imported 'GUID: 84300802bfca1472f86e2179fa2a8ed7' -> (Import Result ID: '834e68bfad4c3fc99cea896175b8f9cd') in 0.001 seconds [static and dynamic dependencies]. Details - ImportResultOutputID=856e718229245295eae0e5ddec5859de DependenciesID=00597fc57636e37fa12abbe2f163180b StaticDependenciesID=c7fa15b132511511786d0ee0f10980ac 
Number of updated asset objects reloaded before import = 0
Number of asset objects unloaded after import = 0
========================================================================
Received Import Request.
  Time of request: 2026-10-01T19:11:24.837144Z
  Time since last request: 0.000380708 seconds.
  importAddress: GUID: dd57b1176859fc84e93586103d3b5f73 - Path: Packages/com.unity.test-framework/UnityEditor.TestRunner/NUnitExtension/Attributes/TestPlayerBuildModifierAttribute.cs - Importer: ScriptedImporter/UnityEditor.QuickSearchModule:UnityEditor.Search:ASIAI0B
Importing 'GUID: dd57b1176859fc84e93586103d3b5f73 - Path: Packages/com.unity.test-framework/UnityEditor.TestRunner/NUnitExtension/Attributes/TestPlayerBuildModifierAttribute.cs - Importer: ScriptedImporter/UnityEditor.QuickSearchModule:UnityEditor.Search:ASIAI0B' with importer (ScriptedImporter : UnityEditor.QuickSearchModule:UnityEditor.Search:ASIAI0B)
Imported 'GUID: dd57b1176859fc84e93586103d3b5f73' -> (Import Result ID: '698f3f2fac6c53e4557cc192af3d1a9f') in 0.001 seconds [static and dynamic dependencies]. Details - ImportResultOutputID=277e93bc0abb4fca2df5846bdd6c605b DependenciesID=ad860646b3ce3dd6354c3263be5dd767 StaticDependenciesID=ab5d19821a274f18ec1a5b0cc356869b 
Number of updated asset objects reloaded before import = 0
Number of asset objects unloaded after import = 0
========================================================================
Received Import Request.
  Time of request: 2026-10-01T19:11:24.838506Z
  Time since last request: 0.000320292 seconds.
  importAddress: GUID: 4b45f42910304b00a63958173ee2c76f - Path: Packages/com.unity.test-framework/UnityEditor.TestRunner/TestRun/Tasks/EnterPlayModeTask.cs - Importer: ScriptedImporter/UnityEditor.QuickSearchModule:UnityEditor.Search:ASIAI0B
Importing 'GUID: 4b45f42910304b00a63958173ee2c76f - Path: Packages/com.unity.test-framework/UnityEditor.TestRunner/TestRun/Tasks/EnterPlayModeTask.cs - Importer: ScriptedImporter/UnityEditor.QuickSearchModule:UnityEditor.Search:ASIAI0B' with importer (ScriptedImporter : UnityEditor.QuickSearchModule:UnityEditor.Search:ASIAI0B)
Imported 'GUID: 4b45f42910304b00a63958173ee2c76f' -> (Import Result ID: '1f143766a0b6f063633473f37721e487') in 0.001 seconds [static and dynamic dependencies]. Details - ImportResultOutputID=ae8aa2a0af5fb6902812371752939924 DependenciesID=1dd11d100edab9903d078de1a018c681 StaticDependenciesID=1f7bf1ca74654a8a169e2f6cef99b29b 
Number of updated asset objects reloaded before import = 0
Number of asset objects unloaded after import = 0
========================================================================
Received Import Request.
  Time of request: 2026-10-01T19:11:24.839986Z
  Time since last request: 0.000433958 seconds.
  importAddress: GUID: 5640d0c51961421997c9f36f0ec45480 - Path: Packages/com.unity.test-framework/UnityEditor.TestRunner/TestRun/Tasks/BuildNUnitFilterTask.cs - Importer: ScriptedImporter/UnityEditor.QuickSearchModule:UnityEditor.Search:ASIAI0B
Importing 'GUID: 5640d0c51961421997c9f36f0ec45480 - Path: Packages/com.unity.test-framework/UnityEditor.TestRunner/TestRun/Tasks/BuildNUnitFilterTask.cs - Importer: ScriptedImporter/UnityEditor.QuickSearchModule:UnityEditor.Search:ASIAI0B' with importer (ScriptedImporter : UnityEditor.QuickSearchModule:UnityEditor.Search:ASIAI0B)
Imported 'GUID: 5640d0c51961421997c9f36f0ec45480' -> (Import Result ID: '9baeecbb804e7c5fa06beb08e1d31fa2') in 0.002 seconds [static and dynamic dependencies]. Details - ImportResultOutputID=76e0f60a3272a8858ca24fc29ea5e688 DependenciesID=0c7e6f3c0b2cd00e9c533d42192955d5 StaticDependenciesID=f9ca64e0c18271da3a53bb65861134d6 
Number of updated asset objects reloaded before import = 0
Number of asset objects unloaded after import = 0
========================================================================
Received Import Request.
  Time of request: 2026-10-01T19:11:24.842104Z
  Time since last request: 0.000313667 seconds.
  importAddress: GUID: ad7bb166069f8414e9ad26606b305e66 - Path: Packages/com.unity.test-framework/UnityEditor.TestRunner/TestRun/Tasks/FileCleanupVerifierTaskBase.cs - Importer: ScriptedImporter/UnityEditor.QuickSearchModule:UnityEditor.Search:ASIAI0B
Importing 'GUID: ad7bb166069f8414e9ad26606b305e66 - Path: Packages/com.unity.test-framework/UnityEditor.TestRunner/TestRun/Tasks/FileCleanupVerifierTaskBase.cs - Importer: ScriptedImporter/UnityEditor.QuickSearchModule:UnityEditor.Search:ASIAI0B' with importer (ScriptedImporter : UnityEditor.QuickSearchModule:UnityEditor.Search:ASIAI0B)
Imported 'GUID: ad7bb166069f8414e9ad26606b305e66' -> (Import Result ID: 'cabf10369963a1dc70518ba7e90ac2cb') in 0.001 seconds [static and dynamic dependencies]. Details - ImportResultOutputID=ebffbfdcebf54d72431250a522d2d2f4 DependenciesID=cb9061d85bffb34693d18f3f5d048ff2 StaticDependenciesID=14a19281fb9c630e796f88bba30f208a 
Number of updated asset objects reloaded before import = 0
Number of asset objects unloaded after import = 0
========================================================================
Received Import Request.
  Time of request: 2026-10-01T19:11:24.843514Z
  Time since last request: 0.000246167 seconds.
  importAddress: GUID: 1bace19a170f47bb8d19645cfc580796 - Path: Packages/com.unity.test-framework/UnityEditor.TestRunner/GUI/TestAssets/TestScriptAssetsCreator.cs - Importer: ScriptedImporter/UnityEditor.QuickSearchModule:UnityEditor.Search:ASIAI0B
Importing 'GUID: 1bace19a170f47bb8d19645cfc580796 - Path: Packages/com.unity.test-framework/UnityEditor.TestRunner/GUI/TestAssets/TestScriptAssetsCreator.cs - Importer: ScriptedImporter/UnityEditor.QuickSearchModule:UnityEditor.Search:ASIAI0B' with importer (ScriptedImporter : UnityEditor.QuickSearchModule:UnityEditor.Search:ASIAI0B)
Imported 'GUID: 1bace19a170f47bb8d19645cfc580796' -> (Import Result ID: '91ca88f38a0609557fa4d01fb43fe0d3') in 0.002 seconds [static and dynamic dependencies]. Details - ImportResultOutputID=0790fed6ea5c0fbe11f225a9b1d716cf DependenciesID=088a5aff79f24802558a4b03a000fb7e StaticDependenciesID=90f6fbe2e7cb41ddb7d4924c68cb7ed8 
Number of updated asset objects reloaded before import = 0
Number of asset objects unloaded after import = 0
========================================================================
Received Import Request.
  Time of request: 2026-10-01T19:11:24.845687Z
  Time since last request: 0.000435833 seconds.
  importAddress: GUID: 32829ea9e75c475295f73ff867e2f9d0 - Path: Packages/com.unity.test-framework/UnityEditor.TestRunner/GUI/TestAssets/ICustomScriptAssembly.cs - Importer: ScriptedImporter/UnityEditor.QuickSearchModule:UnityEditor.Search:ASIAI0B
Importing 'GUID: 32829ea9e75c475295f73ff867e2f9d0 - Path: Packages/com.unity.test-framework/UnityEditor.TestRunner/GUI/TestAssets/ICustomScriptAssembly.cs - Importer: ScriptedImporter/UnityEditor.QuickSearchModule:UnityEditor.Search:ASIAI0B' with importer (ScriptedImporter : UnityEditor.QuickSearchModule:UnityEditor.Search:ASIAI0B)
Imported 'GUID: 32829ea9e75c475295f73ff867e2f9d0' -> (Import Result ID: 'c0da03eb41cc7218fa60708911ce50a5') in 0.002 seconds [static and dynamic dependencies]. Details - ImportResultOutputID=22a0058f4f0b19126016429400b02eb0 DependenciesID=1af13a35c980717afac9e7c8edda9c37 StaticDependenciesID=a4d5ec0654491e1ed34492980aff5c54 
Number of updated asset objects reloaded before import = 0
Number of asset objects unloaded after import = 0
========================================================================
Received Import Request.
  Time of request: 2026-10-01T19:11:24.847697Z
  Time since last request: 0.000292583 seconds.
  importAddress: GUID: bd3135cd5079e43b383e0e53242ef502 - Path: Packages/com.unity.test-framework/UnityEditor.TestRunner/TestLaunchers/Helpers/PrebuildSetupWithJobDataAttributeFinder.cs - Importer: ScriptedImporter/UnityEditor.QuickSearchModule:UnityEditor.Search:ASIAI0B
Importing 'GUID: bd3135cd5079e43b383e0e53242ef502 - Path: Packages/com.unity.test-framework/UnityEditor.TestRunner/TestLaunchers/Helpers/PrebuildSetupWithJobDataAttributeFinder.cs - Importer: ScriptedImporter/UnityEditor.QuickSearchModule:UnityEditor.Search:ASIAI0B' with importer (ScriptedImporter : UnityEditor.QuickSearchModule:UnityEditor.Search:ASIAI0B)
Imported 'GUID: bd3135cd5079e43b383e0e53242ef502' -> (Import Result ID: 'e4fda8ec1a01875d267ac29c6619de09') in 0.001 seconds [static and dynamic dependencies]. Details - ImportResultOutputID=2c17f7ae89586869ad4b389aee6ce516 DependenciesID=d343e844366f8a27c12a9c7100b8a349 StaticDependenciesID=9dc16fc3268cc4ab0dc05869d9d0af95 
Number of updated asset objects reloaded before import = 0
Number of asset objects unloaded after import = 0
========================================================================
Received Import Request.
  Time of request: 2026-10-01T19:11:24.849219Z
  Time since last request: 0.00035075 seconds.
  importAddress: GUID: 1c97cd557b334b27bc325649466d1872 - Path: Packages/com.unity.test-framework/UnityEditor.TestRunner/TestRun/Tasks/CleanUpContext.cs - Importer: ScriptedImporter/UnityEditor.QuickSearchModule:UnityEditor.Search:ASIAI0B
Importing 'GUID: 1c97cd557b334b27bc325649466d1872 - Path: Packages/com.unity.test-framework/UnityEditor.TestRunner/TestRun/Tasks/CleanUpContext.cs - Importer: ScriptedImporter/UnityEditor.QuickSearchModule:UnityEditor.Search:ASIAI0B' with importer (ScriptedImporter : UnityEditor.QuickSearchModule:UnityEditor.Search:ASIAI0B)
Imported 'GUID: 1c97cd557b334b27bc325649466d1872' -> (Import Result ID: '9db5cf1f8f8a6cb7f56f9d798549c792') in 0.001 seconds [static and dynamic dependencies]. Details - ImportResultOutputID=53220a956def3e5b6d6e85c289139d58 DependenciesID=c90e67dae72c78c9ced258019d898460 StaticDependenciesID=0b395157f9c972062750bf8742ff7994 
Number of updated asset objects reloaded before import = 0
Number of asset objects unloaded after import = 0
========================================================================
Received Import Request.
  Time of request: 2026-10-01T19:11:24.850997Z
  Time since last request: 0.000315042 seconds.
  importAddress: GUID: 06e624de88cb4a808350b63994eb39ed - Path: Packages/com.unity.test-framework/UnityEditor.TestRunner/TestRun/Data/TaskMode.cs - Importer: ScriptedImporter/UnityEditor.QuickSearchModule:UnityEditor.Search:ASIAI0B
Importing 'GUID: 06e624de88cb4a808350b63994eb39ed - Path: Packages/com.unity.test-framework/UnityEditor.TestRunner/TestRun/Data/TaskMode.cs - Importer: ScriptedImporter/UnityEditor.QuickSearchModule:UnityEditor.Search:ASIAI0B' with importer (ScriptedImporter : UnityEditor.QuickSearchModule:UnityEditor.Search:ASIAI0B)
Imported 'GUID: 06e624de88cb4a808350b63994eb39ed' -> (Import Result ID: '86946cc3cc9135c002b980bc93eddba7') in 0.001 seconds [static and dynamic dependencies]. Details - ImportResultOutputID=f472270bbfd4a4e19938e4734afe92ba DependenciesID=43983a7f5b5a367da880d61f6f1e6ae2 StaticDependenciesID=74bdf03c091536995455eec3bd2a59e5 
Number of updated asset objects reloaded before import = 0
Number of asset objects unloaded after import = 0
========================================================================
Received Import Request.
  Time of request: 2026-10-01T19:11:24.852546Z
  Time since last request: 0.000412 seconds.
  importAddress: GUID: 52c907c81459f324497af504b84fd557 - Path: Packages/com.unity.test-framework/UnityEditor.TestRunner/GUI/TestListTreeView/TestListTreeViewGUI.cs - Importer: ScriptedImporter/UnityEditor.QuickSearchModule:UnityEditor.Search:ASIAI0B
Importing 'GUID: 52c907c81459f324497af504b84fd557 - Path: Packages/com.unity.test-framework/UnityEditor.TestRunner/GUI/TestListTreeView/TestListTreeViewGUI.cs - Importer: ScriptedImporter/UnityEditor.QuickSearchModule:UnityEditor.Search:ASIAI0B' with importer (ScriptedImporter : UnityEditor.QuickSearchModule:UnityEditor.Search:ASIAI0B)
Imported 'GUID: 52c907c81459f324497af504b84fd557' -> (Import Result ID: '5cfb96a775e90af2355eb3ed7a7cd585') in 0.001 seconds [static and dynamic dependencies]. Details - ImportResultOutputID=c07908bf9b2a683d3f4f2be1fbfcdf9e DependenciesID=42cbe9d48780427f0bcd4629f54da19f StaticDependenciesID=a36ee918f07ad4ce92c9369b7d3be367 
Number of updated asset objects reloaded before import = 0
Number of asset objects unloaded after import = 0
========================================================================
Received Import Request.
  Time of request: 2026-10-01T19:11:24.854081Z
  Time since last request: 0.000303042 seconds.
  importAddress: GUID: a155fee568ce42a4b561ee3a27d88532 - Path: Packages/com.unity.test-framework/UnityEditor.TestRunner/TestRun/Tasks/CleanupConstructDelegatorTask.cs - Importer: ScriptedImporter/UnityEditor.QuickSearchModule:UnityEditor.Search:ASIAI0B
Importing 'GUID: a155fee568ce42a4b561ee3a27d88532 - Path: Packages/com.unity.test-framework/UnityEditor.TestRunner/TestRun/Tasks/CleanupConstructDelegatorTask.cs - Importer: ScriptedImporter/UnityEditor.QuickSearchModule:UnityEditor.Search:ASIAI0B' with importer (ScriptedImporter : UnityEditor.QuickSearchModule:UnityEditor.Search:ASIAI0B)
Imported 'GUID: a155fee568ce42a4b561ee3a27d88532' -> (Import Result ID: 'cce376c6ec46682a6959cb78cf1b658d') in 0.001 seconds [static and dynamic dependencies]. Details - ImportResultOutputID=06f3ac5d9a5f944aeb291d21ba6a6a45 DependenciesID=81ca1814084a669fc60dc1a7fa2a5e49 StaticDependenciesID=a1a0d3dd34e2df1e125e281e574bf61f 
Number of updated asset objects reloaded before import = 0
Number of asset objects unloaded after import = 0
========================================================================
Received Import Request.
  Time of request: 2026-10-01T19:11:24.855658Z
  Time since last request: 0.000382834 seconds.
  importAddress: GUID: aed7ab02155e43341a2dbcb7bc17c160 - Path: Packages/com.unity.test-framework/UnityEditor.TestRunner/TestLaunchers/PlatformSetup/XboxOnePlatformSetup.cs - Importer: ScriptedImporter/UnityEditor.QuickSearchModule:UnityEditor.Search:ASIAI0B
Importing 'GUID: aed7ab02155e43341a2dbcb7bc17c160 - Path: Packages/com.unity.test-framework/UnityEditor.TestRunner/TestLaunchers/PlatformSetup/XboxOnePlatformSetup.cs - Importer: ScriptedImporter/UnityEditor.QuickSearchModule:UnityEditor.Search:ASIAI0B' with importer (ScriptedImporter : UnityEditor.QuickSearchModule:UnityEditor.Search:ASIAI0B)
Imported 'GUID: aed7ab02155e43341a2dbcb7bc17c160' -> (Import Result ID: 'ac811a8db1fdd9cddfe4929e51ccab5b') in 0.002 seconds [static and dynamic dependencies]. Details - ImportResultOutputID=a5b52feaefe25025ad1bb65287e5e363 DependenciesID=d004f6d0af683c234bee5e24fab90689 StaticDependenciesID=ea3c0e461385c5a9bf2fa81e8510c624 
Number of updated asset objects reloaded before import = 0
Number of asset objects unloaded after import = 0
========================================================================
Received Import Request.
  Time of request: 2026-10-01T19:11:24.857916Z
  Time since last request: 0.000471875 seconds.
  importAddress: GUID: 881a6e4afaf6d1744a7aacea7f268f4c - Path: Packages/com.unity.test-framework/UnityEditor.TestRunner/TestRun/Data/TestProgress.cs - Importer: ScriptedImporter/UnityEditor.QuickSearchModule:UnityEditor.Search:ASIAI0B
Importing 'GUID: 881a6e4afaf6d1744a7aacea7f268f4c - Path: Packages/com.unity.test-framework/UnityEditor.TestRunner/TestRun/Data/TestProgress.cs - Importer: ScriptedImporter/UnityEditor.QuickSearchModule:UnityEditor.Search:ASIAI0B' with importer (ScriptedImporter : UnityEditor.QuickSearchModule:UnityEditor.Search:ASIAI0B)
Imported 'GUID: 881a6e4afaf6d1744a7aacea7f268f4c' -> (Import Result ID: '319d67e3c092ed68a7b8d82b6994c0d9') in 0.002 seconds [static and dynamic dependencies]. Details - ImportResultOutputID=25507a19a14627c6e952435f7628cf47 DependenciesID=554c4269915dd88fded293cad8e31850 StaticDependenciesID=e97c759ab4e5b111a28589d4df1d4c97 
Number of updated asset objects reloaded before import = 0
Number of asset objects unloaded after import = 0
========================================================================
Received Import Request.
  Time of request: 2026-10-01T19:11:24.859944Z
  Time since last request: 0.000275875 seconds.
  importAddress: GUID: adf7bea9401c1834380d55601add6cfb - Path: Packages/com.unity.test-framework/UnityEditor.TestRunner/TestLaunchers/PlatformSetup/SwitchPlatformSetup.cs - Importer: ScriptedImporter/UnityEditor.QuickSearchModule:UnityEditor.Search:ASIAI0B
Importing 'GUID: adf7bea9401c1834380d55601add6cfb - Path: Packages/com.unity.test-framework/UnityEditor.TestRunner/TestLaunchers/PlatformSetup/SwitchPlatformSetup.cs - Importer: ScriptedImporter/UnityEditor.QuickSearchModule:UnityEditor.Search:ASIAI0B' with importer (ScriptedImporter : UnityEditor.QuickSearchModule:UnityEditor.Search:ASIAI0B)
Imported 'GUID: adf7bea9401c1834380d55601add6cfb' -> (Import Result ID: '930833c4ed11038ce92aa0367fd1b602') in 0.002 seconds [static and dynamic dependencies]. Details - ImportResultOutputID=32c12dd9d012b43e14c9f4a3c59a4d5a DependenciesID=b50e2212e9e8d3d9e3ca3c1796469e38 StaticDependenciesID=fe8a61b9fc851f4e7513da3bb9d138c0 
Number of updated asset objects reloaded before import = 0
Number of asset objects unloaded after import = 0
========================================================================
Received Import Request.
  Time of request: 2026-10-01T19:11:24.86209Z
  Time since last request: 0.000407792 seconds.
  importAddress: GUID: 0d2e1e2a782748e6acb8565ad040df60 - Path: Packages/com.unity.test-framework/UnityEditor.TestRunner/TestRun/Data/TaskInfo.cs - Importer: ScriptedImporter/UnityEditor.QuickSearchModule:UnityEditor.Search:ASIAI0B
Importing 'GUID: 0d2e1e2a782748e6acb8565ad040df60 - Path: Packages/com.unity.test-framework/UnityEditor.TestRunner/TestRun/Data/TaskInfo.cs - Importer: ScriptedImporter/UnityEditor.QuickSearchModule:UnityEditor.Search:ASIAI0B' with importer (ScriptedImporter : UnityEditor.QuickSearchModule:UnityEditor.Search:ASIAI0B)
Imported 'GUID: 0d2e1e2a782748e6acb8565ad040df60' -> (Import Result ID: 'efcfe38fc1b3c4365257c66bc685b15b') in 0.001 seconds [static and dynamic dependencies]. Details - ImportResultOutputID=3767902700d706acdc737bb3653a5a42 DependenciesID=728ac70d6e08c3bd9a9cd98356aab009 StaticDependenciesID=0da70dd1ab602ca620cce84db32cfeb5 
Number of updated asset objects reloaded before import = 0
Number of asset objects unloaded after import = 0
========================================================================
Received Import Request.
  Time of request: 2026-10-01T19:11:24.863836Z
  Time since last request: 0.000317875 seconds.
  importAddress: GUID: 078a3968c1fd87047890f314894a20a1 - Path: Packages/com.unity.test-framework/UnityEditor.TestRunner/TestLaunchers/PlatformSetup/Switch2PlatformSetup.cs - Importer: ScriptedImporter/UnityEditor.QuickSearchModule:UnityEditor.Search:ASIAI0B
Importing 'GUID: 078a3968c1fd87047890f314894a20a1 - Path: Packages/com.unity.test-framework/UnityEditor.TestRunner/TestLaunchers/PlatformSetup/Switch2PlatformSetup.cs - Importer: ScriptedImporter/UnityEditor.QuickSearchModule:UnityEditor.Search:ASIAI0B' with importer (ScriptedImporter : UnityEditor.QuickSearchModule:UnityEditor.Search:ASIAI0B)
Imported 'GUID: 078a3968c1fd87047890f314894a20a1' -> (Import Result ID: '9fffc79dc6c303f6ceb6bab6dc336e65') in 0.001 seconds [static and dynamic dependencies]. Details - ImportResultOutputID=921dd35218048de093fbdcf858993f16 DependenciesID=b5630d4ab56527d0963a3663e7cb0999 StaticDependenciesID=5eaaa514d066112840f72c7965b6ebe5 
Number of updated asset objects reloaded before import = 0
Number of asset objects unloaded after import = 0
========================================================================
Received Import Request.
  Time of request: 2026-10-01T19:11:24.865491Z
  Time since last request: 0.000267875 seconds.
  importAddress: GUID: 92de9780c7bec4f0f89c7c88a2ec15ed - Path: Packages/com.unity.test-framework/UnityEditor.TestRunner/TestRun/Tasks/FilterTestTreeTask.cs - Importer: ScriptedImporter/UnityEditor.QuickSearchModule:UnityEditor.Search:ASIAI0B
Importing 'GUID: 92de9780c7bec4f0f89c7c88a2ec15ed - Path: Packages/com.unity.test-framework/UnityEditor.TestRunner/TestRun/Tasks/FilterTestTreeTask.cs - Importer: ScriptedImporter/UnityEditor.QuickSearchModule:UnityEditor.Search:ASIAI0B' with importer (ScriptedImporter : UnityEditor.QuickSearchModule:UnityEditor.Search:ASIAI0B)
Imported 'GUID: 92de9780c7bec4f0f89c7c88a2ec15ed' -> (Import Result ID: '60be25a95a4c848391df0b3b5bb1be07') in 0.001 seconds [static and dynamic dependencies]. Details - ImportResultOutputID=c64383e66cd45de170db10b585a9533c DependenciesID=7a883e986c19e403365ee686b62902cb StaticDependenciesID=0be3586bc220bcdf1c292277996a16a0 
Number of updated asset objects reloaded before import = 0
Number of asset objects unloaded after import = 0
========================================================================
Received Import Request.
  Time of request: 2026-10-01T19:11:24.866623Z
  Time since last request: 0.0002295 seconds.
  importAddress: GUID: a0288e1c9324e824bab7e2044a72a434 - Path: Packages/com.unity.test-framework/UnityEditor.TestRunner/TestRun/Tasks/BuildTestTreeTask.cs - Importer: ScriptedImporter/UnityEditor.QuickSearchModule:UnityEditor.Search:ASIAI0B
Importing 'GUID: a0288e1c9324e824bab7e2044a72a434 - Path: Packages/com.unity.test-framework/UnityEditor.TestRunner/TestRun/Tasks/BuildTestTreeTask.cs - Importer: ScriptedImporter/UnityEditor.QuickSearchModule:UnityEditor.Search:ASIAI0B' with importer (ScriptedImporter : UnityEditor.QuickSearchModule:UnityEditor.Search:ASIAI0B)
Imported 'GUID: a0288e1c9324e824bab7e2044a72a434' -> (Import Result ID: '4fb7cdf09138c70ab302f0a2f89fef04') in 0.001 seconds [static and dynamic dependencies]. Details - ImportResultOutputID=6f9d977b63da9ef0c9f4dddf330a5dba DependenciesID=865d430a130edff5925a6bc59f96ae5a StaticDependenciesID=f0c1b403ee61f3def0ea978e2a9806bc 
Number of updated asset objects reloaded before import = 0
Number of asset objects unloaded after import = 0
========================================================================
Received Import Request.
  Time of request: 2026-10-01T19:11:24.867828Z
  Time since last request: 0.000250042 seconds.
  importAddress: GUID: ce87c287371edde43a4b5fcfdee7b9ef - Path: Packages/com.unity.test-framework/UnityEditor.TestRunner/GUI/TestListTreeView/TestListTreeViewDataSource.cs - Importer: ScriptedImporter/UnityEditor.QuickSearchModule:UnityEditor.Search:ASIAI0B
Importing 'GUID: ce87c287371edde43a4b5fcfdee7b9ef - Path: Packages/com.unity.test-framework/UnityEditor.TestRunner/GUI/TestListTreeView/TestListTreeViewDataSource.cs - Importer: ScriptedImporter/UnityEditor.QuickSearchModule:UnityEditor.Search:ASIAI0B' with importer (ScriptedImporter : UnityEditor.QuickSearchModule:UnityEditor.Search:ASIAI0B)
Imported 'GUID: ce87c287371edde43a4b5fcfdee7b9ef' -> (Import Result ID: '1acaf3d92e110e2669470f87a5161d3f') in 0.001 seconds [static and dynamic dependencies]. Details - ImportResultOutputID=09eecfcc5cdf5ff1708db004fb951549 DependenciesID=3d4b8875b08dce9b60eee53c3c7c4c8e StaticDependenciesID=e538818c186595e241e47e4e0bffa2bf 
Number of updated asset objects reloaded before import = 0
Number of asset objects unloaded after import = 0
========================================================================
Received Import Request.
  Time of request: 2026-10-01T19:11:24.869139Z
  Time since last request: 0.000245833 seconds.
  importAddress: GUID: b88caca58e05ee74486d86fb404c48e2 - Path: Packages/com.unity.test-framework/UnityEditor.TestRunner/NUnitExtension/Attributes/AssetPipelineIgnore.cs - Importer: ScriptedImporter/UnityEditor.QuickSearchModule:UnityEditor.Search:ASIAI0B
Importing 'GUID: b88caca58e05ee74486d86fb404c48e2 - Path: Packages/com.unity.test-framework/UnityEditor.TestRunner/NUnitExtension/Attributes/AssetPipelineIgnore.cs - Importer: ScriptedImporter/UnityEditor.QuickSearchModule:UnityEditor.Search:ASIAI0B' with importer (ScriptedImporter : UnityEditor.QuickSearchModule:UnityEditor.Search:ASIAI0B)
Imported 'GUID: b88caca58e05ee74486d86fb404c48e2' -> (Import Result ID: '4c2a06cf2fdfc3663ee97e1017e92cbb') in 0.001 seconds [static and dynamic dependencies]. Details - ImportResultOutputID=5af5dcc7d879ad2da54474853abce5d4 DependenciesID=50530812c9fe6f4945a5ccb8fa9a0fa5 StaticDependenciesID=18b665522edf4af167a5e37a631af96e 
Number of updated asset objects reloaded before import = 0
Number of asset objects unloaded after import = 0
========================================================================
Received Import Request.
  Time of request: 2026-10-01T19:11:24.870354Z
  Time since last request: 0.0002215 seconds.
  importAddress: GUID: e17c88b021c2a4c409b3f15b0d80ac62 - Path: Packages/com.unity.test-framework/UnityEditor.TestRunner/GUI/TestListBuilder/TestTreeViewBuilder.cs - Importer: ScriptedImporter/UnityEditor.QuickSearchModule:UnityEditor.Search:ASIAI0B
Importing 'GUID: e17c88b021c2a4c409b3f15b0d80ac62 - Path: Packages/com.unity.test-framework/UnityEditor.TestRunner/GUI/TestListBuilder/TestTreeViewBuilder.cs - Importer: ScriptedImporter/UnityEditor.QuickSearchModule:UnityEditor.Search:ASIAI0B' with importer (ScriptedImporter : UnityEditor.QuickSearchModule:UnityEditor.Search:ASIAI0B)
Imported 'GUID: e17c88b021c2a4c409b3f15b0d80ac62' -> (Import Result ID: 'a90d5991607cc9486cfdba8333055fb9') in 0.001 seconds [static and dynamic dependencies]. Details - ImportResultOutputID=c746d33c93a6f199cd9d1e9705ee851c DependenciesID=610d2d8642cd512407726ca07bd7ff3d StaticDependenciesID=e9fefd8cef01fca9ff4c98dd3c29ee0e 
Number of updated asset objects reloaded before import = 0
Number of asset objects unloaded after import = 0
========================================================================
Received Import Request.
  Time of request: 2026-10-01T19:11:24.871465Z
  Time since last request: 0.000244708 seconds.
  importAddress: GUID: fb1abebffd37bd4458c84e15a5d7ab04 - Path: Packages/com.unity.test-framework/UnityEditor.TestRunner/TestRun/Tasks/PerformUndoTask.cs - Importer: ScriptedImporter/UnityEditor.QuickSearchModule:UnityEditor.Search:ASIAI0B
Importing 'GUID: fb1abebffd37bd4458c84e15a5d7ab04 - Path: Packages/com.unity.test-framework/UnityEditor.TestRunner/TestRun/Tasks/PerformUndoTask.cs - Importer: ScriptedImporter/UnityEditor.QuickSearchModule:UnityEditor.Search:ASIAI0B' with importer (ScriptedImporter : UnityEditor.QuickSearchModule:UnityEditor.Search:ASIAI0B)
Imported 'GUID: fb1abebffd37bd4458c84e15a5d7ab04' -> (Import Result ID: 'e5673f432638295253427411ca9bb2d6') in 0.001 seconds [static and dynamic dependencies]. Details - ImportResultOutputID=6c1b62b4d224c9c3944082a0334de30b DependenciesID=0f81dda886cb6f77085ee0f893efeba4 StaticDependenciesID=e3a5ff1d276db4f1cfb899cb513d7539 
Number of updated asset objects reloaded before import = 0
Number of asset objects unloaded after import = 0
========================================================================
Received Import Request.
  Time of request: 2026-10-01T19:11:24.872544Z
  Time since last request: 0.000217625 seconds.
  importAddress: GUID: 3c4ccfb0896bcf44da13e152b267aa49 - Path: Packages/com.unity.test-framework/UnityEditor.TestRunner/TestLaunchers/Helpers/PrebuildSetupAttributeFinder.cs - Importer: ScriptedImporter/UnityEditor.QuickSearchModule:UnityEditor.Search:ASIAI0B
Importing 'GUID: 3c4ccfb0896bcf44da13e152b267aa49 - Path: Packages/com.unity.test-framework/UnityEditor.TestRunner/TestLaunchers/Helpers/PrebuildSetupAttributeFinder.cs - Importer: ScriptedImporter/UnityEditor.QuickSearchModule:UnityEditor.Search:ASIAI0B' with importer (ScriptedImporter : UnityEditor.QuickSearchModule:UnityEditor.Search:ASIAI0B)
Imported 'GUID: 3c4ccfb0896bcf44da13e152b267aa49' -> (Import Result ID: '337d954c2448dfe0ba19e477b37bfd0a') in 0.001 seconds [static and dynamic dependencies]. Details - ImportResultOutputID=3914a82340bc52cd89fe043a142028d5 DependenciesID=5611cdf0d6879b42eaef421e4db146e1 StaticDependenciesID=91ed79b4e56e171f8fa898e44502de47 
Number of updated asset objects reloaded before import = 0
Number of asset objects unloaded after import = 0
========================================================================
Received Import Request.
  Time of request: 2026-10-01T19:11:24.873791Z
  Time since last request: 0.000320417 seconds.
  importAddress: GUID: e7f72702c2f04b999739380ef9c0de5f - Path: Packages/com.unity.test-framework/UnityEditor.TestRunner/GUI/TestAssets/ITestScriptAssetsCreator.cs - Importer: ScriptedImporter/UnityEditor.QuickSearchModule:UnityEditor.Search:ASIAI0B
Importing 'GUID: e7f72702c2f04b999739380ef9c0de5f - Path: Packages/com.unity.test-framework/UnityEditor.TestRunner/GUI/TestAssets/ITestScriptAssetsCreator.cs - Importer: ScriptedImporter/UnityEditor.QuickSearchModule:UnityEditor.Search:ASIAI0B' with importer (ScriptedImporter : UnityEditor.QuickSearchModule:UnityEditor.Search:ASIAI0B)
Imported 'GUID: e7f72702c2f04b999739380ef9c0de5f' -> (Import Result ID: '1069473628c6403fa2bc920ad40e7f68') in 0.001 seconds [static and dynamic dependencies]. Details - ImportResultOutputID=16af099a38afc794fb53858c11864fb8 DependenciesID=39a1b3c3533095f4c6cfe083c2a98f93 StaticDependenciesID=fd9cdaa09a47eb8e01e0f9ecdbbb43fd 
Number of updated asset objects reloaded before import = 0
Number of asset objects unloaded after import = 0
========================================================================
Received Import Request.
  Time of request: 2026-10-01T19:11:24.875139Z
  Time since last request: 0.000256166 seconds.
  importAddress: GUID: 465c1d388f96ba143b216a9bbef88340 - Path: Packages/com.unity.test-framework/UnityEditor.TestRunner/TestLaunchers/PlatformSetup/GameCorePlatformSetup.cs - Importer: ScriptedImporter/UnityEditor.QuickSearchModule:UnityEditor.Search:ASIAI0B
Importing 'GUID: 465c1d388f96ba143b216a9bbef88340 - Path: Packages/com.unity.test-framework/UnityEditor.TestRunner/TestLaunchers/PlatformSetup/GameCorePlatformSetup.cs - Importer: ScriptedImporter/UnityEditor.QuickSearchModule:UnityEditor.Search:ASIAI0B' with importer (ScriptedImporter : UnityEditor.QuickSearchModule:UnityEditor.Search:ASIAI0B)
Imported 'GUID: 465c1d388f96ba143b216a9bbef88340' -> (Import Result ID: 'c2d9764a46857e4c8b91478054ff3600') in 0.001 seconds [static and dynamic dependencies]. Details - ImportResultOutputID=94f77e4b637d8b4e711863d837e0b60e DependenciesID=0aaefb4a7b6375d9f00121b2fe272626 StaticDependenciesID=ed9af26f82a873a600c76d2d878de50f 
Number of updated asset objects reloaded before import = 0
Number of asset objects unloaded after import = 0
========================================================================
Received Import Request.
  Time of request: 2026-10-01T19:11:24.876248Z
  Time since last request: 0.000204417 seconds.
  importAddress: GUID: 19bb2cdbf1454aae9b90c628fb83ad9b - Path: Packages/com.unity.test-framework/UnityEditor.TestRunner/TestRun/Data/RunProgress.cs - Importer: ScriptedImporter/UnityEditor.QuickSearchModule:UnityEditor.Search:ASIAI0B
Importing 'GUID: 19bb2cdbf1454aae9b90c628fb83ad9b - Path: Packages/com.unity.test-framework/UnityEditor.TestRunner/TestRun/Data/RunProgress.cs - Importer: ScriptedImporter/UnityEditor.QuickSearchModule:UnityEditor.Search:ASIAI0B' with importer (ScriptedImporter : UnityEditor.QuickSearchModule:UnityEditor.Search:ASIAI0B)
Imported 'GUID: 19bb2cdbf1454aae9b90c628fb83ad9b' -> (Import Result ID: 'ecc1422279c65ba982672d04c7af4129') in 0.001 seconds [static and dynamic dependencies]. Details - ImportResultOutputID=589b1668615ba28a37ade8733ffdda85 DependenciesID=b3ebf662db18d2f0dd9f398ad49213a8 StaticDependenciesID=243ab2950ea9e0e858954306c6592dfc 
Number of updated asset objects reloaded before import = 0
Number of asset objects unloaded after import = 0
========================================================================
Received Import Request.
  Time of request: 2026-10-01T19:11:24.877889Z
  Time since last request: 0.000224541 seconds.
  importAddress: GUID: f6c189a159d3bde4c964cee562e508ea - Path: Packages/com.unity.test-framework/UnityEditor.TestRunner/TestLaunchers/PlatformSetup/ApplePlatformSetup.cs - Importer: ScriptedImporter/UnityEditor.QuickSearchModule:UnityEditor.Search:ASIAI0B
Importing 'GUID: f6c189a159d3bde4c964cee562e508ea - Path: Packages/com.unity.test-framework/UnityEditor.TestRunner/TestLaunchers/PlatformSetup/ApplePlatformSetup.cs - Importer: ScriptedImporter/UnityEditor.QuickSearchModule:UnityEditor.Search:ASIAI0B' with importer (ScriptedImporter : UnityEditor.QuickSearchModule:UnityEditor.Search:ASIAI0B)
Imported 'GUID: f6c189a159d3bde4c964cee562e508ea' -> (Import Result ID: '1101918e054deb2d04f7891afad67c10') in 0.001 seconds [static and dynamic dependencies]. Details - ImportResultOutputID=df51c9c9e5049f73c7a62a790c63f3a8 DependenciesID=81c23148dacd02f7bf07060d424756c0 StaticDependenciesID=0a6664d6aff551e86fc0e508c11923f8 
Number of updated asset objects reloaded before import = 0
Number of asset objects unloaded after import = 0
========================================================================
Received Import Request.
  Time of request: 2026-10-01T19:11:24.879108Z
  Time since last request: 0.000400625 seconds.
  importAddress: GUID: 667c6ad86a0b7a548aaa5c287f2c2861 - Path: Packages/com.unity.test-framework/UnityEditor.TestRunner/TestLaunchers/PlatformSetup/UwpPlatformSetup.cs - Importer: ScriptedImporter/UnityEditor.QuickSearchModule:UnityEditor.Search:ASIAI0B
Importing 'GUID: 667c6ad86a0b7a548aaa5c287f2c2861 - Path: Packages/com.unity.test-framework/UnityEditor.TestRunner/TestLaunchers/PlatformSetup/UwpPlatformSetup.cs - Importer: ScriptedImporter/UnityEditor.QuickSearchModule:UnityEditor.Search:ASIAI0B' with importer (ScriptedImporter : UnityEditor.QuickSearchModule:UnityEditor.Search:ASIAI0B)
Imported 'GUID: 667c6ad86a0b7a548aaa5c287f2c2861' -> (Import Result ID: '8b1ef18095a8c6bfb64d87b28b233fea') in 0.001 seconds [static and dynamic dependencies]. Details - ImportResultOutputID=3655df9e059529ee864655b546ca9661 DependenciesID=645938a71c7ca62fd418163732bec932 StaticDependenciesID=cfb5afcb2e4b7be086051668d34792ba 
Number of updated asset objects reloaded before import = 0
Number of asset objects unloaded after import = 0
========================================================================
Received Import Request.
  Time of request: 2026-10-01T19:11:24.880661Z
  Time since last request: 0.000240458 seconds.
  importAddress: GUID: 6cccd50ebf7384242bda4d7bcb282ebf - Path: Packages/com.unity.test-framework/UnityEditor.TestRunner/TestLaunchers/PlatformSetup/PlatformSpecificSetup.cs - Importer: ScriptedImporter/UnityEditor.QuickSearchModule:UnityEditor.Search:ASIAI0B
Importing 'GUID: 6cccd50ebf7384242bda4d7bcb282ebf - Path: Packages/com.unity.test-framework/UnityEditor.TestRunner/TestLaunchers/PlatformSetup/PlatformSpecificSetup.cs - Importer: ScriptedImporter/UnityEditor.QuickSearchModule:UnityEditor.Search:ASIAI0B' with importer (ScriptedImporter : UnityEditor.QuickSearchModule:UnityEditor.Search:ASIAI0B)
Imported 'GUID: 6cccd50ebf7384242bda4d7bcb282ebf' -> (Import Result ID: '517682bec731ecab499e853365e00e5a') in 0.001 seconds [static and dynamic dependencies]. Details - ImportResultOutputID=be32c7f30aa33c8d79ba212666731c74 DependenciesID=58f926a396c12fb04b912b5cef39263f StaticDependenciesID=f4d7d9fe8f8e77063bb14af1f66ec561 
Number of updated asset objects reloaded before import = 0
Number of asset objects unloaded after import = 0
========================================================================
Received Import Request.
  Time of request: 2026-10-01T19:11:24.88178Z
  Time since last request: 0.000198208 seconds.
  importAddress: GUID: b4246555189b5ee43b4857220f9fd29b - Path: Packages/com.unity.test-framework/UnityEditor.TestRunner/TestRun/Tasks/EditModeRunTask.cs - Importer: ScriptedImporter/UnityEditor.QuickSearchModule:UnityEditor.Search:ASIAI0B
Importing 'GUID: b4246555189b5ee43b4857220f9fd29b - Path: Packages/com.unity.test-framework/UnityEditor.TestRunner/TestRun/Tasks/EditModeRunTask.cs - Importer: ScriptedImporter/UnityEditor.QuickSearchModule:UnityEditor.Search:ASIAI0B' with importer (ScriptedImporter : UnityEditor.QuickSearchModule:UnityEditor.Search:ASIAI0B)
Imported 'GUID: b4246555189b5ee43b4857220f9fd29b' -> (Import Result ID: 'e9fb575105ea9125849b91e1b4b3b93a') in 0.001 seconds [static and dynamic dependencies]. Details - ImportResultOutputID=3c30635e9dc226f9a2827a60c33857ca DependenciesID=ded205923131f9093c15b720ce272747 StaticDependenciesID=898101cd5a11b2cedae299c7336b3273 
Number of updated asset objects reloaded before import = 0
Number of asset objects unloaded after import = 0
========================================================================
Received Import Request.
  Time of request: 2026-10-01T19:11:24.883005Z
  Time since last request: 0.000276542 seconds.
  importAddress: GUID: 3c702cb84a2a4576bf275a76bc17f8e8 - Path: Packages/com.unity.test-framework/UnityEditor.TestRunner/GUI/TestAssets/TestScriptAssetMenuItems.cs - Importer: ScriptedImporter/UnityEditor.QuickSearchModule:UnityEditor.Search:ASIAI0B
Importing 'GUID: 3c702cb84a2a4576bf275a76bc17f8e8 - Path: Packages/com.unity.test-framework/UnityEditor.TestRunner/GUI/TestAssets/TestScriptAssetMenuItems.cs - Importer: ScriptedImporter/UnityEditor.QuickSearchModule:UnityEditor.Search:ASIAI0B' with importer (ScriptedImporter : UnityEditor.QuickSearchModule:UnityEditor.Search:ASIAI0B)
Imported 'GUID: 3c702cb84a2a4576bf275a76bc17f8e8' -> (Import Result ID: 'ffc976f83ba02bb6a1dc6d6913c27429') in 0.001 seconds [static and dynamic dependencies]. Details - ImportResultOutputID=e1dfca372b90c9b45bf252ff7fefbe70 DependenciesID=4c209d6d8fb202304f685ae25de9e278 StaticDependenciesID=a8d3b8b3420fd576ed690b971f4e909f 
Number of updated asset objects reloaded before import = 0
Number of asset objects unloaded after import = 0
========================================================================
Received Import Request.
  Time of request: 2026-10-01T19:11:24.884209Z
  Time since last request: 0.000306375 seconds.
  importAddress: GUID: 5842bd968af34a328bb5a3f3c78db54a - Path: Packages/com.unity.test-framework/UnityEditor.TestRunner/TestRun/Tasks/ExitPlayModeTask.cs - Importer: ScriptedImporter/UnityEditor.QuickSearchModule:UnityEditor.Search:ASIAI0B
Importing 'GUID: 5842bd968af34a328bb5a3f3c78db54a - Path: Packages/com.unity.test-framework/UnityEditor.TestRunner/TestRun/Tasks/ExitPlayModeTask.cs - Importer: ScriptedImporter/UnityEditor.QuickSearchModule:UnityEditor.Search:ASIAI0B' with importer (ScriptedImporter : UnityEditor.QuickSearchModule:UnityEditor.Search:ASIAI0B)
Imported 'GUID: 5842bd968af34a328bb5a3f3c78db54a' -> (Import Result ID: '0e840546993172aa412ba4a0fac9d25a') in 0.001 seconds [static and dynamic dependencies]. Details - ImportResultOutputID=740a6206dbb3af7a4f99ac5fb1287ae7 DependenciesID=756621ebeefd1866de5e4465816598f4 StaticDependenciesID=cc64b336cdf2785045c5bd91c0956316 
Number of updated asset objects reloaded before import = 0
Number of asset objects unloaded after import = 0
========================================================================
Received Import Request.
  Time of request: 2026-10-01T19:11:24.885394Z
  Time since last request: 0.000261 seconds.
  importAddress: GUID: 822fa0a65be2467b95721422157c93f0 - Path: Packages/com.unity.test-framework/UnityEditor.TestRunner/TestRun/Tasks/CleanupTestControllerTask.cs - Importer: ScriptedImporter/UnityEditor.QuickSearchModule:UnityEditor.Search:ASIAI0B
Importing 'GUID: 822fa0a65be2467b95721422157c93f0 - Path: Packages/com.unity.test-framework/UnityEditor.TestRunner/TestRun/Tasks/CleanupTestControllerTask.cs - Importer: ScriptedImporter/UnityEditor.QuickSearchModule:UnityEditor.Search:ASIAI0B' with importer (ScriptedImporter : UnityEditor.QuickSearchModule:UnityEditor.Search:ASIAI0B)
Imported 'GUID: 822fa0a65be2467b95721422157c93f0' -> (Import Result ID: 'd0a46907d5e19bd7c4d6ab2ce22934b2') in 0.001 seconds [static and dynamic dependencies]. Details - ImportResultOutputID=9053f4470f1392060bfb68a6e03eec99 DependenciesID=8f925ed1da700c1edf88ffe068cc989b StaticDependenciesID=61484eb62746b058e62448155e0008a1 
Number of updated asset objects reloaded before import = 0
Number of asset objects unloaded after import = 0
========================================================================
Received Import Request.
  Time of request: 2026-10-01T19:11:24.886605Z
  Time since last request: 0.0002425 seconds.
  importAddress: GUID: c2441d353f9c42a44af6e224e4901b52 - Path: Packages/com.unity.test-framework/UnityEditor.TestRunner/TestRun/Tasks/BuildActionTaskBase.cs - Importer: ScriptedImporter/UnityEditor.QuickSearchModule:UnityEditor.Search:ASIAI0B
Importing 'GUID: c2441d353f9c42a44af6e224e4901b52 - Path: Packages/com.unity.test-framework/UnityEditor.TestRunner/TestRun/Tasks/BuildActionTaskBase.cs - Importer: ScriptedImporter/UnityEditor.QuickSearchModule:UnityEditor.Search:ASIAI0B' with importer (ScriptedImporter : UnityEditor.QuickSearchModule:UnityEditor.Search:ASIAI0B)
Imported 'GUID: c2441d353f9c42a44af6e224e4901b52' -> (Import Result ID: '07e80595334a0cde4b93300358ac987d') in 0.001 seconds [static and dynamic dependencies]. Details - ImportResultOutputID=27cd353ab56bc269767a986df19a6e41 DependenciesID=fcff2fc682359316eb9ae0bbb99155e2 StaticDependenciesID=e20b767334c9bb1bf4519a6c24d12f5a 
Number of updated asset objects reloaded before import = 0
Number of asset objects unloaded after import = 0
========================================================================
Received Import Request.
  Time of request: 2026-10-01T19:11:24.887796Z
  Time since last request: 0.000319583 seconds.
  importAddress: GUID: 5d4de3d4682a8d641907cc75e4fb950e - Path: Packages/com.unity.test-framework/UnityEditor.TestRunner/TestLaunchers/Helpers/AttributeFinderBase.cs - Importer: ScriptedImporter/UnityEditor.QuickSearchModule:UnityEditor.Search:ASIAI0B
Importing 'GUID: 5d4de3d4682a8d641907cc75e4fb950e - Path: Packages/com.unity.test-framework/UnityEditor.TestRunner/TestLaunchers/Helpers/AttributeFinderBase.cs - Importer: ScriptedImporter/UnityEditor.QuickSearchModule:UnityEditor.Search:ASIAI0B' with importer (ScriptedImporter : UnityEditor.QuickSearchModule:UnityEditor.Search:ASIAI0B)
Imported 'GUID: 5d4de3d4682a8d641907cc75e4fb950e' -> (Import Result ID: 'ba90e2b85c9e26ba16c0ad52d62a6d1f') in 0.001 seconds [static and dynamic dependencies]. Details - ImportResultOutputID=58a2553684798b3dda39c7d0c379a4c0 DependenciesID=57bf654c08b2aae9f213f163f687bd69 StaticDependenciesID=6c9f095e7da228f2e3334b9b36914780 
Number of updated asset objects reloaded before import = 0
Number of asset objects unloaded after import = 0
========================================================================
Received Import Request.
  Time of request: 2026-10-01T19:11:24.889031Z
  Time since last request: 0.000276875 seconds.
  importAddress: GUID: 80ac8f5b2a7fa904dbc80111be88c8be - Path: Packages/com.unity.test-framework/UnityEditor.TestRunner/TestRun/Data/TestJobData.cs - Importer: ScriptedImporter/UnityEditor.QuickSearchModule:UnityEditor.Search:ASIAI0B
Importing 'GUID: 80ac8f5b2a7fa904dbc80111be88c8be - Path: Packages/com.unity.test-framework/UnityEditor.TestRunner/TestRun/Data/TestJobData.cs - Importer: ScriptedImporter/UnityEditor.QuickSearchModule:UnityEditor.Search:ASIAI0B' with importer (ScriptedImporter : UnityEditor.QuickSearchModule:UnityEditor.Search:ASIAI0B)
Imported 'GUID: 80ac8f5b2a7fa904dbc80111be88c8be' -> (Import Result ID: 'f9538008ef4feabb5a31ea3597286fa9') in 0.001 seconds [static and dynamic dependencies]. Details - ImportResultOutputID=d65d04859999d14b3b02a0805d42d5ff DependenciesID=6970bad654cb0ae06079ee86a24f879a StaticDependenciesID=4e792fb0fe52771b43d4b4ce1c055f7a 
Number of updated asset objects reloaded before import = 0
Number of asset objects unloaded after import = 0
========================================================================
Received Import Request.
  Time of request: 2026-10-01T19:11:24.890154Z
  Time since last request: 0.000282208 seconds.
  importAddress: GUID: 83d2df796f82ab847a190a706f00d6eb - Path: Packages/com.unity.test-framework/UnityEditor.TestRunner/TestRun/Tasks/InitializeTestProgressTask.cs - Importer: ScriptedImporter/UnityEditor.QuickSearchModule:UnityEditor.Search:ASIAI0B
Importing 'GUID: 83d2df796f82ab847a190a706f00d6eb - Path: Packages/com.unity.test-framework/UnityEditor.TestRunner/TestRun/Tasks/InitializeTestProgressTask.cs - Importer: ScriptedImporter/UnityEditor.QuickSearchModule:UnityEditor.Search:ASIAI0B' with importer (ScriptedImporter : UnityEditor.QuickSearchModule:UnityEditor.Search:ASIAI0B)
Imported 'GUID: 83d2df796f82ab847a190a706f00d6eb' -> (Import Result ID: '94d445c18a711402de242a93a650dae2') in 0.001 seconds [static and dynamic dependencies]. Details - ImportResultOutputID=ac3774da3e89b42f21c861a8b9d1d2a0 DependenciesID=558414df1fc8aaa50e7cd93275ab3fc4 StaticDependenciesID=0dcf1f7f92682041ab94fe64c47dbe8d 
Number of updated asset objects reloaded before import = 0
Number of asset objects unloaded after import = 0
========================================================================
Received Import Request.
  Time of request: 2026-10-01T19:11:24.891899Z
  Time since last request: 0.000242292 seconds.
  importAddress: GUID: e5f4a89476c1448abc7e0a9719b13b36 - Path: Packages/com.unity.test-framework/UnityEditor.TestRunner/GUI/TestAssets/IFolderPathTestCompilationContextProvider.cs - Importer: ScriptedImporter/UnityEditor.QuickSearchModule:UnityEditor.Search:ASIAI0B
Importing 'GUID: e5f4a89476c1448abc7e0a9719b13b36 - Path: Packages/com.unity.test-framework/UnityEditor.TestRunner/GUI/TestAssets/IFolderPathTestCompilationContextProvider.cs - Importer: ScriptedImporter/UnityEditor.QuickSearchModule:UnityEditor.Search:ASIAI0B' with importer (ScriptedImporter : UnityEditor.QuickSearchModule:UnityEditor.Search:ASIAI0B)
Imported 'GUID: e5f4a89476c1448abc7e0a9719b13b36' -> (Import Result ID: 'b482ff1e95c0f2fc8768afbf94770f69') in 0.001 seconds [static and dynamic dependencies]. Details - ImportResultOutputID=67a82e0074c655b37db8931c82ded063 DependenciesID=373c6bfaee3dc506315bbe959b9c2ea4 StaticDependenciesID=58fe46f09a28e8eed4b7869f1c2c7b3d 
Number of updated asset objects reloaded before import = 0
Number of asset objects unloaded after import = 0
========================================================================
Received Import Request.
  Time of request: 2026-10-01T19:11:24.893322Z
  Time since last request: 0.000230916 seconds.
  importAddress: GUID: 4400cdda235b4ea48b9078953ffc8e89 - Path: Packages/com.unity.test-framework/UnityEditor.TestRunner/TestRun/Tasks/CreateBootstrapSceneTask.cs - Importer: ScriptedImporter/UnityEditor.QuickSearchModule:UnityEditor.Search:ASIAI0B
Importing 'GUID: 4400cdda235b4ea48b9078953ffc8e89 - Path: Packages/com.unity.test-framework/UnityEditor.TestRunner/TestRun/Tasks/CreateBootstrapSceneTask.cs - Importer: ScriptedImporter/UnityEditor.QuickSearchModule:UnityEditor.Search:ASIAI0B' with importer (ScriptedImporter : UnityEditor.QuickSearchModule:UnityEditor.Search:ASIAI0B)
Imported 'GUID: 4400cdda235b4ea48b9078953ffc8e89' -> (Import Result ID: '4e5b4cb7862cd81a0f51e113eca6855a') in 0.001 seconds [static and dynamic dependencies]. Details - ImportResultOutputID=169e5fe4548f95123c2f580597c8ee8c DependenciesID=06eb9086eaae3bdd1a4bf319d32a9556 StaticDependenciesID=d20d35ee04f8d29100a83b58fb26e000 
Number of updated asset objects reloaded before import = 0
Number of asset objects unloaded after import = 0
========================================================================
Received Import Request.
  Time of request: 2026-10-01T19:11:24.894479Z
  Time since last request: 0.000273459 seconds.
  importAddress: GUID: 13b82b28a28254683a40756c27493b61 - Path: Packages/com.unity.test-framework/UnityEditor.TestRunner/TestLaunchers/Helpers/PostbuildCleanupWithJobDataAttributeFinder.cs - Importer: ScriptedImporter/UnityEditor.QuickSearchModule:UnityEditor.Search:ASIAI0B
Importing 'GUID: 13b82b28a28254683a40756c27493b61 - Path: Packages/com.unity.test-framework/UnityEditor.TestRunner/TestLaunchers/Helpers/PostbuildCleanupWithJobDataAttributeFinder.cs - Importer: ScriptedImporter/UnityEditor.QuickSearchModule:UnityEditor.Search:ASIAI0B' with importer (ScriptedImporter : UnityEditor.QuickSearchModule:UnityEditor.Search:ASIAI0B)
Imported 'GUID: 13b82b28a28254683a40756c27493b61' -> (Import Result ID: '015e4d9d074bc5e2e3d033a79f5b1091') in 0.001 seconds [static and dynamic dependencies]. Details - ImportResultOutputID=8d0bd39192f5fb6aad309c19350da370 DependenciesID=1a8936e08717fa508799835dc7d289d7 StaticDependenciesID=d2cdf3e27a81708b887779c633ce6132 
Number of updated asset objects reloaded before import = 0
Number of asset objects unloaded after import = 0
========================================================================
Received Import Request.
  Time of request: 2026-10-01T19:11:24.895901Z
  Time since last request: 0.000248417 seconds.
  importAddress: GUID: 1a9f3fcee3bd2334593373b00d7b5ca2 - Path: Packages/com.unity.test-framework/UnityEditor.TestRunner/TestRun/Tasks/EnableTestOutLoggerTask.cs - Importer: ScriptedImporter/UnityEditor.QuickSearchModule:UnityEditor.Search:ASIAI0B
Importing 'GUID: 1a9f3fcee3bd2334593373b00d7b5ca2 - Path: Packages/com.unity.test-framework/UnityEditor.TestRunner/TestRun/Tasks/EnableTestOutLoggerTask.cs - Importer: ScriptedImporter/UnityEditor.QuickSearchModule:UnityEditor.Search:ASIAI0B' with importer (ScriptedImporter : UnityEditor.QuickSearchModule:UnityEditor.Search:ASIAI0B)
Imported 'GUID: 1a9f3fcee3bd2334593373b00d7b5ca2' -> (Import Result ID: 'fb02234ac509e308590db86a13b0ddaf') in 0.001 seconds [static and dynamic dependencies]. Details - ImportResultOutputID=e068169babe0c20169b167c7ae627848 DependenciesID=6a8b7ceb3493c550e8832d6d8e016516 StaticDependenciesID=9dde109feb5e1ebb8104541c7a5b683e 
Number of updated asset objects reloaded before import = 0
Number of asset objects unloaded after import = 0
========================================================================
Received Import Request.
  Time of request: 2026-10-01T19:11:24.897405Z
  Time since last request: 0.000315084 seconds.
  importAddress: GUID: fa19b42bd3dc35e40a618448bd330270 - Path: Packages/com.unity.test-framework/UnityEditor.TestRunner/TestLaunchers/PlatformSetup/StadiaPlatformSetup.cs - Importer: ScriptedImporter/UnityEditor.QuickSearchModule:UnityEditor.Search:ASIAI0B
Importing 'GUID: fa19b42bd3dc35e40a618448bd330270 - Path: Packages/com.unity.test-framework/UnityEditor.TestRunner/TestLaunchers/PlatformSetup/StadiaPlatformSetup.cs - Importer: ScriptedImporter/UnityEditor.QuickSearchModule:UnityEditor.Search:ASIAI0B' with importer (ScriptedImporter : UnityEditor.QuickSearchModule:UnityEditor.Search:ASIAI0B)
Imported 'GUID: fa19b42bd3dc35e40a618448bd330270' -> (Import Result ID: '12990fa8f1f93c2c01c27512e5799968') in 0.001 seconds [static and dynamic dependencies]. Details - ImportResultOutputID=533d74111abcc60820c1c32e4c25208d DependenciesID=ca89f69161a7e927f2a3c95762fc4f87 StaticDependenciesID=18cd2fcc2f66d1e363963e9ec82586db 
Number of updated asset objects reloaded before import = 0
Number of asset objects unloaded after import = 0
========================================================================
Received Import Request.
  Time of request: 2026-10-01T19:11:24.898779Z
  Time since last request: 0.000220542 seconds.
  importAddress: GUID: 2a0bd678385f98e4d8eabdfc07d62b4f - Path: Packages/com.unity.test-framework/UnityEditor.TestRunner/TestLaunchers/Helpers/PlayerLauncherBuildOptions.cs - Importer: ScriptedImporter/UnityEditor.QuickSearchModule:UnityEditor.Search:ASIAI0B
Importing 'GUID: 2a0bd678385f98e4d8eabdfc07d62b4f - Path: Packages/com.unity.test-framework/UnityEditor.TestRunner/TestLaunchers/Helpers/PlayerLauncherBuildOptions.cs - Importer: ScriptedImporter/UnityEditor.QuickSearchModule:UnityEditor.Search:ASIAI0B' with importer (ScriptedImporter : UnityEditor.QuickSearchModule:UnityEditor.Search:ASIAI0B)
Imported 'GUID: 2a0bd678385f98e4d8eabdfc07d62b4f' -> (Import Result ID: '5e908510dc6ce0dad654a8b5e0e85691') in 0.001 seconds [static and dynamic dependencies]. Details - ImportResultOutputID=fce2e9a9f24cfd477a8ddb1251fbae2f DependenciesID=846172f23204fb16bb418ec7c226592b StaticDependenciesID=ebbd20659969686aac10e752c89b50e3 
Number of updated asset objects reloaded before import = 0
Number of asset objects unloaded after import = 0
========================================================================
Received Import Request.
  Time of request: 2026-10-01T19:11:24.899912Z
  Time since last request: 0.000238167 seconds.
  importAddress: GUID: 409ee14a63784dc0ab5d002081211814 - Path: Packages/com.unity.test-framework/UnityEditor.TestRunner/GUI/TestAssets/IActiveFolderTemplateAssetCreator.cs - Importer: ScriptedImporter/UnityEditor.QuickSearchModule:UnityEditor.Search:ASIAI0B
Importing 'GUID: 409ee14a63784dc0ab5d002081211814 - Path: Packages/com.unity.test-framework/UnityEditor.TestRunner/GUI/TestAssets/IActiveFolderTemplateAssetCreator.cs - Importer: ScriptedImporter/UnityEditor.QuickSearchModule:UnityEditor.Search:ASIAI0B' with importer (ScriptedImporter : UnityEditor.QuickSearchModule:UnityEditor.Search:ASIAI0B)
Imported 'GUID: 409ee14a63784dc0ab5d002081211814' -> (Import Result ID: '341140fda8bebcb1a0e821fb49c5c8c5') in 0.001 seconds [static and dynamic dependencies]. Details - ImportResultOutputID=5699ff1478a19546daf6fa240b3a9bf8 DependenciesID=7c73bd67ca78196ca977c610b85efbb1 StaticDependenciesID=b6a5f0ee987cf538595336d8d178232a 
Number of updated asset objects reloaded before import = 0
Number of asset objects unloaded after import = 0
========================================================================
Received Import Request.
  Time of request: 2026-10-01T19:11:24.901028Z
  Time since last request: 0.000209042 seconds.
  importAddress: GUID: ce567ddbf30368344bc7b80e20cac36e - Path: Packages/com.unity.test-framework/UnityEditor.TestRunner/GUI/TestListTreeView/TestTreeViewItem.cs - Importer: ScriptedImporter/UnityEditor.QuickSearchModule:UnityEditor.Search:ASIAI0B
Importing 'GUID: ce567ddbf30368344bc7b80e20cac36e - Path: Packages/com.unity.test-framework/UnityEditor.TestRunner/GUI/TestListTreeView/TestTreeViewItem.cs - Importer: ScriptedImporter/UnityEditor.QuickSearchModule:UnityEditor.Search:ASIAI0B' with importer (ScriptedImporter : UnityEditor.QuickSearchModule:UnityEditor.Search:ASIAI0B)
Imported 'GUID: ce567ddbf30368344bc7b80e20cac36e' -> (Import Result ID: 'a6f6685b3a416e480b322d0018cf453c') in 0.001 seconds [static and dynamic dependencies]. Details - ImportResultOutputID=d00a5d690dcd05b3ca26396aaf780044 DependenciesID=be85912f6d287bf05b0254f54ccbf869 StaticDependenciesID=f694ef34eefbe8a03eae69f1e92a59be 
Number of updated asset objects reloaded before import = 0
Number of asset objects unloaded after import = 0
========================================================================
Received Import Request.
  Time of request: 2026-10-01T19:11:24.902147Z
  Time since last request: 0.000267875 seconds.
  importAddress: GUID: 27769e9b00b038d47aefe306a4d20bec - Path: Packages/com.unity.test-framework/UnityEditor.TestRunner/GUI/TestListTreeView/Icons.cs - Importer: ScriptedImporter/UnityEditor.QuickSearchModule:UnityEditor.Search:ASIAI0B
Importing 'GUID: 27769e9b00b038d47aefe306a4d20bec - Path: Packages/com.unity.test-framework/UnityEditor.TestRunner/GUI/TestListTreeView/Icons.cs - Importer: ScriptedImporter/UnityEditor.QuickSearchModule:UnityEditor.Search:ASIAI0B' with importer (ScriptedImporter : UnityEditor.QuickSearchModule:UnityEditor.Search:ASIAI0B)
Imported 'GUID: 27769e9b00b038d47aefe306a4d20bec' -> (Import Result ID: 'fc9c572dceee0ca5b86e0369c530daac') in 0.001 seconds [static and dynamic dependencies]. Details - ImportResultOutputID=abeaca78222043787955702bea1cdb67 DependenciesID=61b1322b0f19069eaccab89c85282f2c StaticDependenciesID=20105e11eb6f71af5dc4d315cf251ec9 
Number of updated asset objects reloaded before import = 0
Number of asset objects unloaded after import = 0
========================================================================
Received Import Request.
  Time of request: 2026-10-01T19:11:24.90323Z
  Time since last request: 0.000191625 seconds.
  importAddress: GUID: 9d614808f9add8a4f8e4860db2c7af0d - Path: Packages/com.unity.test-framework/UnityEditor.TestRunner/TestLaunchers/PlatformSetup/IPlatformSetup.cs - Importer: ScriptedImporter/UnityEditor.QuickSearchModule:UnityEditor.Search:ASIAI0B
Importing 'GUID: 9d614808f9add8a4f8e4860db2c7af0d - Path: Packages/com.unity.test-framework/UnityEditor.TestRunner/TestLaunchers/PlatformSetup/IPlatformSetup.cs - Importer: ScriptedImporter/UnityEditor.QuickSearchModule:UnityEditor.Search:ASIAI0B' with importer (ScriptedImporter : UnityEditor.QuickSearchModule:UnityEditor.Search:ASIAI0B)
Imported 'GUID: 9d614808f9add8a4f8e4860db2c7af0d' -> (Import Result ID: '784d789991ca398a2eb93d5abbb3430a') in 0.001 seconds [static and dynamic dependencies]. Details - ImportResultOutputID=153e1e7185652bb7f183418291df6694 DependenciesID=0da1eb53d11aa2e165e4ebbb6414153a StaticDependenciesID=7e2bf44012a165d76bf219d34427776a 
Number of updated asset objects reloaded before import = 0
Number of asset objects unloaded after import = 0
========================================================================
Received Import Request.
  Time of request: 2026-10-01T19:11:24.905054Z
  Time since last request: 0.000303666 seconds.
  importAddress: GUID: 6465fa5b49fc4c739059189aca21f391 - Path: Packages/com.unity.test-framework/UnityEditor.TestRunner/TestRun/Tasks/DeleteBootstrapSceneTask.cs - Importer: ScriptedImporter/UnityEditor.QuickSearchModule:UnityEditor.Search:ASIAI0B
Importing 'GUID: 6465fa5b49fc4c739059189aca21f391 - Path: Packages/com.unity.test-framework/UnityEditor.TestRunner/TestRun/Tasks/DeleteBootstrapSceneTask.cs - Importer: ScriptedImporter/UnityEditor.QuickSearchModule:UnityEditor.Search:ASIAI0B' with importer (ScriptedImporter : UnityEditor.QuickSearchModule:UnityEditor.Search:ASIAI0B)
Imported 'GUID: 6465fa5b49fc4c739059189aca21f391' -> (Import Result ID: 'b5f8cf98ec9e352e9d0db0a5a606dede') in 0.001 seconds [static and dynamic dependencies]. Details - ImportResultOutputID=dde4a9cc37e3c8033ab680009286693c DependenciesID=6d0b2f6e68e4d1ff6a7ce1c4e0655e47 StaticDependenciesID=68cb69c4685b31c9a0c0514cd5b8bd31 
Number of updated asset objects reloaded before import = 0
Number of asset objects unloaded after import = 0
========================================================================
Received Import Request.
  Time of request: 2026-10-01T19:11:24.906238Z
  Time since last request: 0.000286292 seconds.
  importAddress: GUID: 93eb6389f4fb6924987867ce0bc339ee - Path: Packages/com.unity.test-framework/UnityEditor.TestRunner/TestRun/Tasks/CleanupVerificationTask.cs - Importer: ScriptedImporter/UnityEditor.QuickSearchModule:UnityEditor.Search:ASIAI0B
Importing 'GUID: 93eb6389f4fb6924987867ce0bc339ee - Path: Packages/com.unity.test-framework/UnityEditor.TestRunner/TestRun/Tasks/CleanupVerificationTask.cs - Importer: ScriptedImporter/UnityEditor.QuickSearchModule:UnityEditor.Search:ASIAI0B' with importer (ScriptedImporter : UnityEditor.QuickSearchModule:UnityEditor.Search:ASIAI0B)
Imported 'GUID: 93eb6389f4fb6924987867ce0bc339ee' -> (Import Result ID: 'f0ceabc93120b460f4177f5dee38b428') in 0.001 seconds [static and dynamic dependencies]. Details - ImportResultOutputID=823079fcb7a16821028e3a2a7df8e1c9 DependenciesID=69e4307d27a7454187511bd465ef0f1b StaticDependenciesID=91493ec60df8a7687e278b179ffb4e2b 
Number of updated asset objects reloaded before import = 0
Number of asset objects unloaded after import = 0
========================================================================
Received Import Request.
  Time of request: 2026-10-01T19:11:24.907172Z
  Time since last request: 0.00023875 seconds.
  importAddress: GUID: b93fe5bbea454ae438fcec241c5fa85b - Path: Packages/com.unity.test-framework/UnityEditor.TestRunner/TestRun/Tasks/LegacyPlayerRunTask.cs - Importer: ScriptedImporter/UnityEditor.QuickSearchModule:UnityEditor.Search:ASIAI0B
Importing 'GUID: b93fe5bbea454ae438fcec241c5fa85b - Path: Packages/com.unity.test-framework/UnityEditor.TestRunner/TestRun/Tasks/LegacyPlayerRunTask.cs - Importer: ScriptedImporter/UnityEditor.QuickSearchModule:UnityEditor.Search:ASIAI0B' with importer (ScriptedImporter : UnityEditor.QuickSearchModule:UnityEditor.Search:ASIAI0B)
Imported 'GUID: b93fe5bbea454ae438fcec241c5fa85b' -> (Import Result ID: '9fdc3f78f92f18c587c9e22ec22b65a8') in 0.001 seconds [static and dynamic dependencies]. Details - ImportResultOutputID=f378b58a88fdc975c8240da939dd1539 DependenciesID=ede9f53ef46e211ecc86f3bb60d24bb5 StaticDependenciesID=f9e9a1e9b6315a756538319a745a217a 
Number of updated asset objects reloaded before import = 0
Number of asset objects unloaded after import = 0
========================================================================
Received Import Request.
  Time of request: 2026-10-01T19:11:24.908441Z
  Time since last request: 0.000229666 seconds.
  importAddress: GUID: 4769fe1e7475c8843b092338acbcad25 - Path: Packages/com.unity.test-framework/UnityEditor.TestRunner/TestRun/Tasks/PlayModeRunTask.cs - Importer: ScriptedImporter/UnityEditor.QuickSearchModule:UnityEditor.Search:ASIAI0B
Importing 'GUID: 4769fe1e7475c8843b092338acbcad25 - Path: Packages/com.unity.test-framework/UnityEditor.TestRunner/TestRun/Tasks/PlayModeRunTask.cs - Importer: ScriptedImporter/UnityEditor.QuickSearchModule:UnityEditor.Search:ASIAI0B' with importer (ScriptedImporter : UnityEditor.QuickSearchModule:UnityEditor.Search:ASIAI0B)
Imported 'GUID: 4769fe1e7475c8843b092338acbcad25' -> (Import Result ID: '80bbaae763dbc5548c0e99046dbb82b5') in 0.001 seconds [static and dynamic dependencies]. Details - ImportResultOutputID=9fd8edf5374e68f9e4d13cb8fae92193 DependenciesID=eb9435774c72462cb2aaaf10f356b4e3 StaticDependenciesID=3ab426d4d367310ae2f822a905406e33 
Number of updated asset objects reloaded before import = 0
Number of asset objects unloaded after import = 0
========================================================================
Received Import Request.
  Time of request: 2026-10-01T19:11:24.909473Z
  Time since last request: 0.00022525 seconds.
  importAddress: GUID: aa0bb8f0cb98b43a586f75ce4b79c576 - Path: Packages/com.unity.test-framework/UnityEditor.TestRunner/TestRun/Tasks/PostbuildCleanupWithTestDataTask.cs - Importer: ScriptedImporter/UnityEditor.QuickSearchModule:UnityEditor.Search:ASIAI0B
Importing 'GUID: aa0bb8f0cb98b43a586f75ce4b79c576 - Path: Packages/com.unity.test-framework/UnityEditor.TestRunner/TestRun/Tasks/PostbuildCleanupWithTestDataTask.cs - Importer: ScriptedImporter/UnityEditor.QuickSearchModule:UnityEditor.Search:ASIAI0B' with importer (ScriptedImporter : UnityEditor.QuickSearchModule:UnityEditor.Search:ASIAI0B)
Imported 'GUID: aa0bb8f0cb98b43a586f75ce4b79c576' -> (Import Result ID: '16811fcefead20db4dce02effa3d3ec9') in 0.001 seconds [static and dynamic dependencies]. Details - ImportResultOutputID=3f7c392fcc20e520937b0f7d878f21f1 DependenciesID=fb1c837c561e324f557e5a1a2d450ffa StaticDependenciesID=b58ced2ef8b41e9aded8dd923684516a 
Number of updated asset objects reloaded before import = 0
Number of asset objects unloaded after import = 0
========================================================================
Received Import Request.
  Time of request: 2026-10-01T19:11:24.910529Z
  Time since last request: 0.000261167 seconds.
  importAddress: GUID: 759855a435cd4b22ade51836cc8b00d6 - Path: Packages/com.unity.test-framework/UnityEditor.TestRunner/TestLaunchers/Helpers/FilePathMetaInfo.cs - Importer: ScriptedImporter/UnityEditor.QuickSearchModule:UnityEditor.Search:ASIAI0B
Importing 'GUID: 759855a435cd4b22ade51836cc8b00d6 - Path: Packages/com.unity.test-framework/UnityEditor.TestRunner/TestLaunchers/Helpers/FilePathMetaInfo.cs - Importer: ScriptedImporter/UnityEditor.QuickSearchModule:UnityEditor.Search:ASIAI0B' with importer (ScriptedImporter : UnityEditor.QuickSearchModule:UnityEditor.Search:ASIAI0B)
Imported 'GUID: 759855a435cd4b22ade51836cc8b00d6' -> (Import Result ID: 'ab852ec8231cae6ea43b5f21ae9bcb0a') in 0.001 seconds [static and dynamic dependencies]. Details - ImportResultOutputID=d808327c95aeb338f4f54fed690c17ad DependenciesID=de58fb6ddbfca9023085d4decc1c5020 StaticDependenciesID=aed10fc9fc65a75574195d211bde1aef 
Number of updated asset objects reloaded before import = 0
Number of asset objects unloaded after import = 0
========================================================================
Received Import Request.
  Time of request: 2026-10-01T19:11:24.911483Z
  Time since last request: 0.000222625 seconds.
  importAddress: GUID: 23383565f01f46dfa583710e5108e443 - Path: Packages/com.unity.test-framework/UnityEditor.TestRunner/TestRun/Tasks/MarkRunAsPlayModeTask.cs - Importer: ScriptedImporter/UnityEditor.QuickSearchModule:UnityEditor.Search:ASIAI0B
Importing 'GUID: 23383565f01f46dfa583710e5108e443 - Path: Packages/com.unity.test-framework/UnityEditor.TestRunner/TestRun/Tasks/MarkRunAsPlayModeTask.cs - Importer: ScriptedImporter/UnityEditor.QuickSearchModule:UnityEditor.Search:ASIAI0B' with importer (ScriptedImporter : UnityEditor.QuickSearchModule:UnityEditor.Search:ASIAI0B)
Imported 'GUID: 23383565f01f46dfa583710e5108e443' -> (Import Result ID: '51914b4ade48bbc28d5bd8f7adb564d6') in 0.001 seconds [static and dynamic dependencies]. Details - ImportResultOutputID=025e0f75544ad3d9b0d84b96e715bdaa DependenciesID=3331e9ac158278e1882296b07aa9e9f1 StaticDependenciesID=3dbc73e4c22a008a555cb0bcb994db31 
Number of updated asset objects reloaded before import = 0
Number of asset objects unloaded after import = 0
========================================================================
Received Import Request.
  Time of request: 2026-10-01T19:11:24.926019Z
  Time since last request: 0.013361292 seconds.
  importAddress: GUID: 3936a208997f4266b0b2d48aaca1e904 - Path: Packages/com.unity.test-framework/UnityEditor.TestRunner/UnityTestProtocol/Messages/ScreenSettingsMessage.cs - Importer: ScriptedImporter/UnityEditor.QuickSearchModule:UnityEditor.Search:ASIAI0B
Importing 'GUID: 3936a208997f4266b0b2d48aaca1e904 - Path: Packages/com.unity.test-framework/UnityEditor.TestRunner/UnityTestProtocol/Messages/ScreenSettingsMessage.cs - Importer: ScriptedImporter/UnityEditor.QuickSearchModule:UnityEditor.Search:ASIAI0B' with importer (ScriptedImporter : UnityEditor.QuickSearchModule:UnityEditor.Search:ASIAI0B)
Imported 'GUID: 3936a208997f4266b0b2d48aaca1e904' -> (Import Result ID: 'd88a603a1d1b34e558c9e39f96ccd9b4') in 0.001 seconds [static and dynamic dependencies]. Details - ImportResultOutputID=3832e7ece2f8939f70dbb0f5b78cb242 DependenciesID=2341d53df1d5cb6dd2b6943aaebd078f StaticDependenciesID=e3a67a3861f987e936ef2c7d8ceb04e7 
Number of updated asset objects reloaded before import = 0
Number of asset objects unloaded after import = 0
========================================================================
Received Import Request.
  Time of request: 2026-10-01T19:11:24.927554Z
  Time since last request: 0.000268041 seconds.
  importAddress: GUID: 2a616b371596515498e05300b6598c6a - Path: Packages/com.unity.test-framework/UnityEngine.TestRunner/NUnitExtensions/Attributes/UnityOneTimeTearDownAttribute.cs - Importer: ScriptedImporter/UnityEditor.QuickSearchModule:UnityEditor.Search:ASIAI0B
Importing 'GUID: 2a616b371596515498e05300b6598c6a - Path: Packages/com.unity.test-framework/UnityEngine.TestRunner/NUnitExtensions/Attributes/UnityOneTimeTearDownAttribute.cs - Importer: ScriptedImporter/UnityEditor.QuickSearchModule:UnityEditor.Search:ASIAI0B' with importer (ScriptedImporter : UnityEditor.QuickSearchModule:UnityEditor.Search:ASIAI0B)
Imported 'GUID: 2a616b371596515498e05300b6598c6a' -> (Import Result ID: 'cb31b67685e8c39c2b01434564c5fcde') in 0.001 seconds [static and dynamic dependencies]. Details - ImportResultOutputID=e2c025def31522e2b5f827db23d9ffdd DependenciesID=e32716fbe4790b340649cbff4cf677db StaticDependenciesID=acd05edb555c4cc00f0a3839c639183b 
Number of updated asset objects reloaded before import = 0
Number of asset objects unloaded after import = 0
========================================================================
Received Import Request.
  Time of request: 2026-10-01T19:11:24.928729Z
  Time since last request: 0.000216208 seconds.
  importAddress: GUID: 750aad009559b814dbc27001341fc1c3 - Path: Packages/com.unity.test-framework/UnityEngine.TestRunner/NUnitExtensions/Attributes/TestEnumerator.cs - Importer: ScriptedImporter/UnityEditor.QuickSearchModule:UnityEditor.Search:ASIAI0B
Importing 'GUID: 750aad009559b814dbc27001341fc1c3 - Path: Packages/com.unity.test-framework/UnityEngine.TestRunner/NUnitExtensions/Attributes/TestEnumerator.cs - Importer: ScriptedImporter/UnityEditor.QuickSearchModule:UnityEditor.Search:ASIAI0B' with importer (ScriptedImporter : UnityEditor.QuickSearchModule:UnityEditor.Search:ASIAI0B)
Imported 'GUID: 750aad009559b814dbc27001341fc1c3' -> (Import Result ID: '4ec1df975020558bf3b4685320f0f89b') in 0.001 seconds [static and dynamic dependencies]. Details - ImportResultOutputID=c61117222a1fce32dcf58e671fa2b9c7 DependenciesID=f98bc2d63fbc1f1f5b7490e7c19511a0 StaticDependenciesID=7be1bf3c22cad09e5c193962e27fbdb1 
Number of updated asset objects reloaded before import = 0
Number of asset objects unloaded after import = 0
========================================================================
Received Import Request.
  Time of request: 2026-10-01T19:11:24.930161Z
  Time since last request: 0.000321417 seconds.
  importAddress: GUID: cc0ce06a7515c044bb8db4c75db84114 - Path: Packages/com.unity.test-framework/UnityEditor.TestRunner/TestRun/Tasks/SaveUndoIndexTask.cs - Importer: ScriptedImporter/UnityEditor.QuickSearchModule:UnityEditor.Search:ASIAI0B
Importing 'GUID: cc0ce06a7515c044bb8db4c75db84114 - Path: Packages/com.unity.test-framework/UnityEditor.TestRunner/TestRun/Tasks/SaveUndoIndexTask.cs - Importer: ScriptedImporter/UnityEditor.QuickSearchModule:UnityEditor.Search:ASIAI0B' with importer (ScriptedImporter : UnityEditor.QuickSearchModule:UnityEditor.Search:ASIAI0B)
Imported 'GUID: cc0ce06a7515c044bb8db4c75db84114' -> (Import Result ID: '29ca6fd307cbce3c490aa4ed34e12171') in 0.001 seconds [static and dynamic dependencies]. Details - ImportResultOutputID=847dea0612d4f12d7b904b14ab809f54 DependenciesID=e30664f3d4244f70887d862602427e16 StaticDependenciesID=3c80caa06655f6d5c6d2fbafe3982550 
Number of updated asset objects reloaded before import = 0
Number of asset objects unloaded after import = 0
========================================================================
Received Import Request.
  Time of request: 2026-10-01T19:11:24.931626Z
  Time since last request: 0.000312125 seconds.
  importAddress: GUID: c82a8473f4a8f7b42a004c91e06d2f2b - Path: Packages/com.unity.test-framework/UnityEngine.TestRunner/NUnitExtensions/Attributes/ConditionalIgnoreAttribute.cs - Importer: ScriptedImporter/UnityEditor.QuickSearchModule:UnityEditor.Search:ASIAI0B
Importing 'GUID: c82a8473f4a8f7b42a004c91e06d2f2b - Path: Packages/com.unity.test-framework/UnityEngine.TestRunner/NUnitExtensions/Attributes/ConditionalIgnoreAttribute.cs - Importer: ScriptedImporter/UnityEditor.QuickSearchModule:UnityEditor.Search:ASIAI0B' with importer (ScriptedImporter : UnityEditor.QuickSearchModule:UnityEditor.Search:ASIAI0B)
Imported 'GUID: c82a8473f4a8f7b42a004c91e06d2f2b' -> (Import Result ID: 'fb029399fc7c4871a3c760f79ac3f05c') in 0.001 seconds [static and dynamic dependencies]. Details - ImportResultOutputID=462385c4e8f9676cd5c4a544e5b5fbc7 DependenciesID=161f2bc4f3b326128f644a714dcfb8d2 StaticDependenciesID=9315fa9bbe77883d9ecf92f27ef9ce3c 
Number of updated asset objects reloaded before import = 0
Number of asset objects unloaded after import = 0
========================================================================
Received Import Request.
  Time of request: 2026-10-01T19:11:24.932945Z
  Time since last request: 0.000215542 seconds.
  importAddress: GUID: 528c8790cf844716aead80624be893aa - Path: Packages/com.unity.test-framework/UnityEngine.TestRunner/NUnitExtensions/Attributes/PreservedValuesAttribute.cs - Importer: ScriptedImporter/UnityEditor.QuickSearchModule:UnityEditor.Search:ASIAI0B
Importing 'GUID: 528c8790cf844716aead80624be893aa - Path: Packages/com.unity.test-framework/UnityEngine.TestRunner/NUnitExtensions/Attributes/PreservedValuesAttribute.cs - Importer: ScriptedImporter/UnityEditor.QuickSearchModule:UnityEditor.Search:ASIAI0B' with importer (ScriptedImporter : UnityEditor.QuickSearchModule:UnityEditor.Search:ASIAI0B)
Imported 'GUID: 528c8790cf844716aead80624be893aa' -> (Import Result ID: '3ad5659072ee46f1a39c5565106d0fb4') in 0.001 seconds [static and dynamic dependencies]. Details - ImportResultOutputID=33a770b6541c9cbc83cdc260f2e287b4 DependenciesID=eabed4a1fef86bdef4fc0ff8fe149592 StaticDependenciesID=5db21d4890e2c45b46f268db69e06a98 
Number of updated asset objects reloaded before import = 0
Number of asset objects unloaded after import = 0
========================================================================
Received Import Request.
  Time of request: 2026-10-01T19:11:24.934196Z
  Time since last request: 0.000297833 seconds.
  importAddress: GUID: 3710fe6aef52449b9c9bbf0b17ae6960 - Path: Packages/com.unity.test-framework/UnityEditor.TestRunner/TestRun/Tasks/SetInteractionModeTask.cs - Importer: ScriptedImporter/UnityEditor.QuickSearchModule:UnityEditor.Search:ASIAI0B
Importing 'GUID: 3710fe6aef52449b9c9bbf0b17ae6960 - Path: Packages/com.unity.test-framework/UnityEditor.TestRunner/TestRun/Tasks/SetInteractionModeTask.cs - Importer: ScriptedImporter/UnityEditor.QuickSearchModule:UnityEditor.Search:ASIAI0B' with importer (ScriptedImporter : UnityEditor.QuickSearchModule:UnityEditor.Search:ASIAI0B)
Imported 'GUID: 3710fe6aef52449b9c9bbf0b17ae6960' -> (Import Result ID: '54a2550347e975d91a6177f37c623a19') in 0.001 seconds [static and dynamic dependencies]. Details - ImportResultOutputID=0c5732eca076bd0924fc2b1bf1949fce DependenciesID=009584bf692b15e6e47fb683aa862290 StaticDependenciesID=3206787c1b4a5202ed61f1328d559e2d 
Number of updated asset objects reloaded before import = 0
Number of asset objects unloaded after import = 0
========================================================================
Received Import Request.
  Time of request: 2026-10-01T19:11:24.935288Z
  Time since last request: 0.000185542 seconds.
  importAddress: GUID: 423fe2ef878fa1140a7e1f7f9e365815 - Path: Packages/com.unity.test-framework/UnityEditor.TestRunner/UnityTestProtocol/Messages/TestFinishedMessage.cs - Importer: ScriptedImporter/UnityEditor.QuickSearchModule:UnityEditor.Search:ASIAI0B
Importing 'GUID: 423fe2ef878fa1140a7e1f7f9e365815 - Path: Packages/com.unity.test-framework/UnityEditor.TestRunner/UnityTestProtocol/Messages/TestFinishedMessage.cs - Importer: ScriptedImporter/UnityEditor.QuickSearchModule:UnityEditor.Search:ASIAI0B' with importer (ScriptedImporter : UnityEditor.QuickSearchModule:UnityEditor.Search:ASIAI0B)
Imported 'GUID: 423fe2ef878fa1140a7e1f7f9e365815' -> (Import Result ID: 'ae423d8a4d577441b7bfac41489dd191') in 0.001 seconds [static and dynamic dependencies]. Details - ImportResultOutputID=3c945c675d537553ce7d17fc89ebaec1 DependenciesID=ba2e00a452b7fdefbe5519cc2d516796 StaticDependenciesID=b5739470981549a9426d026a5699d45f 
Number of updated asset objects reloaded before import = 0
Number of asset objects unloaded after import = 0
========================================================================
Received Import Request.
  Time of request: 2026-10-01T19:11:24.936516Z
  Time since last request: 0.000247166 seconds.
  importAddress: GUID: 9f33b8e923ff41deaa73bc2c1f90d9a1 - Path: Packages/com.unity.test-framework/UnityEditor.TestRunner/UnityTestProtocol/Messages/PlayerSystemInfoMessage.cs - Importer: ScriptedImporter/UnityEditor.QuickSearchModule:UnityEditor.Search:ASIAI0B
Importing 'GUID: 9f33b8e923ff41deaa73bc2c1f90d9a1 - Path: Packages/com.unity.test-framework/UnityEditor.TestRunner/UnityTestProtocol/Messages/PlayerSystemInfoMessage.cs - Importer: ScriptedImporter/UnityEditor.QuickSearchModule:UnityEditor.Search:ASIAI0B' with importer (ScriptedImporter : UnityEditor.QuickSearchModule:UnityEditor.Search:ASIAI0B)
Imported 'GUID: 9f33b8e923ff41deaa73bc2c1f90d9a1' -> (Import Result ID: '3e65e66cb054d42bb45bf9ba274c9176') in 0.001 seconds [static and dynamic dependencies]. Details - ImportResultOutputID=7baeb173c33a19437aa018ebc944f0d9 DependenciesID=c228bfbc3d35caf9aa1942e090a87f36 StaticDependenciesID=887276e85bb3860acc5df9250c434a27 
Number of updated asset objects reloaded before import = 0
Number of asset objects unloaded after import = 0
========================================================================
Received Import Request.
  Time of request: 2026-10-01T19:11:24.937854Z
  Time since last request: 0.000291833 seconds.
  importAddress: GUID: 28c8fcb831e6e734a9f564bc4f495eba - Path: Packages/com.unity.test-framework/UnityEditor.TestRunner/TestRunner/Utils/IEditorCompilationInterfaceProxy.cs - Importer: ScriptedImporter/UnityEditor.QuickSearchModule:UnityEditor.Search:ASIAI0B
Importing 'GUID: 28c8fcb831e6e734a9f564bc4f495eba - Path: Packages/com.unity.test-framework/UnityEditor.TestRunner/TestRunner/Utils/IEditorCompilationInterfaceProxy.cs - Importer: ScriptedImporter/UnityEditor.QuickSearchModule:UnityEditor.Search:ASIAI0B' with importer (ScriptedImporter : UnityEditor.QuickSearchModule:UnityEditor.Search:ASIAI0B)
Imported 'GUID: 28c8fcb831e6e734a9f564bc4f495eba' -> (Import Result ID: 'beba6a435ff0a1b6b1b1342dac171173') in 0.001 seconds [static and dynamic dependencies]. Details - ImportResultOutputID=e0b8d5c774d035349abfc254cd3ad106 DependenciesID=e170e675c6663c0cccba2fe51672682d StaticDependenciesID=7f22ee7c5d5a2a56474add629a68c290 
Number of updated asset objects reloaded before import = 0
Number of asset objects unloaded after import = 0
========================================================================
Received Import Request.
  Time of request: 2026-10-01T19:11:24.939013Z
  Time since last request: 0.00023925 seconds.
  importAddress: GUID: bd3e81baa10021f4d877fa36382bab16 - Path: Packages/com.unity.test-framework/UnityEditor.TestRunner/UnityTestProtocol/Messages/TestStartedMessage.cs - Importer: ScriptedImporter/UnityEditor.QuickSearchModule:UnityEditor.Search:ASIAI0B
Importing 'GUID: bd3e81baa10021f4d877fa36382bab16 - Path: Packages/com.unity.test-framework/UnityEditor.TestRunner/UnityTestProtocol/Messages/TestStartedMessage.cs - Importer: ScriptedImporter/UnityEditor.QuickSearchModule:UnityEditor.Search:ASIAI0B' with importer (ScriptedImporter : UnityEditor.QuickSearchModule:UnityEditor.Search:ASIAI0B)
Imported 'GUID: bd3e81baa10021f4d877fa36382bab16' -> (Import Result ID: 'a0c1c35d419a527405be4ba6c2ab57f2') in 0.001 seconds [static and dynamic dependencies]. Details - ImportResultOutputID=ff11d7f1aa811654a8869f0515a88bb9 DependenciesID=718871274e73101a27bf765fc5b65b5a StaticDependenciesID=80b36fb42a0e7bc3e551e7bdc37c2ac1 
Number of updated asset objects reloaded before import = 0
Number of asset objects unloaded after import = 0
========================================================================
Received Import Request.
  Time of request: 2026-10-01T19:11:24.939957Z
  Time since last request: 0.00020125 seconds.
  importAddress: GUID: cc6401f13df54ba44bfd7cdc93c7d64d - Path: Packages/com.unity.test-framework/UnityEngine.TestRunner/NUnitExtensions/Attributes/UnitySetUpAttribute.cs - Importer: ScriptedImporter/UnityEditor.QuickSearchModule:UnityEditor.Search:ASIAI0B
Importing 'GUID: cc6401f13df54ba44bfd7cdc93c7d64d - Path: Packages/com.unity.test-framework/UnityEngine.TestRunner/NUnitExtensions/Attributes/UnitySetUpAttribute.cs - Importer: ScriptedImporter/UnityEditor.QuickSearchModule:UnityEditor.Search:ASIAI0B' with importer (ScriptedImporter : UnityEditor.QuickSearchModule:UnityEditor.Search:ASIAI0B)
Imported 'GUID: cc6401f13df54ba44bfd7cdc93c7d64d' -> (Import Result ID: '6ee002dbe2fa550618f9a3ddd8d27179') in 0.001 seconds [static and dynamic dependencies]. Details - ImportResultOutputID=1e703088f3f3f9f88f1b50160f207ed2 DependenciesID=7315ac9195c9b8b99badcecf9f4abd9b StaticDependenciesID=8a1b186c2777e84459e28d2cfb1a81aa 
Number of updated asset objects reloaded before import = 0
Number of asset objects unloaded after import = 0
========================================================================
Received Import Request.
  Time of request: 2026-10-01T19:11:24.94138Z
  Time since last request: 0.000235625 seconds.
  importAddress: GUID: b1694e597ba745169b292914291c136b - Path: Packages/com.unity.test-framework/UnityEditor.TestRunner/TestRun/Tasks/PreparePlayModeRunTask.cs - Importer: ScriptedImporter/UnityEditor.QuickSearchModule:UnityEditor.Search:ASIAI0B
Importing 'GUID: b1694e597ba745169b292914291c136b - Path: Packages/com.unity.test-framework/UnityEditor.TestRunner/TestRun/Tasks/PreparePlayModeRunTask.cs - Importer: ScriptedImporter/UnityEditor.QuickSearchModule:UnityEditor.Search:ASIAI0B' with importer (ScriptedImporter : UnityEditor.QuickSearchModule:UnityEditor.Search:ASIAI0B)
Imported 'GUID: b1694e597ba745169b292914291c136b' -> (Import Result ID: '41ef108f817be1b062dc3f0afcb580d7') in 0.001 seconds [static and dynamic dependencies]. Details - ImportResultOutputID=7ecdaf7a315bd9712e41c70847da76c6 DependenciesID=d5b9cc8e134098d39cb5fcf36353b5df StaticDependenciesID=7ca87d9424ed9e8276d622cddfe04f32 
Number of updated asset objects reloaded before import = 0
Number of asset objects unloaded after import = 0
========================================================================
Received Import Request.
  Time of request: 2026-10-01T19:11:24.942638Z
  Time since last request: 0.000187584 seconds.
  importAddress: GUID: ff0aad009559b814ffc27001341fc1c3 - Path: Packages/com.unity.test-framework/UnityEngine.TestRunner/NUnitExtensions/Attributes/EnumeratorHelper.cs - Importer: ScriptedImporter/UnityEditor.QuickSearchModule:UnityEditor.Search:ASIAI0B
Importing 'GUID: ff0aad009559b814ffc27001341fc1c3 - Path: Packages/com.unity.test-framework/UnityEngine.TestRunner/NUnitExtensions/Attributes/EnumeratorHelper.cs - Importer: ScriptedImporter/UnityEditor.QuickSearchModule:UnityEditor.Search:ASIAI0B' with importer (ScriptedImporter : UnityEditor.QuickSearchModule:UnityEditor.Search:ASIAI0B)
Imported 'GUID: ff0aad009559b814ffc27001341fc1c3' -> (Import Result ID: '478865471ddcd74fc65dfa2a3cde9538') in 0.002 seconds [static and dynamic dependencies]. Details - ImportResultOutputID=f6b8286961ac683c83f7e81d383800ee DependenciesID=2626758de2ace89a2af07b10d5fd343b StaticDependenciesID=41aa532b1db034c3a84ba42fcd3847e7 
Number of updated asset objects reloaded before import = 0
Number of asset objects unloaded after import = 0
========================================================================
Received Import Request.
  Time of request: 2026-10-01T19:11:24.944688Z
  Time since last request: 0.000267458 seconds.
  importAddress: GUID: aa5e75ed0aae4030a1720d08f7a5322e - Path: Packages/com.unity.test-framework/UnityEditor.TestRunner/UnityTestProtocol/Messages/PlayerSettingsMessage.cs - Importer: ScriptedImporter/UnityEditor.QuickSearchModule:UnityEditor.Search:ASIAI0B
Importing 'GUID: aa5e75ed0aae4030a1720d08f7a5322e - Path: Packages/com.unity.test-framework/UnityEditor.TestRunner/UnityTestProtocol/Messages/PlayerSettingsMessage.cs - Importer: ScriptedImporter/UnityEditor.QuickSearchModule:UnityEditor.Search:ASIAI0B' with importer (ScriptedImporter : UnityEditor.QuickSearchModule:UnityEditor.Search:ASIAI0B)
Imported 'GUID: aa5e75ed0aae4030a1720d08f7a5322e' -> (Import Result ID: '9a35469d2fa5ae13bc373ad313d73abe') in 0.001 seconds [static and dynamic dependencies]. Details - ImportResultOutputID=a2e8c532255f95ab610e33c8506175b9 DependenciesID=8a34bc483a0c82791f680af2229b355e StaticDependenciesID=8821ac3868c342112ce00680aa35a260 
Number of updated asset objects reloaded before import = 0
Number of asset objects unloaded after import = 0
========================================================================
Received Import Request.
  Time of request: 2026-10-01T19:11:24.945993Z
  Time since last request: 0.000233958 seconds.
  importAddress: GUID: 9945ffed4692c6044b6d3acf81efd694 - Path: Packages/com.unity.test-framework/UnityEngine.TestRunner/Assertions/LogScope/LogMatch.cs - Importer: ScriptedImporter/UnityEditor.QuickSearchModule:UnityEditor.Search:ASIAI0B
Importing 'GUID: 9945ffed4692c6044b6d3acf81efd694 - Path: Packages/com.unity.test-framework/UnityEngine.TestRunner/Assertions/LogScope/LogMatch.cs - Importer: ScriptedImporter/UnityEditor.QuickSearchModule:UnityEditor.Search:ASIAI0B' with importer (ScriptedImporter : UnityEditor.QuickSearchModule:UnityEditor.Search:ASIAI0B)
Imported 'GUID: 9945ffed4692c6044b6d3acf81efd694' -> (Import Result ID: '63b90fdb91b795d6ac805b4eeced7ebe') in 0.001 seconds [static and dynamic dependencies]. Details - ImportResultOutputID=6961e3c069a9e6ec641655de3cf3d59b DependenciesID=eef7e5078663e253c2fd68486a4840f5 StaticDependenciesID=de3ddb5f0b655cd56a6ed1b9d1f468c9 
Number of updated asset objects reloaded before import = 0
Number of asset objects unloaded after import = 0
========================================================================
Received Import Request.
  Time of request: 2026-10-01T19:11:24.947106Z
  Time since last request: 0.000204792 seconds.
  importAddress: GUID: 98808b11e78f6c84a841a6b4bc5a29d2 - Path: Packages/com.unity.test-framework/UnityEditor.TestRunner/TestRunner/Utils/IEditorAssembliesProxy.cs - Importer: ScriptedImporter/UnityEditor.QuickSearchModule:UnityEditor.Search:ASIAI0B
Importing 'GUID: 98808b11e78f6c84a841a6b4bc5a29d2 - Path: Packages/com.unity.test-framework/UnityEditor.TestRunner/TestRunner/Utils/IEditorAssembliesProxy.cs - Importer: ScriptedImporter/UnityEditor.QuickSearchModule:UnityEditor.Search:ASIAI0B' with importer (ScriptedImporter : UnityEditor.QuickSearchModule:UnityEditor.Search:ASIAI0B)
Imported 'GUID: 98808b11e78f6c84a841a6b4bc5a29d2' -> (Import Result ID: '0250f782384e8a68f9b0f72f3f857733') in 0.001 seconds [static and dynamic dependencies]. Details - ImportResultOutputID=6c0400b9a401fe899e27ebfaec843b40 DependenciesID=8eb2cb3e2922a85ebfac7f17a6764eac StaticDependenciesID=e10b73fa3c611ebcbb3e4de6846fa693 
Number of updated asset objects reloaded before import = 0
Number of asset objects unloaded after import = 0
========================================================================
Received Import Request.
  Time of request: 2026-10-01T19:11:24.948072Z
  Time since last request: 0.000200667 seconds.
  importAddress: GUID: a398fde47a0349a40a9bdf8988c392c9 - Path: Packages/com.unity.test-framework/UnityEditor.TestRunner/TestRun/Tasks/RegisterFilesForCleanupVerificationTask.cs - Importer: ScriptedImporter/UnityEditor.QuickSearchModule:UnityEditor.Search:ASIAI0B
Importing 'GUID: a398fde47a0349a40a9bdf8988c392c9 - Path: Packages/com.unity.test-framework/UnityEditor.TestRunner/TestRun/Tasks/RegisterFilesForCleanupVerificationTask.cs - Importer: ScriptedImporter/UnityEditor.QuickSearchModule:UnityEditor.Search:ASIAI0B' with importer (ScriptedImporter : UnityEditor.QuickSearchModule:UnityEditor.Search:ASIAI0B)
Imported 'GUID: a398fde47a0349a40a9bdf8988c392c9' -> (Import Result ID: '6121f5327a0e1c0b51ce055021e99eaa') in 0.001 seconds [static and dynamic dependencies]. Details - ImportResultOutputID=4ba9675d863dec0f05f63c6a53836be7 DependenciesID=f8f45e68b9643265988c6d397cf6bd41 StaticDependenciesID=35a6c7ec08c4327246cdefc32ac1e329 
Number of updated asset objects reloaded before import = 0
Number of asset objects unloaded after import = 0
========================================================================
Received Import Request.
  Time of request: 2026-10-01T19:11:24.94906Z
  Time since last request: 0.00025475 seconds.
  importAddress: GUID: 4bbc17b35884fdf468e4b52ae4222882 - Path: Packages/com.unity.test-framework/UnityEngine.TestRunner/Assertions/LogScope/LogScope.cs - Importer: ScriptedImporter/UnityEditor.QuickSearchModule:UnityEditor.Search:ASIAI0B
Importing 'GUID: 4bbc17b35884fdf468e4b52ae4222882 - Path: Packages/com.unity.test-framework/UnityEngine.TestRunner/Assertions/LogScope/LogScope.cs - Importer: ScriptedImporter/UnityEditor.QuickSearchModule:UnityEditor.Search:ASIAI0B' with importer (ScriptedImporter : UnityEditor.QuickSearchModule:UnityEditor.Search:ASIAI0B)
Imported 'GUID: 4bbc17b35884fdf468e4b52ae4222882' -> (Import Result ID: 'aaab0d62acbe88516d10a5addd5dddef') in 0.001 seconds [static and dynamic dependencies]. Details - ImportResultOutputID=1a50e1b6f1d947906ccae9bd136a7939 DependenciesID=186290ff709b01e004aa877321ca33d6 StaticDependenciesID=28e8db9e6c299cdd2c6f1d27de6eeef0 
Number of updated asset objects reloaded before import = 0
Number of asset objects unloaded after import = 0
========================================================================
Received Import Request.
  Time of request: 2026-10-01T19:11:24.949995Z
  Time since last request: 0.000246625 seconds.
  importAddress: GUID: 5db0e0c612cd489a89d330acbc4ac585 - Path: Packages/com.unity.test-framework/UnityEditor.TestRunner/TestRun/Tasks/ResetInteractionModeTask.cs - Importer: ScriptedImporter/UnityEditor.QuickSearchModule:UnityEditor.Search:ASIAI0B
Importing 'GUID: 5db0e0c612cd489a89d330acbc4ac585 - Path: Packages/com.unity.test-framework/UnityEditor.TestRunner/TestRun/Tasks/ResetInteractionModeTask.cs - Importer: ScriptedImporter/UnityEditor.QuickSearchModule:UnityEditor.Search:ASIAI0B' with importer (ScriptedImporter : UnityEditor.QuickSearchModule:UnityEditor.Search:ASIAI0B)
Imported 'GUID: 5db0e0c612cd489a89d330acbc4ac585' -> (Import Result ID: 'd4ae1ef46c2d25c93b81fd607676ba6d') in 0.001 seconds [static and dynamic dependencies]. Details - ImportResultOutputID=8ed2a06bd7f181195425cbfe8acf6314 DependenciesID=a87b94eb86126d0b854643df8bfce5ac StaticDependenciesID=04d739abc6f5939d215a5b95521d66db 
Number of updated asset objects reloaded before import = 0
Number of asset objects unloaded after import = 0
========================================================================
Received Import Request.
  Time of request: 2026-10-01T19:11:24.951173Z
  Time since last request: 0.0002635 seconds.
  importAddress: GUID: 82075836be5e0c64bbe84e1f9436682e - Path: Packages/com.unity.test-framework/UnityEditor.TestRunner/TestRunner/Callbacks/WindowResultUpdaterDataHolder.cs - Importer: ScriptedImporter/UnityEditor.QuickSearchModule:UnityEditor.Search:ASIAI0B
Importing 'GUID: 82075836be5e0c64bbe84e1f9436682e - Path: Packages/com.unity.test-framework/UnityEditor.TestRunner/TestRunner/Callbacks/WindowResultUpdaterDataHolder.cs - Importer: ScriptedImporter/UnityEditor.QuickSearchModule:UnityEditor.Search:ASIAI0B' with importer (ScriptedImporter : UnityEditor.QuickSearchModule:UnityEditor.Search:ASIAI0B)
Imported 'GUID: 82075836be5e0c64bbe84e1f9436682e' -> (Import Result ID: '292236eb3b7bcff6a11160808be51772') in 0.001 seconds [static and dynamic dependencies]. Details - ImportResultOutputID=38ff365a649bd2d714a6a5cc128bc3e3 DependenciesID=d20b79cf978701de4e86373780f31ed1 StaticDependenciesID=3c0fb44eaf8bd3ebd9165764dfe85c09 
Number of updated asset objects reloaded before import = 0
Number of asset objects unloaded after import = 0
========================================================================
Received Import Request.
  Time of request: 2026-10-01T19:11:24.952272Z
  Time since last request: 0.000226792 seconds.
  importAddress: GUID: 25d1ed297163243c4a20d6321d057844 - Path: Packages/com.unity.test-framework/UnityEditor.TestRunner/TestRun/Tasks/PrebuildSetupWithTestDataTask.cs - Importer: ScriptedImporter/UnityEditor.QuickSearchModule:UnityEditor.Search:ASIAI0B
Importing 'GUID: 25d1ed297163243c4a20d6321d057844 - Path: Packages/com.unity.test-framework/UnityEditor.TestRunner/TestRun/Tasks/PrebuildSetupWithTestDataTask.cs - Importer: ScriptedImporter/UnityEditor.QuickSearchModule:UnityEditor.Search:ASIAI0B' with importer (ScriptedImporter : UnityEditor.QuickSearchModule:UnityEditor.Search:ASIAI0B)
Imported 'GUID: 25d1ed297163243c4a20d6321d057844' -> (Import Result ID: '6b02fb8e735e46fb9f156cdcb45eda46') in 0.001 seconds [static and dynamic dependencies]. Details - ImportResultOutputID=05efd95ef4de54dc22209c8681a9fc8d DependenciesID=bb110b2f53a894e7650338dc2853da96 StaticDependenciesID=b91c6f696c0638a3cb51da0095942f31 
Number of updated asset objects reloaded before import = 0
Number of asset objects unloaded after import = 0
========================================================================
Received Import Request.
  Time of request: 2026-10-01T19:11:24.953277Z
  Time since last request: 0.000218291 seconds.
  importAddress: GUID: 3504aa04cda851b44a65973f9aead6f7 - Path: Packages/com.unity.test-framework/UnityEngine.TestRunner/Assertions/LogScope/ILogScope.cs - Importer: ScriptedImporter/UnityEditor.QuickSearchModule:UnityEditor.Search:ASIAI0B
Importing 'GUID: 3504aa04cda851b44a65973f9aead6f7 - Path: Packages/com.unity.test-framework/UnityEngine.TestRunner/Assertions/LogScope/ILogScope.cs - Importer: ScriptedImporter/UnityEditor.QuickSearchModule:UnityEditor.Search:ASIAI0B' with importer (ScriptedImporter : UnityEditor.QuickSearchModule:UnityEditor.Search:ASIAI0B)
Imported 'GUID: 3504aa04cda851b44a65973f9aead6f7' -> (Import Result ID: '0c92c26d2a594cccc35d69cabfdc8c66') in 0.001 seconds [static and dynamic dependencies]. Details - ImportResultOutputID=cbf3298a26d11e8e00704fd56634f864 DependenciesID=95f40981543508be1be8fd6eab8818dc StaticDependenciesID=82f9d13342a570e8253f4015680cf58a 
Number of updated asset objects reloaded before import = 0
Number of asset objects unloaded after import = 0
========================================================================
Received Import Request.
  Time of request: 2026-10-01T19:11:24.954359Z
  Time since last request: 0.000187667 seconds.
  importAddress: GUID: 9729063e08c4a4e438070c8319aff5f5 - Path: Packages/com.unity.test-framework/UnityEditor.TestRunner/TestRun/Tasks/UnlockReloadAssembliesTask.cs - Importer: ScriptedImporter/UnityEditor.QuickSearchModule:UnityEditor.Search:ASIAI0B
Importing 'GUID: 9729063e08c4a4e438070c8319aff5f5 - Path: Packages/com.unity.test-framework/UnityEditor.TestRunner/TestRun/Tasks/UnlockReloadAssembliesTask.cs - Importer: ScriptedImporter/UnityEditor.QuickSearchModule:UnityEditor.Search:ASIAI0B' with importer (ScriptedImporter : UnityEditor.QuickSearchModule:UnityEditor.Search:ASIAI0B)
Imported 'GUID: 9729063e08c4a4e438070c8319aff5f5' -> (Import Result ID: 'bb1bb6c501463be3f1bbe17ed869b16a') in 0.001 seconds [static and dynamic dependencies]. Details - ImportResultOutputID=7f0bb95b91fdea0a272e41c6fd095473 DependenciesID=bea86721a1e4f8a4cdd33e38ccce55cb StaticDependenciesID=8abfc6d5d898bf4e70b5820457874eeb 
Number of updated asset objects reloaded before import = 0
Number of asset objects unloaded after import = 0
========================================================================
Received Import Request.
  Time of request: 2026-10-01T19:11:24.955426Z
  Time since last request: 0.000246083 seconds.
  importAddress: GUID: f1b6399349763114d9361bc6dfcd025b - Path: Packages/com.unity.test-framework/UnityEditor.TestRunner/TestRunner/Utils/TestListCacheData.cs - Importer: ScriptedImporter/UnityEditor.QuickSearchModule:UnityEditor.Search:ASIAI0B
Importing 'GUID: f1b6399349763114d9361bc6dfcd025b - Path: Packages/com.unity.test-framework/UnityEditor.TestRunner/TestRunner/Utils/TestListCacheData.cs - Importer: ScriptedImporter/UnityEditor.QuickSearchModule:UnityEditor.Search:ASIAI0B' with importer (ScriptedImporter : UnityEditor.QuickSearchModule:UnityEditor.Search:ASIAI0B)
Imported 'GUID: f1b6399349763114d9361bc6dfcd025b' -> (Import Result ID: 'bf6d564985a8c489d7552fc6c50b59e3') in 0.001 seconds [static and dynamic dependencies]. Details - ImportResultOutputID=6538bbf2af7b879a0e337c228304ef8e DependenciesID=8bcf3a0ce4ed085d3ef4031ff5933748 StaticDependenciesID=2917e224c9dffc2ed7b605c9e640b410 
Number of updated asset objects reloaded before import = 0
Number of asset objects unloaded after import = 0
========================================================================
Received Import Request.
  Time of request: 2026-10-01T19:11:24.956638Z
  Time since last request: 0.000210417 seconds.
  importAddress: GUID: 3b3dcba2081245eb916aee8fd3459fc8 - Path: Packages/com.unity.test-framework/UnityEditor.TestRunner/UnityTestProtocol/Messages/BuildSettingsMessage.cs - Importer: ScriptedImporter/UnityEditor.QuickSearchModule:UnityEditor.Search:ASIAI0B
Importing 'GUID: 3b3dcba2081245eb916aee8fd3459fc8 - Path: Packages/com.unity.test-framework/UnityEditor.TestRunner/UnityTestProtocol/Messages/BuildSettingsMessage.cs - Importer: ScriptedImporter/UnityEditor.QuickSearchModule:UnityEditor.Search:ASIAI0B' with importer (ScriptedImporter : UnityEditor.QuickSearchModule:UnityEditor.Search:ASIAI0B)
Imported 'GUID: 3b3dcba2081245eb916aee8fd3459fc8' -> (Import Result ID: '48b71b61f94fdecc7c95ae85b6fd4a49') in 0.001 seconds [static and dynamic dependencies]. Details - ImportResultOutputID=2cd72d756430c504282e92fd84f3e157 DependenciesID=97095aa6cdad80b26ffceea60e065927 StaticDependenciesID=2d3dd3323d43018dcfcef058eda1affc 
Number of updated asset objects reloaded before import = 0
Number of asset objects unloaded after import = 0
========================================================================
Received Import Request.
  Time of request: 2026-10-01T19:11:24.958046Z
  Time since last request: 0.0002535 seconds.
  importAddress: GUID: e9c53c5109a7498ca4408e53f2593b1a - Path: Packages/com.unity.test-framework/UnityEngine.TestRunner/NUnitExtensions/Attributes/ParametrizedIgnoreAttribute.cs - Importer: ScriptedImporter/UnityEditor.QuickSearchModule:UnityEditor.Search:ASIAI0B
Importing 'GUID: e9c53c5109a7498ca4408e53f2593b1a - Path: Packages/com.unity.test-framework/UnityEngine.TestRunner/NUnitExtensions/Attributes/ParametrizedIgnoreAttribute.cs - Importer: ScriptedImporter/UnityEditor.QuickSearchModule:UnityEditor.Search:ASIAI0B' with importer (ScriptedImporter : UnityEditor.QuickSearchModule:UnityEditor.Search:ASIAI0B)
Imported 'GUID: e9c53c5109a7498ca4408e53f2593b1a' -> (Import Result ID: '311cd16ce0f3d62d05dc02a300bbc317') in 0.001 seconds [static and dynamic dependencies]. Details - ImportResultOutputID=dd485be8742613d068e17bcb37562cda DependenciesID=536eb008585592fdb4e88e74e7c4fb87 StaticDependenciesID=6bc2ab64498717a7a0229a8738357471 
Number of updated asset objects reloaded before import = 0
Number of asset objects unloaded after import = 0
========================================================================
Received Import Request.
  Time of request: 2026-10-01T19:11:24.959292Z
  Time since last request: 0.000253709 seconds.
  importAddress: GUID: 7af6ac3e6b51b8d4aab04adc85b8de2f - Path: Packages/com.unity.test-framework/UnityEngine.TestRunner/NUnitExtensions/Attributes/UnityCombinatorialStrategy.cs - Importer: ScriptedImporter/UnityEditor.QuickSearchModule:UnityEditor.Search:ASIAI0B
Importing 'GUID: 7af6ac3e6b51b8d4aab04adc85b8de2f - Path: Packages/com.unity.test-framework/UnityEngine.TestRunner/NUnitExtensions/Attributes/UnityCombinatorialStrategy.cs - Importer: ScriptedImporter/UnityEditor.QuickSearchModule:UnityEditor.Search:ASIAI0B' with importer (ScriptedImporter : UnityEditor.QuickSearchModule:UnityEditor.Search:ASIAI0B)
Imported 'GUID: 7af6ac3e6b51b8d4aab04adc85b8de2f' -> (Import Result ID: '525dcc5ab6f49f8e33a193b1419b3680') in 0.001 seconds [static and dynamic dependencies]. Details - ImportResultOutputID=27ca06e6ec462c0f3aeaf32adb4d44c0 DependenciesID=a4b0be49df68246e3c0d07954844d7b9 StaticDependenciesID=1ca27ee11aa5dc5cb5b2d549838eccb1 
Number of updated asset objects reloaded before import = 0
Number of asset objects unloaded after import = 0
========================================================================
Received Import Request.
  Time of request: 2026-10-01T19:11:24.960345Z
  Time since last request: 0.000227666 seconds.
  importAddress: GUID: 7b9e2c4a8f1d6b3e5a0c8d2f4e6b1a9c - Path: Packages/com.unity.test-framework/UnityEngine.TestRunner/NUnitExtensions/Attributes/PlayModeTestsAttribute.cs - Importer: ScriptedImporter/UnityEditor.QuickSearchModule:UnityEditor.Search:ASIAI0B
Importing 'GUID: 7b9e2c4a8f1d6b3e5a0c8d2f4e6b1a9c - Path: Packages/com.unity.test-framework/UnityEngine.TestRunner/NUnitExtensions/Attributes/PlayModeTestsAttribute.cs - Importer: ScriptedImporter/UnityEditor.QuickSearchModule:UnityEditor.Search:ASIAI0B' with importer (ScriptedImporter : UnityEditor.QuickSearchModule:UnityEditor.Search:ASIAI0B)
Imported 'GUID: 7b9e2c4a8f1d6b3e5a0c8d2f4e6b1a9c' -> (Import Result ID: 'f82f3e0f8ae54584c1a17fdb9d485773') in 0.001 seconds [static and dynamic dependencies]. Details - ImportResultOutputID=6a25b4d21b29ea1a046de9fc0cc2be7d DependenciesID=0b8da18eed4fbb126fcaa9bb36bc7b0f StaticDependenciesID=ede68a3ab0441d71ecedf355e23cd401 
Number of updated asset objects reloaded before import = 0
Number of asset objects unloaded after import = 0
========================================================================
Received Import Request.
  Time of request: 2026-10-01T19:11:24.961837Z
  Time since last request: 0.000470542 seconds.
  importAddress: GUID: 6d468ee3657be7a43a2ef2178ec14239 - Path: Packages/com.unity.test-framework/UnityEditor.TestRunner/TestRunner/Callbacks/WindowResultUpdater.cs - Importer: ScriptedImporter/UnityEditor.QuickSearchModule:UnityEditor.Search:ASIAI0B
Importing 'GUID: 6d468ee3657be7a43a2ef2178ec14239 - Path: Packages/com.unity.test-framework/UnityEditor.TestRunner/TestRunner/Callbacks/WindowResultUpdater.cs - Importer: ScriptedImporter/UnityEditor.QuickSearchModule:UnityEditor.Search:ASIAI0B' with importer (ScriptedImporter : UnityEditor.QuickSearchModule:UnityEditor.Search:ASIAI0B)
Imported 'GUID: 6d468ee3657be7a43a2ef2178ec14239' -> (Import Result ID: '857dbcb817008d416fb7b35bdc95cb5b') in 0.001 seconds [static and dynamic dependencies]. Details - ImportResultOutputID=d1d27826b8f0040dc15e19e29ea00234 DependenciesID=5235edd7b35c0fedcf507a83b406b7d3 StaticDependenciesID=98f60fbd46177e15c53345dda2cc15a9 
Number of updated asset objects reloaded before import = 0
Number of asset objects unloaded after import = 0
========================================================================
Received Import Request.
  Time of request: 2026-10-01T19:11:24.963085Z
  Time since last request: 0.000241167 seconds.
  importAddress: GUID: 408674d91d506a54aac9a7f07951c018 - Path: Packages/com.unity.test-framework/UnityEditor.TestRunner/TestRunner/Messages/ExitPlayMode.cs - Importer: ScriptedImporter/UnityEditor.QuickSearchModule:UnityEditor.Search:ASIAI0B
Importing 'GUID: 408674d91d506a54aac9a7f07951c018 - Path: Packages/com.unity.test-framework/UnityEditor.TestRunner/TestRunner/Messages/ExitPlayMode.cs - Importer: ScriptedImporter/UnityEditor.QuickSearchModule:UnityEditor.Search:ASIAI0B' with importer (ScriptedImporter : UnityEditor.QuickSearchModule:UnityEditor.Search:ASIAI0B)
Imported 'GUID: 408674d91d506a54aac9a7f07951c018' -> (Import Result ID: '75c4a5fb6ffddf659f2cde077c9073fa') in 0.001 seconds [static and dynamic dependencies]. Details - ImportResultOutputID=83d0d5ec6bc2496c6b4f762fde27ca7a DependenciesID=b7b567ccfdc554e78f7b0a8aa2c85c74 StaticDependenciesID=0f206f0e693adb6099b0841843c78bac 
Number of updated asset objects reloaded before import = 0
Number of asset objects unloaded after import = 0
========================================================================
Received Import Request.
  Time of request: 2026-10-01T19:11:24.964227Z
  Time since last request: 0.000210792 seconds.
  importAddress: GUID: fc039194235714f48a39bd364885e744 - Path: Packages/com.unity.test-framework/UnityEditor.TestRunner/TestRun/Tasks/PrebuildSetupTask.cs - Importer: ScriptedImporter/UnityEditor.QuickSearchModule:UnityEditor.Search:ASIAI0B
Importing 'GUID: fc039194235714f48a39bd364885e744 - Path: Packages/com.unity.test-framework/UnityEditor.TestRunner/TestRun/Tasks/PrebuildSetupTask.cs - Importer: ScriptedImporter/UnityEditor.QuickSearchModule:UnityEditor.Search:ASIAI0B' with importer (ScriptedImporter : UnityEditor.QuickSearchModule:UnityEditor.Search:ASIAI0B)
Imported 'GUID: fc039194235714f48a39bd364885e744' -> (Import Result ID: '15f27ef9c21c3a4cf3dd16fdd0b72f9c') in 0.001 seconds [static and dynamic dependencies]. Details - ImportResultOutputID=1b9646ddcf4862ae7b970915d55d1038 DependenciesID=d0503ab79e07700bfeab2df3c6fda315 StaticDependenciesID=f03b00a9d12f5cd25a496c576f2b53c6 
Number of updated asset objects reloaded before import = 0
Number of asset objects unloaded after import = 0
========================================================================
Received Import Request.
  Time of request: 2026-10-01T19:11:24.965282Z
  Time since last request: 0.000228333 seconds.
  importAddress: GUID: c9b23632c77de204abfe8bf7168d48c0 - Path: Packages/com.unity.test-framework/UnityEditor.TestRunner/TestRunner/Utils/EditorCompilationInterfaceProxy.cs - Importer: ScriptedImporter/UnityEditor.QuickSearchModule:UnityEditor.Search:ASIAI0B
Importing 'GUID: c9b23632c77de204abfe8bf7168d48c0 - Path: Packages/com.unity.test-framework/UnityEditor.TestRunner/TestRunner/Utils/EditorCompilationInterfaceProxy.cs - Importer: ScriptedImporter/UnityEditor.QuickSearchModule:UnityEditor.Search:ASIAI0B' with importer (ScriptedImporter : UnityEditor.QuickSearchModule:UnityEditor.Search:ASIAI0B)
Imported 'GUID: c9b23632c77de204abfe8bf7168d48c0' -> (Import Result ID: '2b9bbfdfa679862460cf135446d79f82') in 0.001 seconds [static and dynamic dependencies]. Details - ImportResultOutputID=35cd3c42a525b3e633a76eb408737ec9 DependenciesID=7e9a38474f69dd6f9bbda59659c0456c StaticDependenciesID=d03d29e7ceff43cb408137942d0aea90 
Number of updated asset objects reloaded before import = 0
Number of asset objects unloaded after import = 0
========================================================================
Received Import Request.
  Time of request: 2026-10-01T19:11:24.966523Z
  Time since last request: 0.000313792 seconds.
  importAddress: GUID: 5df3c21c5237c994db89660fbdfee07d - Path: Packages/com.unity.test-framework/UnityEditor.TestRunner/TestRunner/Messages/WaitForDomainReload.cs - Importer: ScriptedImporter/UnityEditor.QuickSearchModule:UnityEditor.Search:ASIAI0B
Importing 'GUID: 5df3c21c5237c994db89660fbdfee07d - Path: Packages/com.unity.test-framework/UnityEditor.TestRunner/TestRunner/Messages/WaitForDomainReload.cs - Importer: ScriptedImporter/UnityEditor.QuickSearchModule:UnityEditor.Search:ASIAI0B' with importer (ScriptedImporter : UnityEditor.QuickSearchModule:UnityEditor.Search:ASIAI0B)
Imported 'GUID: 5df3c21c5237c994db89660fbdfee07d' -> (Import Result ID: 'df754b02047cf4c621b8bbed1943007f') in 0.001 seconds [static and dynamic dependencies]. Details - ImportResultOutputID=068ddc7c291a6d03727384f2dcaa0cee DependenciesID=d61bfb352a1f456606a3cdf35d0e774b StaticDependenciesID=9ee6a0fd8bf1fafadc7381387fb45d43 
Number of updated asset objects reloaded before import = 0
Number of asset objects unloaded after import = 0
========================================================================
Received Import Request.
  Time of request: 2026-10-01T19:11:24.967569Z
  Time since last request: 0.000208833 seconds.
  importAddress: GUID: d685d97a1eb004f49afea0cc982ff728 - Path: Packages/com.unity.test-framework/UnityEditor.TestRunner/TestRunner/Utils/TestListCache.cs - Importer: ScriptedImporter/UnityEditor.QuickSearchModule:UnityEditor.Search:ASIAI0B
Importing 'GUID: d685d97a1eb004f49afea0cc982ff728 - Path: Packages/com.unity.test-framework/UnityEditor.TestRunner/TestRunner/Utils/TestListCache.cs - Importer: ScriptedImporter/UnityEditor.QuickSearchModule:UnityEditor.Search:ASIAI0B' with importer (ScriptedImporter : UnityEditor.QuickSearchModule:UnityEditor.Search:ASIAI0B)
Imported 'GUID: d685d97a1eb004f49afea0cc982ff728' -> (Import Result ID: '0a1a2921182e6cbac6867f00129b2daf') in 0.002 seconds [static and dynamic dependencies]. Details - ImportResultOutputID=093f69ab690ec4abf480d5a2defe5b38 DependenciesID=41975514554abeac869bccf642bb6acf StaticDependenciesID=37f24c60b45d44fd0743e3e5413359c9 
Number of updated asset objects reloaded before import = 0
Number of asset objects unloaded after import = 0
========================================================================
Received Import Request.
  Time of request: 2026-10-01T19:11:24.96957Z
  Time since last request: 0.00027475 seconds.
  importAddress: GUID: 02ef7627f46742ae83071af8bf22f1af - Path: Packages/com.unity.test-framework/UnityEditor.TestRunner/UnityTestProtocol/Messages/EditorVersionMessage.cs - Importer: ScriptedImporter/UnityEditor.QuickSearchModule:UnityEditor.Search:ASIAI0B
Importing 'GUID: 02ef7627f46742ae83071af8bf22f1af - Path: Packages/com.unity.test-framework/UnityEditor.TestRunner/UnityTestProtocol/Messages/EditorVersionMessage.cs - Importer: ScriptedImporter/UnityEditor.QuickSearchModule:UnityEditor.Search:ASIAI0B' with importer (ScriptedImporter : UnityEditor.QuickSearchModule:UnityEditor.Search:ASIAI0B)
Imported 'GUID: 02ef7627f46742ae83071af8bf22f1af' -> (Import Result ID: '5449a27383046ade6cb068fd4e5ad652') in 0.001 seconds [static and dynamic dependencies]. Details - ImportResultOutputID=429baae9a025a21d89e43c04873afe4c DependenciesID=72c1828ac039fa75a87f4cd81e204619 StaticDependenciesID=5f26d29d5a83c71b4ffb728839024dae 
Number of updated asset objects reloaded before import = 0
Number of asset objects unloaded after import = 0
========================================================================
Received Import Request.
  Time of request: 2026-10-01T19:11:24.970772Z
  Time since last request: 0.000216583 seconds.
  importAddress: GUID: dec9066d4afefe444be0dad3f137730d - Path: Packages/com.unity.test-framework/UnityEditor.TestRunner/TestRunner/Utils/TestListJob.cs - Importer: ScriptedImporter/UnityEditor.QuickSearchModule:UnityEditor.Search:ASIAI0B
Importing 'GUID: dec9066d4afefe444be0dad3f137730d - Path: Packages/com.unity.test-framework/UnityEditor.TestRunner/TestRunner/Utils/TestListJob.cs - Importer: ScriptedImporter/UnityEditor.QuickSearchModule:UnityEditor.Search:ASIAI0B' with importer (ScriptedImporter : UnityEditor.QuickSearchModule:UnityEditor.Search:ASIAI0B)
Imported 'GUID: dec9066d4afefe444be0dad3f137730d' -> (Import Result ID: 'd0f38f77f5841a1b9311be0b30f86706') in 0.001 seconds [static and dynamic dependencies]. Details - ImportResultOutputID=6d03ba86e249ac81d3e6db29acf487a9 DependenciesID=ca8b3120ced07fb624ec728bf0ee06be StaticDependenciesID=08ebd655059d108d4a47cbb243cf3a4b 
Number of updated asset objects reloaded before import = 0
Number of asset objects unloaded after import = 0
========================================================================
Received Import Request.
  Time of request: 2026-10-01T19:11:24.971938Z
  Time since last request: 0.000239959 seconds.
  importAddress: GUID: 002201b186864f54ba07f1b2d7841fc7 - Path: Packages/com.unity.test-framework/UnityEngine.TestRunner/NUnitExtensions/Attributes/UnityCoreClrExplicitDisabledAttribute.cs - Importer: ScriptedImporter/UnityEditor.QuickSearchModule:UnityEditor.Search:ASIAI0B
Importing 'GUID: 002201b186864f54ba07f1b2d7841fc7 - Path: Packages/com.unity.test-framework/UnityEngine.TestRunner/NUnitExtensions/Attributes/UnityCoreClrExplicitDisabledAttribute.cs - Importer: ScriptedImporter/UnityEditor.QuickSearchModule:UnityEditor.Search:ASIAI0B' with importer (ScriptedImporter : UnityEditor.QuickSearchModule:UnityEditor.Search:ASIAI0B)
Imported 'GUID: 002201b186864f54ba07f1b2d7841fc7' -> (Import Result ID: '70f30fd001ea11572f48c502779af05d') in 0.001 seconds [static and dynamic dependencies]. Details - ImportResultOutputID=5f86854cadeeeaf41fd2810f4b586246 DependenciesID=57eaa86daee07ce9eb096bd710166753 StaticDependenciesID=9a7619f3bf72b1d861018a35a2579f0a 
Number of updated asset objects reloaded before import = 0
Number of asset objects unloaded after import = 0
========================================================================
Received Import Request.
  Time of request: 2026-10-01T19:11:24.973033Z
  Time since last request: 0.000234459 seconds.
  importAddress: GUID: d52ad1cdc75642419ac24e88b43a3821 - Path: Packages/com.unity.test-framework/UnityEditor.TestRunner/UnityTestProtocol/Data/PlayerSettings.cs - Importer: ScriptedImporter/UnityEditor.QuickSearchModule:UnityEditor.Search:ASIAI0B
Importing 'GUID: d52ad1cdc75642419ac24e88b43a3821 - Path: Packages/com.unity.test-framework/UnityEditor.TestRunner/UnityTestProtocol/Data/PlayerSettings.cs - Importer: ScriptedImporter/UnityEditor.QuickSearchModule:UnityEditor.Search:ASIAI0B' with importer (ScriptedImporter : UnityEditor.QuickSearchModule:UnityEditor.Search:ASIAI0B)
Imported 'GUID: d52ad1cdc75642419ac24e88b43a3821' -> (Import Result ID: '33ae7ba2c2b9f2128349ea5b135a1a94') in 0.001 seconds [static and dynamic dependencies]. Details - ImportResultOutputID=f90da976fd7ae299efa9b6b6471b0b34 DependenciesID=49ac7b4868f15d809521051f9f803882 StaticDependenciesID=6bec31ab9e5eaba7532d3ca348a56c7e 
Number of updated asset objects reloaded before import = 0
Number of asset objects unloaded after import = 0
========================================================================
Received Import Request.
  Time of request: 2026-10-01T19:11:24.974458Z
  Time since last request: 0.000253542 seconds.
  importAddress: GUID: 3803f736886e77842995ddbc3531afaa - Path: Packages/com.unity.test-framework/UnityEngine.TestRunner/NUnitExtensions/Attributes/TestMustExpectAllLogsAttribute.cs - Importer: ScriptedImporter/UnityEditor.QuickSearchModule:UnityEditor.Search:ASIAI0B
Importing 'GUID: 3803f736886e77842995ddbc3531afaa - Path: Packages/com.unity.test-framework/UnityEngine.TestRunner/NUnitExtensions/Attributes/TestMustExpectAllLogsAttribute.cs - Importer: ScriptedImporter/UnityEditor.QuickSearchModule:UnityEditor.Search:ASIAI0B' with importer (ScriptedImporter : UnityEditor.QuickSearchModule:UnityEditor.Search:ASIAI0B)
Imported 'GUID: 3803f736886e77842995ddbc3531afaa' -> (Import Result ID: 'b923961bd1dc839aeccd280d298c3f6a') in 0.001 seconds [static and dynamic dependencies]. Details - ImportResultOutputID=d4bfeca491c7d6c062469348271b9dc6 DependenciesID=e8a14c3750dc731f26aeb82849d924a1 StaticDependenciesID=ddc0a4d6961dbc98180b478feb16857a 
Number of updated asset objects reloaded before import = 0
Number of asset objects unloaded after import = 0
========================================================================
Received Import Request.
  Time of request: 2026-10-01T19:11:24.97566Z
  Time since last request: 0.000253834 seconds.
  importAddress: GUID: 01aa6c4633a44c2ca43e69d35747cb80 - Path: Packages/com.unity.test-framework/UnityEditor.TestRunner/TestRun/Tasks/SetupConstructDelegatorTask.cs - Importer: ScriptedImporter/UnityEditor.QuickSearchModule:UnityEditor.Search:ASIAI0B
Importing 'GUID: 01aa6c4633a44c2ca43e69d35747cb80 - Path: Packages/com.unity.test-framework/UnityEditor.TestRunner/TestRun/Tasks/SetupConstructDelegatorTask.cs - Importer: ScriptedImporter/UnityEditor.QuickSearchModule:UnityEditor.Search:ASIAI0B' with importer (ScriptedImporter : UnityEditor.QuickSearchModule:UnityEditor.Search:ASIAI0B)
Imported 'GUID: 01aa6c4633a44c2ca43e69d35747cb80' -> (Import Result ID: '2924d4236ee14073f36ab0dce47e371d') in 0.001 seconds [static and dynamic dependencies]. Details - ImportResultOutputID=625141794977fdb21eba4651db87065f DependenciesID=ee75073224c0c90f1c466c783e803357 StaticDependenciesID=270148d50ea2d152e4d4959f65756a12 
Number of updated asset objects reloaded before import = 0
Number of asset objects unloaded after import = 0
========================================================================
Received Import Request.
  Time of request: 2026-10-01T19:11:24.976812Z
  Time since last request: 0.000292125 seconds.
  importAddress: GUID: f15cbb987069826429540d0ea0937442 - Path: Packages/com.unity.test-framework/UnityEditor.TestRunner/TestRunner/Utils/TestListProvider.cs - Importer: ScriptedImporter/UnityEditor.QuickSearchModule:UnityEditor.Search:ASIAI0B
Importing 'GUID: f15cbb987069826429540d0ea0937442 - Path: Packages/com.unity.test-framework/UnityEditor.TestRunner/TestRunner/Utils/TestListProvider.cs - Importer: ScriptedImporter/UnityEditor.QuickSearchModule:UnityEditor.Search:ASIAI0B' with importer (ScriptedImporter : UnityEditor.QuickSearchModule:UnityEditor.Search:ASIAI0B)
Imported 'GUID: f15cbb987069826429540d0ea0937442' -> (Import Result ID: '196800f60e4a492a0b2ef7d7b8ff250a') in 0.001 seconds [static and dynamic dependencies]. Details - ImportResultOutputID=f867147f16e2266cb6ec5981f3e6c1bf DependenciesID=3b119f03e859fb261de8a0431f797637 StaticDependenciesID=a1baeb3ff805a1d29859c2575103db95 
Number of updated asset objects reloaded before import = 0
Number of asset objects unloaded after import = 0
========================================================================
Received Import Request.
  Time of request: 2026-10-01T19:11:24.977949Z
  Time since last request: 0.000304167 seconds.
  importAddress: GUID: 0f691f67e4ca49a386e31761b0ff8238 - Path: Packages/com.unity.test-framework/UnityEditor.TestRunner/TestRun/Tasks/RestoreProjectSettingsTask.cs - Importer: ScriptedImporter/UnityEditor.QuickSearchModule:UnityEditor.Search:ASIAI0B
Importing 'GUID: 0f691f67e4ca49a386e31761b0ff8238 - Path: Packages/com.unity.test-framework/UnityEditor.TestRunner/TestRun/Tasks/RestoreProjectSettingsTask.cs - Importer: ScriptedImporter/UnityEditor.QuickSearchModule:UnityEditor.Search:ASIAI0B' with importer (ScriptedImporter : UnityEditor.QuickSearchModule:UnityEditor.Search:ASIAI0B)
Imported 'GUID: 0f691f67e4ca49a386e31761b0ff8238' -> (Import Result ID: '294826485c3b2cd226e9b169983eda8f') in 0.001 seconds [static and dynamic dependencies]. Details - ImportResultOutputID=532b624c03f7219536d7f090d5dc2716 DependenciesID=c08f1e724c2231a66f4e1b9d3e764da9 StaticDependenciesID=570fee005d6ac293f9cdef0b2ec2d971 
Number of updated asset objects reloaded before import = 0
Number of asset objects unloaded after import = 0
========================================================================
Received Import Request.
  Time of request: 2026-10-01T19:11:24.979102Z
  Time since last request: 0.000240417 seconds.
  importAddress: GUID: f96d0ea807c081145a1170ed1b6d71e0 - Path: Packages/com.unity.test-framework/UnityEditor.TestRunner/TestRunner/Utils/EditorAssembliesProxy.cs - Importer: ScriptedImporter/UnityEditor.QuickSearchModule:UnityEditor.Search:ASIAI0B
Importing 'GUID: f96d0ea807c081145a1170ed1b6d71e0 - Path: Packages/com.unity.test-framework/UnityEditor.TestRunner/TestRunner/Utils/EditorAssembliesProxy.cs - Importer: ScriptedImporter/UnityEditor.QuickSearchModule:UnityEditor.Search:ASIAI0B' with importer (ScriptedImporter : UnityEditor.QuickSearchModule:UnityEditor.Search:ASIAI0B)
Imported 'GUID: f96d0ea807c081145a1170ed1b6d71e0' -> (Import Result ID: '6a794fb930f31b59cd0eb09b31a604ca') in 0.001 seconds [static and dynamic dependencies]. Details - ImportResultOutputID=17b3a1ae1519f97622fa8eb34caab9ff DependenciesID=7d05738500a72f5c25d4f606ecfd50e4 StaticDependenciesID=fbf1012335701e0b5d2646d46cf1d695 
Number of updated asset objects reloaded before import = 0
Number of asset objects unloaded after import = 0
========================================================================
Received Import Request.
  Time of request: 2026-10-01T19:11:24.980617Z
  Time since last request: 0.000316083 seconds.
  importAddress: GUID: 321dc2c0720f8dd4f9396ecdc12b8746 - Path: Packages/com.unity.test-framework/UnityEditor.TestRunner/UnityTestProtocol/Messages/Message.cs - Importer: ScriptedImporter/UnityEditor.QuickSearchModule:UnityEditor.Search:ASIAI0B
Importing 'GUID: 321dc2c0720f8dd4f9396ecdc12b8746 - Path: Packages/com.unity.test-framework/UnityEditor.TestRunner/UnityTestProtocol/Messages/Message.cs - Importer: ScriptedImporter/UnityEditor.QuickSearchModule:UnityEditor.Search:ASIAI0B' with importer (ScriptedImporter : UnityEditor.QuickSearchModule:UnityEditor.Search:ASIAI0B)
Imported 'GUID: 321dc2c0720f8dd4f9396ecdc12b8746' -> (Import Result ID: 'f672412e691feaa442a3035211f49303') in 0.001 seconds [static and dynamic dependencies]. Details - ImportResultOutputID=4ae1ad6110c09e3fc16b8e627ae6b78f DependenciesID=c7e2569a11730e6af8cafa659a31a451 StaticDependenciesID=362d04efe5d6aab88efff3ff9f3c615d 
Number of updated asset objects reloaded before import = 0
Number of asset objects unloaded after import = 0
========================================================================
Received Import Request.
  Time of request: 2026-10-01T19:11:24.981893Z
  Time since last request: 0.000239667 seconds.
  importAddress: GUID: efce3ac61ba34d3590656de761a677e3 - Path: Packages/com.unity.test-framework/UnityEditor.TestRunner/UnityTestProtocol/Data/QualitySettings.cs - Importer: ScriptedImporter/UnityEditor.QuickSearchModule:UnityEditor.Search:ASIAI0B
Importing 'GUID: efce3ac61ba34d3590656de761a677e3 - Path: Packages/com.unity.test-framework/UnityEditor.TestRunner/UnityTestProtocol/Data/QualitySettings.cs - Importer: ScriptedImporter/UnityEditor.QuickSearchModule:UnityEditor.Search:ASIAI0B' with importer (ScriptedImporter : UnityEditor.QuickSearchModule:UnityEditor.Search:ASIAI0B)
Imported 'GUID: efce3ac61ba34d3590656de761a677e3' -> (Import Result ID: '1ea521710565e847d32a3bfa4f27b470') in 0.001 seconds [static and dynamic dependencies]. Details - ImportResultOutputID=928419abc43fd8ceaf8f5cb9bbdb293a DependenciesID=5460503d927e14ef57035810d41155e9 StaticDependenciesID=59dd51e85697ee3d5d8af805eaba1410 
Number of updated asset objects reloaded before import = 0
Number of asset objects unloaded after import = 0
========================================================================
Received Import Request.
  Time of request: 2026-10-01T19:11:24.983218Z
  Time since last request: 0.000319334 seconds.
  importAddress: GUID: 033c884ba52437d49bc55935939ef1c6 - Path: Packages/com.unity.test-framework/UnityEditor.TestRunner/TestRunner/Utils/EditorLoadedTestAssemblyProvider.cs - Importer: ScriptedImporter/UnityEditor.QuickSearchModule:UnityEditor.Search:ASIAI0B
Importing 'GUID: 033c884ba52437d49bc55935939ef1c6 - Path: Packages/com.unity.test-framework/UnityEditor.TestRunner/TestRunner/Utils/EditorLoadedTestAssemblyProvider.cs - Importer: ScriptedImporter/UnityEditor.QuickSearchModule:UnityEditor.Search:ASIAI0B' with importer (ScriptedImporter : UnityEditor.QuickSearchModule:UnityEditor.Search:ASIAI0B)
Imported 'GUID: 033c884ba52437d49bc55935939ef1c6' -> (Import Result ID: '305d773430fbb751dffe519f7d2877d7') in 0.001 seconds [static and dynamic dependencies]. Details - ImportResultOutputID=69840a2cc403c5ffd75c09d8d002bb6c DependenciesID=281fcec894e2a6752f157b789e487caa StaticDependenciesID=aa33a1f14f0d1e9cfe9192d6629f734e 
Number of updated asset objects reloaded before import = 0
Number of asset objects unloaded after import = 0
========================================================================
Received Import Request.
  Time of request: 2026-10-01T19:11:24.984285Z
  Time since last request: 0.000236917 seconds.
  importAddress: GUID: 64689f8b25eadac4da519e96f514b653 - Path: Packages/com.unity.test-framework/UnityEditor.TestRunner/TestRunner/Utils/ITestListProvider.cs - Importer: ScriptedImporter/UnityEditor.QuickSearchModule:UnityEditor.Search:ASIAI0B
Importing 'GUID: 64689f8b25eadac4da519e96f514b653 - Path: Packages/com.unity.test-framework/UnityEditor.TestRunner/TestRunner/Utils/ITestListProvider.cs - Importer: ScriptedImporter/UnityEditor.QuickSearchModule:UnityEditor.Search:ASIAI0B' with importer (ScriptedImporter : UnityEditor.QuickSearchModule:UnityEditor.Search:ASIAI0B)
Imported 'GUID: 64689f8b25eadac4da519e96f514b653' -> (Import Result ID: '6be02622c6e9a750b2caf1298f1339d8') in 0.001 seconds [static and dynamic dependencies]. Details - ImportResultOutputID=2e7ac8e9f3f34a2eba269f82fd9132d5 DependenciesID=33d38af17df78014dae0a85280b5d448 StaticDependenciesID=a0ccf5090968b56b125f46b0f37bcb52 
Number of updated asset objects reloaded before import = 0
Number of asset objects unloaded after import = 0
========================================================================
Received Import Request.
  Time of request: 2026-10-01T19:11:24.985551Z
  Time since last request: 0.000235959 seconds.
  importAddress: GUID: 7ee0c4baf94a41009b0f9292988a2000 - Path: Packages/com.unity.test-framework/UnityEditor.TestRunner/UnityTestProtocol/Data/PlayerSystemInfo.cs - Importer: ScriptedImporter/UnityEditor.QuickSearchModule:UnityEditor.Search:ASIAI0B
Importing 'GUID: 7ee0c4baf94a41009b0f9292988a2000 - Path: Packages/com.unity.test-framework/UnityEditor.TestRunner/UnityTestProtocol/Data/PlayerSystemInfo.cs - Importer: ScriptedImporter/UnityEditor.QuickSearchModule:UnityEditor.Search:ASIAI0B' with importer (ScriptedImporter : UnityEditor.QuickSearchModule:UnityEditor.Search:ASIAI0B)
Imported 'GUID: 7ee0c4baf94a41009b0f9292988a2000' -> (Import Result ID: '31dabe4a71941d82aba1ac680f075fa3') in 0.001 seconds [static and dynamic dependencies]. Details - ImportResultOutputID=a2a539502d8ad377397f24782d83c7f4 DependenciesID=e977655be11bcb664dcf778974e76b7b StaticDependenciesID=bdfe04f9322892d33bc67ae0c37e3acf 
Number of updated asset objects reloaded before import = 0
Number of asset objects unloaded after import = 0
========================================================================
Received Import Request.
  Time of request: 2026-10-01T19:11:24.986858Z
  Time since last request: 0.000222083 seconds.
  importAddress: GUID: 64f0c7c73db2d32469a5208a3cff96de - Path: Packages/com.unity.test-framework/UnityEngine.TestRunner/NUnitExtensions/Attributes/UnityOneTimeSetUpAttribute.cs - Importer: ScriptedImporter/UnityEditor.QuickSearchModule:UnityEditor.Search:ASIAI0B
Importing 'GUID: 64f0c7c73db2d32469a5208a3cff96de - Path: Packages/com.unity.test-framework/UnityEngine.TestRunner/NUnitExtensions/Attributes/UnityOneTimeSetUpAttribute.cs - Importer: ScriptedImporter/UnityEditor.QuickSearchModule:UnityEditor.Search:ASIAI0B' with importer (ScriptedImporter : UnityEditor.QuickSearchModule:UnityEditor.Search:ASIAI0B)
Imported 'GUID: 64f0c7c73db2d32469a5208a3cff96de' -> (Import Result ID: '0a9eb73599c2e7bbbc91cc6b52cb0e37') in 0.001 seconds [static and dynamic dependencies]. Details - ImportResultOutputID=fe03fda7e3d6e4432267641de71cd9ef DependenciesID=71eef2d2ef59331185ff016b902de445 StaticDependenciesID=b2c39af83d4c2abd2ca69ec313804598 
Number of updated asset objects reloaded before import = 0
Number of asset objects unloaded after import = 0
========================================================================
Received Import Request.
  Time of request: 2026-10-01T19:11:24.988004Z
  Time since last request: 0.000285041 seconds.
  importAddress: GUID: 26f3e7301af463c4ca72fa98d59b429e - Path: Packages/com.unity.test-framework/UnityEditor.TestRunner/TestRunner/Utils/CachingTestListProvider.cs - Importer: ScriptedImporter/UnityEditor.QuickSearchModule:UnityEditor.Search:ASIAI0B
Importing 'GUID: 26f3e7301af463c4ca72fa98d59b429e - Path: Packages/com.unity.test-framework/UnityEditor.TestRunner/TestRunner/Utils/CachingTestListProvider.cs - Importer: ScriptedImporter/UnityEditor.QuickSearchModule:UnityEditor.Search:ASIAI0B' with importer (ScriptedImporter : UnityEditor.QuickSearchModule:UnityEditor.Search:ASIAI0B)
Imported 'GUID: 26f3e7301af463c4ca72fa98d59b429e' -> (Import Result ID: '2fba7a54ab84a578e30c6921227685f3') in 0.001 seconds [static and dynamic dependencies]. Details - ImportResultOutputID=baada077749bbaf9f85ad3cb6416009a DependenciesID=02ba8a673d06f58b481dd45ca1d32a93 StaticDependenciesID=b8acaa4102c7d749863d7a2c7a654672 
Number of updated asset objects reloaded before import = 0
Number of asset objects unloaded after import = 0
========================================================================
Received Import Request.
  Time of request: 2026-10-01T19:11:24.989234Z
  Time since last request: 0.000266041 seconds.
  importAddress: GUID: 9bd5a110ed89025499ddee8c7e73778e - Path: Packages/com.unity.test-framework/UnityEditor.TestRunner/TestRunner/Messages/EnterPlayMode.cs - Importer: ScriptedImporter/UnityEditor.QuickSearchModule:UnityEditor.Search:ASIAI0B
Importing 'GUID: 9bd5a110ed89025499ddee8c7e73778e - Path: Packages/com.unity.test-framework/UnityEditor.TestRunner/TestRunner/Messages/EnterPlayMode.cs - Importer: ScriptedImporter/UnityEditor.QuickSearchModule:UnityEditor.Search:ASIAI0B' with importer (ScriptedImporter : UnityEditor.QuickSearchModule:UnityEditor.Search:ASIAI0B)
Imported 'GUID: 9bd5a110ed89025499ddee8c7e73778e' -> (Import Result ID: '4bf3b7f4e7197c883317ccb31d89d270') in 0.001 seconds [static and dynamic dependencies]. Details - ImportResultOutputID=d6325c8b964a0917dd74166e04befde3 DependenciesID=926c444f94364dc03eca30737626f5b4 StaticDependenciesID=f099cc23899cc7bc85240e3f956f1583 
Number of updated asset objects reloaded before import = 0
Number of asset objects unloaded after import = 0
========================================================================
Received Import Request.
  Time of request: 2026-10-01T19:11:24.990661Z
  Time since last request: 0.000513042 seconds.
  importAddress: GUID: 58a43a62ecbe444d963930822e17d4cd - Path: Packages/com.unity.test-framework/UnityEditor.TestRunner/UnityTestProtocol/Data/ScreenSettings.cs - Importer: ScriptedImporter/UnityEditor.QuickSearchModule:UnityEditor.Search:ASIAI0B
Importing 'GUID: 58a43a62ecbe444d963930822e17d4cd - Path: Packages/com.unity.test-framework/UnityEditor.TestRunner/UnityTestProtocol/Data/ScreenSettings.cs - Importer: ScriptedImporter/UnityEditor.QuickSearchModule:UnityEditor.Search:ASIAI0B' with importer (ScriptedImporter : UnityEditor.QuickSearchModule:UnityEditor.Search:ASIAI0B)
Imported 'GUID: 58a43a62ecbe444d963930822e17d4cd' -> (Import Result ID: '96da6c7ffd939accbcd0706e7391174c') in 0.001 seconds [static and dynamic dependencies]. Details - ImportResultOutputID=bf02e0be5554442ce17a7161e4b17d1e DependenciesID=f7bcb52b96b63fb899fdb0c4c55488c0 StaticDependenciesID=b7eb1ec0756a5dfff6ce5fe17373eecc 
Number of updated asset objects reloaded before import = 0
Number of asset objects unloaded after import = 0
========================================================================
Received Import Request.
  Time of request: 2026-10-01T19:11:24.992299Z
  Time since last request: 0.000304875 seconds.
  importAddress: GUID: 7043e9a330ac2d84a80a965ada4589ad - Path: Packages/com.unity.test-framework/UnityEditor.TestRunner/TestRunner/Utils/ITestListCacheData.cs - Importer: ScriptedImporter/UnityEditor.QuickSearchModule:UnityEditor.Search:ASIAI0B
Importing 'GUID: 7043e9a330ac2d84a80a965ada4589ad - Path: Packages/com.unity.test-framework/UnityEditor.TestRunner/TestRunner/Utils/ITestListCacheData.cs - Importer: ScriptedImporter/UnityEditor.QuickSearchModule:UnityEditor.Search:ASIAI0B' with importer (ScriptedImporter : UnityEditor.QuickSearchModule:UnityEditor.Search:ASIAI0B)
Imported 'GUID: 7043e9a330ac2d84a80a965ada4589ad' -> (Import Result ID: '502343b12c3d07202138cddcad5fd6ce') in 0.001 seconds [static and dynamic dependencies]. Details - ImportResultOutputID=bbab74ef589ad2b6fed62142f90eec40 DependenciesID=cd290ff679ed2e82bfa638fe35328d79 StaticDependenciesID=9e1090f5dab2b8d97c5aa549c990f7e7 
Number of updated asset objects reloaded before import = 0
Number of asset objects unloaded after import = 0
========================================================================
Received Import Request.
  Time of request: 2026-10-01T19:11:24.993578Z
  Time since last request: 0.00022925 seconds.
  importAddress: GUID: 6cf74526594248e88be90b91eb2dbe1c - Path: Packages/com.unity.test-framework/UnityEditor.TestRunner/UnityTestProtocol/Messages/QualitySettingsMessage.cs - Importer: ScriptedImporter/UnityEditor.QuickSearchModule:UnityEditor.Search:ASIAI0B
Importing 'GUID: 6cf74526594248e88be90b91eb2dbe1c - Path: Packages/com.unity.test-framework/UnityEditor.TestRunner/UnityTestProtocol/Messages/QualitySettingsMessage.cs - Importer: ScriptedImporter/UnityEditor.QuickSearchModule:UnityEditor.Search:ASIAI0B' with importer (ScriptedImporter : UnityEditor.QuickSearchModule:UnityEditor.Search:ASIAI0B)
Imported 'GUID: 6cf74526594248e88be90b91eb2dbe1c' -> (Import Result ID: 'e81f28fba9f2db5462759ee5f3788284') in 0.001 seconds [static and dynamic dependencies]. Details - ImportResultOutputID=4a749d68b52e193e073a33eb9addcea5 DependenciesID=d878952a4cf6d35fee599f4b143dc904 StaticDependenciesID=3c0301f70f398f7633b5c7c2ad468405 
Number of updated asset objects reloaded before import = 0
Number of asset objects unloaded after import = 0
========================================================================
Received Import Request.
  Time of request: 2026-10-01T19:11:24.994658Z
  Time since last request: 0.000199709 seconds.
  importAddress: GUID: f699428dfee64165b017dced94d8ca70 - Path: Packages/com.unity.test-framework/UnityEditor.TestRunner/UnityTestProtocol/Data/BuildSettings.cs - Importer: ScriptedImporter/UnityEditor.QuickSearchModule:UnityEditor.Search:ASIAI0B
Importing 'GUID: f699428dfee64165b017dced94d8ca70 - Path: Packages/com.unity.test-framework/UnityEditor.TestRunner/UnityTestProtocol/Data/BuildSettings.cs - Importer: ScriptedImporter/UnityEditor.QuickSearchModule:UnityEditor.Search:ASIAI0B' with importer (ScriptedImporter : UnityEditor.QuickSearchModule:UnityEditor.Search:ASIAI0B)
Imported 'GUID: f699428dfee64165b017dced94d8ca70' -> (Import Result ID: '2d15b89bb26752eb08e246b5ae26ef60') in 0.002 seconds [static and dynamic dependencies]. Details - ImportResultOutputID=4aaad1991df2c9b4fc380d4d12820446 DependenciesID=523588d5a3a14d9e73c4e77be81b4815 StaticDependenciesID=c0c30c128f32ac5e90780b4d6359f949 
Number of updated asset objects reloaded before import = 0
Number of asset objects unloaded after import = 0
========================================================================
Received Import Request.
  Time of request: 2026-10-01T19:11:24.996614Z
  Time since last request: 0.000268375 seconds.
  importAddress: GUID: 0c56471f08a0f6846afc792f0b4205b9 - Path: Packages/com.unity.test-framework/UnityEngine.TestRunner/Assertions/LogScope/LogEvent.cs - Importer: ScriptedImporter/UnityEditor.QuickSearchModule:UnityEditor.Search:ASIAI0B
Importing 'GUID: 0c56471f08a0f6846afc792f0b4205b9 - Path: Packages/com.unity.test-framework/UnityEngine.TestRunner/Assertions/LogScope/LogEvent.cs - Importer: ScriptedImporter/UnityEditor.QuickSearchModule:UnityEditor.Search:ASIAI0B' with importer (ScriptedImporter : UnityEditor.QuickSearchModule:UnityEditor.Search:ASIAI0B)
Imported 'GUID: 0c56471f08a0f6846afc792f0b4205b9' -> (Import Result ID: '0f5a3ac2e908935f5c2c0002d4a6f399') in 0.001 seconds [static and dynamic dependencies]. Details - ImportResultOutputID=4d11962fb01f66dc2086664dc2e887a7 DependenciesID=ce37e0cb0efe0e08efface6e23899bfc StaticDependenciesID=f52a326db5f3252510810605c6f72179 
Number of updated asset objects reloaded before import = 0
Number of asset objects unloaded after import = 0
========================================================================
Received Import Request.
  Time of request: 2026-10-01T19:11:24.997956Z
  Time since last request: 0.000259333 seconds.
  importAddress: GUID: a704c010bcdb1ec4a9f3417b3c393164 - Path: Packages/com.unity.test-framework/UnityEditor.TestRunner/TestRunner/Utils/ITestListCache.cs - Importer: ScriptedImporter/UnityEditor.QuickSearchModule:UnityEditor.Search:ASIAI0B
Importing 'GUID: a704c010bcdb1ec4a9f3417b3c393164 - Path: Packages/com.unity.test-framework/UnityEditor.TestRunner/TestRunner/Utils/ITestListCache.cs - Importer: ScriptedImporter/UnityEditor.QuickSearchModule:UnityEditor.Search:ASIAI0B' with importer (ScriptedImporter : UnityEditor.QuickSearchModule:UnityEditor.Search:ASIAI0B)
Imported 'GUID: a704c010bcdb1ec4a9f3417b3c393164' -> (Import Result ID: 'f5ea9b7a2eefe02b5a9468417a4460dc') in 0.001 seconds [static and dynamic dependencies]. Details - ImportResultOutputID=de8809623abd47c08240f6662f5de6b4 DependenciesID=67e8423784dc36ff6eb2c88077e83372 StaticDependenciesID=fc8df97ec18d9633534efcce171812b2 
Number of updated asset objects reloaded before import = 0
Number of asset objects unloaded after import = 0
========================================================================
Received Import Request.
  Time of request: 2026-10-01T19:11:24.999106Z
  Time since last request: 0.000246792 seconds.
  importAddress: GUID: 28f79a0d7e64c2345bc46f8c4cf788f8 - Path: Packages/com.unity.test-framework/UnityEditor.TestRunner/UnityTestProtocol/Messages/TestPlanMessage.cs - Importer: ScriptedImporter/UnityEditor.QuickSearchModule:UnityEditor.Search:ASIAI0B
Importing 'GUID: 28f79a0d7e64c2345bc46f8c4cf788f8 - Path: Packages/com.unity.test-framework/UnityEditor.TestRunner/UnityTestProtocol/Messages/TestPlanMessage.cs - Importer: ScriptedImporter/UnityEditor.QuickSearchModule:UnityEditor.Search:ASIAI0B' with importer (ScriptedImporter : UnityEditor.QuickSearchModule:UnityEditor.Search:ASIAI0B)
Imported 'GUID: 28f79a0d7e64c2345bc46f8c4cf788f8' -> (Import Result ID: '639a5086786b1c4d44bfe5ded5b7e8a2') in 0.001 seconds [static and dynamic dependencies]. Details - ImportResultOutputID=8f28f3738f588dc3266ef21855483949 DependenciesID=936b92bbd1e063ccbd0d56e1c5273203 StaticDependenciesID=da820d30afa8de545240c9e08b11a178 
Number of updated asset objects reloaded before import = 0
Number of asset objects unloaded after import = 0
========================================================================
Received Import Request.
  Time of request: 2026-10-01T19:11:25.000244Z
  Time since last request: 0.000221917 seconds.
  importAddress: GUID: 936b6288befc460409cfdff3ac92fc95 - Path: Packages/com.unity.test-framework/UnityEditor.TestRunner/TestRunner/Utils/IEditorLoadedTestAssemblyProvider.cs - Importer: ScriptedImporter/UnityEditor.QuickSearchModule:UnityEditor.Search:ASIAI0B
Importing 'GUID: 936b6288befc460409cfdff3ac92fc95 - Path: Packages/com.unity.test-framework/UnityEditor.TestRunner/TestRunner/Utils/IEditorLoadedTestAssemblyProvider.cs - Importer: ScriptedImporter/UnityEditor.QuickSearchModule:UnityEditor.Search:ASIAI0B' with importer (ScriptedImporter : UnityEditor.QuickSearchModule:UnityEditor.Search:ASIAI0B)
Imported 'GUID: 936b6288befc460409cfdff3ac92fc95' -> (Import Result ID: '49bdde8e3a02cf8b08f792fa469433ef') in 0.001 seconds [static and dynamic dependencies]. Details - ImportResultOutputID=93fca8019c264a961425ec56b1f3d8d4 DependenciesID=738780ceb687afe4543cd495311b91f2 StaticDependenciesID=7d71ed5df4ed66b898306002c818f5ad 
Number of updated asset objects reloaded before import = 0
Number of asset objects unloaded after import = 0
========================================================================
Received Import Request.
  Time of request: 2026-10-01T19:11:25.001376Z
  Time since last request: 0.000241416 seconds.
  importAddress: GUID: 9202fbba95ea8294cb5e718f028f21b0 - Path: Packages/com.unity.test-framework/UnityEditor.TestRunner/TestRunner/Messages/RecompileScripts.cs - Importer: ScriptedImporter/UnityEditor.QuickSearchModule:UnityEditor.Search:ASIAI0B
Importing 'GUID: 9202fbba95ea8294cb5e718f028f21b0 - Path: Packages/com.unity.test-framework/UnityEditor.TestRunner/TestRunner/Messages/RecompileScripts.cs - Importer: ScriptedImporter/UnityEditor.QuickSearchModule:UnityEditor.Search:ASIAI0B' with importer (ScriptedImporter : UnityEditor.QuickSearchModule:UnityEditor.Search:ASIAI0B)
Imported 'GUID: 9202fbba95ea8294cb5e718f028f21b0' -> (Import Result ID: '6dd6cf3aec5429b70b83156c11ca3590') in 0.001 seconds [static and dynamic dependencies]. Details - ImportResultOutputID=d45aafee63d3d6028cd94af7340d51db DependenciesID=08a5951e248babae2bbc4d8a1cd07e71 StaticDependenciesID=f61e7d57c9d5f76094ffd34ff548db0f 
Number of updated asset objects reloaded before import = 0
Number of asset objects unloaded after import = 0
========================================================================
Received Import Request.
  Time of request: 2026-10-01T19:11:25.00251Z
  Time since last request: 0.000239125 seconds.
  importAddress: GUID: 20cdb37e6fea6d946bbb84d2c923db85 - Path: Packages/com.unity.test-framework/UnityEditor.TestRunner/TestRunner/Utils/EditorAssemblyWrapper.cs - Importer: ScriptedImporter/UnityEditor.QuickSearchModule:UnityEditor.Search:ASIAI0B
Importing 'GUID: 20cdb37e6fea6d946bbb84d2c923db85 - Path: Packages/com.unity.test-framework/UnityEditor.TestRunner/TestRunner/Utils/EditorAssemblyWrapper.cs - Importer: ScriptedImporter/UnityEditor.QuickSearchModule:UnityEditor.Search:ASIAI0B' with importer (ScriptedImporter : UnityEditor.QuickSearchModule:UnityEditor.Search:ASIAI0B)
Imported 'GUID: 20cdb37e6fea6d946bbb84d2c923db85' -> (Import Result ID: '2abb1d026499165579f7e5eabd565201') in 0.001 seconds [static and dynamic dependencies]. Details - ImportResultOutputID=6e177329f1ad79333f90d0be2fdddfbb DependenciesID=3bb26daba0b5c6ccc9d4b3e7ec2bb68e StaticDependenciesID=3fd86afd6c619383963c66d108a40cdd 
Number of updated asset objects reloaded before import = 0
Number of asset objects unloaded after import = 0
========================================================================
Received Import Request.
  Time of request: 2026-10-01T19:11:25.003683Z
  Time since last request: 0.000250833 seconds.
  importAddress: GUID: 342d9ef4da0a19b49877f576c2deec14 - Path: Packages/com.unity.test-framework/UnityEditor.TestRunner/TestRun/Tasks/TestTaskBase.cs - Importer: ScriptedImporter/UnityEditor.QuickSearchModule:UnityEditor.Search:ASIAI0B
Importing 'GUID: 342d9ef4da0a19b49877f576c2deec14 - Path: Packages/com.unity.test-framework/UnityEditor.TestRunner/TestRun/Tasks/TestTaskBase.cs - Importer: ScriptedImporter/UnityEditor.QuickSearchModule:UnityEditor.Search:ASIAI0B' with importer (ScriptedImporter : UnityEditor.QuickSearchModule:UnityEditor.Search:ASIAI0B)
Imported 'GUID: 342d9ef4da0a19b49877f576c2deec14' -> (Import Result ID: '3ebc84ccafdfabf494a0c3ca6b325754') in 0.001 seconds [static and dynamic dependencies]. Details - ImportResultOutputID=a1a3ad5e6b933872b7b66e1b1a789600 DependenciesID=755439ccc4e63627b2240fda655057de StaticDependenciesID=d5dacf29f216c578cf3723668936f3f0 
Number of updated asset objects reloaded before import = 0
Number of asset objects unloaded after import = 0
========================================================================
Received Import Request.
  Time of request: 2026-10-01T19:11:25.00478Z
  Time since last request: 0.000221417 seconds.
  importAddress: GUID: 5440c1153b397e14c9c7b1d6eb83b9f9 - Path: Packages/com.unity.test-framework/UnityEngine.TestRunner/NUnitExtensions/Attributes/UnityPlatformAttribute.cs - Importer: ScriptedImporter/UnityEditor.QuickSearchModule:UnityEditor.Search:ASIAI0B
Importing 'GUID: 5440c1153b397e14c9c7b1d6eb83b9f9 - Path: Packages/com.unity.test-framework/UnityEngine.TestRunner/NUnitExtensions/Attributes/UnityPlatformAttribute.cs - Importer: ScriptedImporter/UnityEditor.QuickSearchModule:UnityEditor.Search:ASIAI0B' with importer (ScriptedImporter : UnityEditor.QuickSearchModule:UnityEditor.Search:ASIAI0B)
Imported 'GUID: 5440c1153b397e14c9c7b1d6eb83b9f9' -> (Import Result ID: '5438a370374f170bee912bbffb9f7613') in 0.001 seconds [static and dynamic dependencies]. Details - ImportResultOutputID=fe184efaa44e7f43363c7cf120ccf391 DependenciesID=c968038eba4f00ffa1164e9674bfa84a StaticDependenciesID=68a9b5bfbadd1b03b9c1ebf996aa042d 
Number of updated asset objects reloaded before import = 0
Number of asset objects unloaded after import = 0
========================================================================
Received Import Request.
  Time of request: 2026-10-01T19:11:25.019146Z
  Time since last request: 0.013581417 seconds.
  importAddress: GUID: 5c15bf0966eb95847a4260d830a30d30 - Path: Packages/com.unity.test-framework/UnityEngine.TestRunner/NUnitExtensions/Runner/WorkItemFactory.cs - Importer: ScriptedImporter/UnityEditor.QuickSearchModule:UnityEditor.Search:ASIAI0B
Importing 'GUID: 5c15bf0966eb95847a4260d830a30d30 - Path: Packages/com.unity.test-framework/UnityEngine.TestRunner/NUnitExtensions/Runner/WorkItemFactory.cs - Importer: ScriptedImporter/UnityEditor.QuickSearchModule:UnityEditor.Search:ASIAI0B' with importer (ScriptedImporter : UnityEditor.QuickSearchModule:UnityEditor.Search:ASIAI0B)
Imported 'GUID: 5c15bf0966eb95847a4260d830a30d30' -> (Import Result ID: '2942d81ac176fd38ebdc96d38545f6c1') in 0.001 seconds [static and dynamic dependencies]. Details - ImportResultOutputID=2bba618b9820579bf656eee3759ac0b2 DependenciesID=c28e18987dd35beb6307edf80039dff8 StaticDependenciesID=13e27c9233de7c18b3675f98eb9f146a 
Number of updated asset objects reloaded before import = 0
Number of asset objects unloaded after import = 0
========================================================================
Received Import Request.
  Time of request: 2026-10-01T19:11:25.020735Z
  Time since last request: 0.000263208 seconds.
  importAddress: GUID: d2ca9278c9dd49df877d622d0f657ecf - Path: Packages/com.unity.test-framework/UnityEngine.TestRunner/NUnitExtensions/Commands/UnityTestMethodCommand.cs - Importer: ScriptedImporter/UnityEditor.QuickSearchModule:UnityEditor.Search:ASIAI0B
Importing 'GUID: d2ca9278c9dd49df877d622d0f657ecf - Path: Packages/com.unity.test-framework/UnityEngine.TestRunner/NUnitExtensions/Commands/UnityTestMethodCommand.cs - Importer: ScriptedImporter/UnityEditor.QuickSearchModule:UnityEditor.Search:ASIAI0B' with importer (ScriptedImporter : UnityEditor.QuickSearchModule:UnityEditor.Search:ASIAI0B)
Imported 'GUID: d2ca9278c9dd49df877d622d0f657ecf' -> (Import Result ID: 'e603b4cbc385bc4af253f88298ac4f3b') in 0.001 seconds [static and dynamic dependencies]. Details - ImportResultOutputID=c6ab37521397d4bbbeaeb90a75a82c39 DependenciesID=6b68d36fac3ef01b0ad2397156aa88c7 StaticDependenciesID=fcc5851428962070275b604e3fea9238 
Number of updated asset objects reloaded before import = 0
Number of asset objects unloaded after import = 0
========================================================================
Received Import Request.
  Time of request: 2026-10-01T19:11:25.021861Z
  Time since last request: 0.000237542 seconds.
  importAddress: GUID: f180b12c4cff494c91056caa03f9c109 - Path: Packages/com.unity.test-framework/UnityEngine.TestRunner/NUnitExtensions/Commands/RetryCommand.cs - Importer: ScriptedImporter/UnityEditor.QuickSearchModule:UnityEditor.Search:ASIAI0B
Importing 'GUID: f180b12c4cff494c91056caa03f9c109 - Path: Packages/com.unity.test-framework/UnityEngine.TestRunner/NUnitExtensions/Commands/RetryCommand.cs - Importer: ScriptedImporter/UnityEditor.QuickSearchModule:UnityEditor.Search:ASIAI0B' with importer (ScriptedImporter : UnityEditor.QuickSearchModule:UnityEditor.Search:ASIAI0B)
Imported 'GUID: f180b12c4cff494c91056caa03f9c109' -> (Import Result ID: '1bb05818a98135e42f6deb64a0c8dbc4') in 0.001 seconds [static and dynamic dependencies]. Details - ImportResultOutputID=da28ef2477632ee363919c584fce34bc DependenciesID=7edefec44963fb492b93529bcda4f32e StaticDependenciesID=052f69e45c417a64d247b045357573c1 
Number of updated asset objects reloaded before import = 0
Number of asset objects unloaded after import = 0
========================================================================
Received Import Request.
  Time of request: 2026-10-01T19:11:25.022868Z
  Time since last request: 0.00025175 seconds.
  importAddress: GUID: 110d5035a36a6a34580fb65bb40cd78f - Path: Packages/com.unity.test-framework/UnityEngine.TestRunner/NUnitExtensions/Runner/CompositeWorkItem.cs - Importer: ScriptedImporter/UnityEditor.QuickSearchModule:UnityEditor.Search:ASIAI0B
Importing 'GUID: 110d5035a36a6a34580fb65bb40cd78f - Path: Packages/com.unity.test-framework/UnityEngine.TestRunner/NUnitExtensions/Runner/CompositeWorkItem.cs - Importer: ScriptedImporter/UnityEditor.QuickSearchModule:UnityEditor.Search:ASIAI0B' with importer (ScriptedImporter : UnityEditor.QuickSearchModule:UnityEditor.Search:ASIAI0B)
Imported 'GUID: 110d5035a36a6a34580fb65bb40cd78f' -> (Import Result ID: '122a31c18cc13e275674152afec6972d') in 0.001 seconds [static and dynamic dependencies]. Details - ImportResultOutputID=f772f9e758f3dececd3c9c31ebd8734a DependenciesID=f7111c9b142f6ed1f425f5adf8a9f67b StaticDependenciesID=8db36c27c49c4ee411870354a97bcece 
Number of updated asset objects reloaded before import = 0
Number of asset objects unloaded after import = 0
========================================================================
Received Import Request.
  Time of request: 2026-10-01T19:11:25.024332Z
  Time since last request: 0.000234709 seconds.
  importAddress: GUID: 79ced2556f0af814a840b86232613ff1 - Path: Packages/com.unity.test-framework/UnityEngine.TestRunner/NUnitExtensions/Runner/UnityWorkItem.cs - Importer: ScriptedImporter/UnityEditor.QuickSearchModule:UnityEditor.Search:ASIAI0B
Importing 'GUID: 79ced2556f0af814a840b86232613ff1 - Path: Packages/com.unity.test-framework/UnityEngine.TestRunner/NUnitExtensions/Runner/UnityWorkItem.cs - Importer: ScriptedImporter/UnityEditor.QuickSearchModule:UnityEditor.Search:ASIAI0B' with importer (ScriptedImporter : UnityEditor.QuickSearchModule:UnityEditor.Search:ASIAI0B)
Imported 'GUID: 79ced2556f0af814a840b86232613ff1' -> (Import Result ID: 'dc27a60f359484e441f6d1cd1194b169') in 0.001 seconds [static and dynamic dependencies]. Details - ImportResultOutputID=49c944bfe28f37871f4321e79ad280ca DependenciesID=1f2a2f6b68a2a6e89d49a9e96786d1b3 StaticDependenciesID=f54a487496eddea2891c04719a28d6c4 
Number of updated asset objects reloaded before import = 0
Number of asset objects unloaded after import = 0
========================================================================
Received Import Request.
  Time of request: 2026-10-01T19:11:25.025744Z
  Time since last request: 0.000306375 seconds.
  importAddress: GUID: 12dfd4bdbb5c8e6419432fbc54ef25d9 - Path: Packages/com.unity.test-framework/UnityEngine.TestRunner/Utils/AssemblyProvider/IAssemblyLoadProxy.cs - Importer: ScriptedImporter/UnityEditor.QuickSearchModule:UnityEditor.Search:ASIAI0B
Importing 'GUID: 12dfd4bdbb5c8e6419432fbc54ef25d9 - Path: Packages/com.unity.test-framework/UnityEngine.TestRunner/Utils/AssemblyProvider/IAssemblyLoadProxy.cs - Importer: ScriptedImporter/UnityEditor.QuickSearchModule:UnityEditor.Search:ASIAI0B' with importer (ScriptedImporter : UnityEditor.QuickSearchModule:UnityEditor.Search:ASIAI0B)
Imported 'GUID: 12dfd4bdbb5c8e6419432fbc54ef25d9' -> (Import Result ID: '4f03683a3a9a94954d97f85114672297') in 0.001 seconds [static and dynamic dependencies]. Details - ImportResultOutputID=f2726ed03168ef360548d17ad835ccee DependenciesID=13628c83208dc6896e6641c162f52bbc StaticDependenciesID=55a864c92352fd09a9795105193adc4a 
Number of updated asset objects reloaded before import = 0
Number of asset objects unloaded after import = 0
========================================================================
Received Import Request.
  Time of request: 2026-10-01T19:11:25.027042Z
  Time since last request: 0.000267709 seconds.
  importAddress: GUID: 203984dce16ec4246a37d5b4f555c858 - Path: Packages/com.unity.test-framework/UnityEngine.TestRunner/NUnitExtensions/Runner/TestCommandWrapperRegistry.cs - Importer: ScriptedImporter/UnityEditor.QuickSearchModule:UnityEditor.Search:ASIAI0B
Importing 'GUID: 203984dce16ec4246a37d5b4f555c858 - Path: Packages/com.unity.test-framework/UnityEngine.TestRunner/NUnitExtensions/Runner/TestCommandWrapperRegistry.cs - Importer: ScriptedImporter/UnityEditor.QuickSearchModule:UnityEditor.Search:ASIAI0B' with importer (ScriptedImporter : UnityEditor.QuickSearchModule:UnityEditor.Search:ASIAI0B)
Imported 'GUID: 203984dce16ec4246a37d5b4f555c858' -> (Import Result ID: 'dabf65029bd442020908b220f5cbb93a') in 0.001 seconds [static and dynamic dependencies]. Details - ImportResultOutputID=7138c501bf2849b3c551254ae7361deb DependenciesID=e646eaafa17c56492e0914c270804058 StaticDependenciesID=0c9b14a25c1fa07ae2403f6925518a59 
Number of updated asset objects reloaded before import = 0
Number of asset objects unloaded after import = 0
========================================================================
Received Import Request.
  Time of request: 2026-10-01T19:11:25.028223Z
  Time since last request: 0.000223167 seconds.
  importAddress: GUID: 41d60936b62cc6d4ca7fe628b22b0e40 - Path: Packages/com.unity.test-framework/UnityEngine.TestRunner/TestRunner/RemoteHelpers/PlayerConnectionMessageIds.cs - Importer: ScriptedImporter/UnityEditor.QuickSearchModule:UnityEditor.Search:ASIAI0B
Importing 'GUID: 41d60936b62cc6d4ca7fe628b22b0e40 - Path: Packages/com.unity.test-framework/UnityEngine.TestRunner/TestRunner/RemoteHelpers/PlayerConnectionMessageIds.cs - Importer: ScriptedImporter/UnityEditor.QuickSearchModule:UnityEditor.Search:ASIAI0B' with importer (ScriptedImporter : UnityEditor.QuickSearchModule:UnityEditor.Search:ASIAI0B)
Imported 'GUID: 41d60936b62cc6d4ca7fe628b22b0e40' -> (Import Result ID: 'a714be20fda4afaa804865dea009de6e') in 0.001 seconds [static and dynamic dependencies]. Details - ImportResultOutputID=392d61b803dd037868b7464e4f804b86 DependenciesID=27ef1670c337324edce39bb170d92000 StaticDependenciesID=c7e8a7f364845a827f43ea575116d6dd 
Number of updated asset objects reloaded before import = 0
Number of asset objects unloaded after import = 0
========================================================================
Received Import Request.
  Time of request: 2026-10-01T19:11:25.029262Z
  Time since last request: 0.000267375 seconds.
  importAddress: GUID: 2de8ba3b840049641897e0da7ce1d5cd - Path: Packages/com.unity.test-framework/UnityEngine.TestRunner/NUnitExtensions/Commands/TestActionCommand.cs - Importer: ScriptedImporter/UnityEditor.QuickSearchModule:UnityEditor.Search:ASIAI0B
Importing 'GUID: 2de8ba3b840049641897e0da7ce1d5cd - Path: Packages/com.unity.test-framework/UnityEngine.TestRunner/NUnitExtensions/Commands/TestActionCommand.cs - Importer: ScriptedImporter/UnityEditor.QuickSearchModule:UnityEditor.Search:ASIAI0B' with importer (ScriptedImporter : UnityEditor.QuickSearchModule:UnityEditor.Search:ASIAI0B)
Imported 'GUID: 2de8ba3b840049641897e0da7ce1d5cd' -> (Import Result ID: '4e09a761a88e8d504638b2117469ac8b') in 0.001 seconds [static and dynamic dependencies]. Details - ImportResultOutputID=104ca4114d3af5dd55a374ed15dd4b8a DependenciesID=07ccdde3b8447d5d9db2f0e616f6edcf StaticDependenciesID=902dd7ceaa21f94e405b308c396366ae 
Number of updated asset objects reloaded before import = 0
Number of asset objects unloaded after import = 0
========================================================================
Received Import Request.
  Time of request: 2026-10-01T19:11:25.03192Z
  Time since last request: 0.001606083 seconds.
  importAddress: GUID: 68e5dc8bfd5d72647a93b7f2e1da831a - Path: Packages/com.unity.test-framework/UnityEngine.TestRunner/NUnitExtensions/Runner/FailCommand.cs - Importer: ScriptedImporter/UnityEditor.QuickSearchModule:UnityEditor.Search:ASIAI0B
Importing 'GUID: 68e5dc8bfd5d72647a93b7f2e1da831a - Path: Packages/com.unity.test-framework/UnityEngine.TestRunner/NUnitExtensions/Runner/FailCommand.cs - Importer: ScriptedImporter/UnityEditor.QuickSearchModule:UnityEditor.Search:ASIAI0B' with importer (ScriptedImporter : UnityEditor.QuickSearchModule:UnityEditor.Search:ASIAI0B)
Imported 'GUID: 68e5dc8bfd5d72647a93b7f2e1da831a' -> (Import Result ID: '7eddd1674ce37ba4d150e38bd18025fc') in 0.001 seconds [static and dynamic dependencies]. Details - ImportResultOutputID=52a43de6a4fb309102ba6763d2b21c0c DependenciesID=a90ce7c6da0aec589fd53c1a26bcd999 StaticDependenciesID=bfe6caf1c6cdf8685b86c86595ad362f 
Number of updated asset objects reloaded before import = 0
Number of asset objects unloaded after import = 0
========================================================================
Received Import Request.
  Time of request: 2026-10-01T19:11:25.033224Z
  Time since last request: 0.000217375 seconds.
  importAddress: GUID: df537bdce04d7964193fffe1cc99a343 - Path: Packages/com.unity.test-framework/UnityEngine.TestRunner/NUnitExtensions/Commands/EnumerableOneTimeSetUpTearDownCommand.cs - Importer: ScriptedImporter/UnityEditor.QuickSearchModule:UnityEditor.Search:ASIAI0B
Importing 'GUID: df537bdce04d7964193fffe1cc99a343 - Path: Packages/com.unity.test-framework/UnityEngine.TestRunner/NUnitExtensions/Commands/EnumerableOneTimeSetUpTearDownCommand.cs - Importer: ScriptedImporter/UnityEditor.QuickSearchModule:UnityEditor.Search:ASIAI0B' with importer (ScriptedImporter : UnityEditor.QuickSearchModule:UnityEditor.Search:ASIAI0B)
Imported 'GUID: df537bdce04d7964193fffe1cc99a343' -> (Import Result ID: 'c459c7234edcf930d360156e2c0a6943') in 0.001 seconds [static and dynamic dependencies]. Details - ImportResultOutputID=5e65a97fe11846dc6aabd2db8dd3d1c4 DependenciesID=47932d34a77e601e535f0be1a2d1143e StaticDependenciesID=76082ddde07a5b0334010c77ca407c65 
Number of updated asset objects reloaded before import = 0
Number of asset objects unloaded after import = 0
========================================================================
Received Import Request.
  Time of request: 2026-10-01T19:11:25.034368Z
  Time since last request: 0.000374708 seconds.
  importAddress: GUID: ebeedaa04bb53e24ba2e7fb6745e3fd3 - Path: Packages/com.unity.test-framework/UnityEngine.TestRunner/NUnitExtensions/Filters/CategoryFilterExtended.cs - Importer: ScriptedImporter/UnityEditor.QuickSearchModule:UnityEditor.Search:ASIAI0B
Importing 'GUID: ebeedaa04bb53e24ba2e7fb6745e3fd3 - Path: Packages/com.unity.test-framework/UnityEngine.TestRunner/NUnitExtensions/Filters/CategoryFilterExtended.cs - Importer: ScriptedImporter/UnityEditor.QuickSearchModule:UnityEditor.Search:ASIAI0B' with importer (ScriptedImporter : UnityEditor.QuickSearchModule:UnityEditor.Search:ASIAI0B)
Imported 'GUID: ebeedaa04bb53e24ba2e7fb6745e3fd3' -> (Import Result ID: 'd517223745cdeba4d2e1b1340e6d59c1') in 0.001 seconds [static and dynamic dependencies]. Details - ImportResultOutputID=413dece586edcab5f15c188de0ebfdc1 DependenciesID=4a6c0bf15805ad175f578bca0bc4529f StaticDependenciesID=1797b8be295a422d522046765fa0dd98 
Number of updated asset objects reloaded before import = 0
Number of asset objects unloaded after import = 0
========================================================================
Received Import Request.
  Time of request: 2026-10-01T19:11:25.035916Z
  Time since last request: 0.0007415 seconds.
  importAddress: GUID: e273462feb9a65948826739f683cc9a9 - Path: Packages/com.unity.test-framework/UnityEngine.TestRunner/NUnitExtensions/Commands/EnumerableRepeatedTestCommand.cs - Importer: ScriptedImporter/UnityEditor.QuickSearchModule:UnityEditor.Search:ASIAI0B
Importing 'GUID: e273462feb9a65948826739f683cc9a9 - Path: Packages/com.unity.test-framework/UnityEngine.TestRunner/NUnitExtensions/Commands/EnumerableRepeatedTestCommand.cs - Importer: ScriptedImporter/UnityEditor.QuickSearchModule:UnityEditor.Search:ASIAI0B' with importer (ScriptedImporter : UnityEditor.QuickSearchModule:UnityEditor.Search:ASIAI0B)
Imported 'GUID: e273462feb9a65948826739f683cc9a9' -> (Import Result ID: '0542a9e3f626f2fdc19377c21a3e6749') in 0.001 seconds [static and dynamic dependencies]. Details - ImportResultOutputID=f7d2e5987250b20a4188e01043355da0 DependenciesID=85fd526ab31e39e81c0a7943b88ceea8 StaticDependenciesID=9c6b46cd864e619cd600c0286f4ded47 
Number of updated asset objects reloaded before import = 0
Number of asset objects unloaded after import = 0
========================================================================
Received Import Request.
  Time of request: 2026-10-01T19:11:25.036994Z
  Time since last request: 0.000177083 seconds.
  importAddress: GUID: e0db3f3921670cd4ca2e925737c3fba4 - Path: Packages/com.unity.test-framework/UnityEngine.TestRunner/NUnitExtensions/Commands/SetUpTearDownCommand.cs - Importer: ScriptedImporter/UnityEditor.QuickSearchModule:UnityEditor.Search:ASIAI0B
Importing 'GUID: e0db3f3921670cd4ca2e925737c3fba4 - Path: Packages/com.unity.test-framework/UnityEngine.TestRunner/NUnitExtensions/Commands/SetUpTearDownCommand.cs - Importer: ScriptedImporter/UnityEditor.QuickSearchModule:UnityEditor.Search:ASIAI0B' with importer (ScriptedImporter : UnityEditor.QuickSearchModule:UnityEditor.Search:ASIAI0B)
Imported 'GUID: e0db3f3921670cd4ca2e925737c3fba4' -> (Import Result ID: '50bc73b7b83f208726cee8ae55b163ee') in 0.002 seconds [static and dynamic dependencies]. Details - ImportResultOutputID=5649dab25c29fd73b3cb08e16ad82720 DependenciesID=500529d76ca59ac1cad3a3f0f6017fdd StaticDependenciesID=0b15dd397f92bc04e8d39db552b35e99 
Number of updated asset objects reloaded before import = 0
Number of asset objects unloaded after import = 0
========================================================================
Received Import Request.
  Time of request: 2026-10-01T19:11:25.038874Z
  Time since last request: 0.000267709 seconds.
  importAddress: GUID: 59ff995fabb3bac45afa0f96f333e5dc - Path: Packages/com.unity.test-framework/UnityEngine.TestRunner/NUnitExtensions/Runner/UnityTestExecutionContext.cs - Importer: ScriptedImporter/UnityEditor.QuickSearchModule:UnityEditor.Search:ASIAI0B
Importing 'GUID: 59ff995fabb3bac45afa0f96f333e5dc - Path: Packages/com.unity.test-framework/UnityEngine.TestRunner/NUnitExtensions/Runner/UnityTestExecutionContext.cs - Importer: ScriptedImporter/UnityEditor.QuickSearchModule:UnityEditor.Search:ASIAI0B' with importer (ScriptedImporter : UnityEditor.QuickSearchModule:UnityEditor.Search:ASIAI0B)
Imported 'GUID: 59ff995fabb3bac45afa0f96f333e5dc' -> (Import Result ID: '21996335f8f711f329c50b955dce53a9') in 0.001 seconds [static and dynamic dependencies]. Details - ImportResultOutputID=6fa6227398e04b7f38d0de2f377ebaca DependenciesID=7989b2160f2a0e7fb8a438d4a21210fe StaticDependenciesID=c2782b078e943466fe3cb9399b3a3311 
Number of updated asset objects reloaded before import = 0
Number of asset objects unloaded after import = 0
========================================================================
Received Import Request.
  Time of request: 2026-10-01T19:11:25.040473Z
  Time since last request: 0.000280875 seconds.
  importAddress: GUID: 5ebb87899ca30b743bb4274bc00c02b4 - Path: Packages/com.unity.test-framework/UnityEngine.TestRunner/TestRunner/Callbacks/TestResultRenderer.cs - Importer: ScriptedImporter/UnityEditor.QuickSearchModule:UnityEditor.Search:ASIAI0B
Importing 'GUID: 5ebb87899ca30b743bb4274bc00c02b4 - Path: Packages/com.unity.test-framework/UnityEngine.TestRunner/TestRunner/Callbacks/TestResultRenderer.cs - Importer: ScriptedImporter/UnityEditor.QuickSearchModule:UnityEditor.Search:ASIAI0B' with importer (ScriptedImporter : UnityEditor.QuickSearchModule:UnityEditor.Search:ASIAI0B)
Imported 'GUID: 5ebb87899ca30b743bb4274bc00c02b4' -> (Import Result ID: '5b16b565b75148926d2cf2016dec71c1') in 0.001 seconds [static and dynamic dependencies]. Details - ImportResultOutputID=2044d29b8f50f99240f6e7cfddc9c90e DependenciesID=747b5a5d96a8995a2d0300705dc1d9b3 StaticDependenciesID=0161df3d76cf012ae910433bee0377f3 
Number of updated asset objects reloaded before import = 0
Number of asset objects unloaded after import = 0
========================================================================
Received Import Request.
  Time of request: 2026-10-01T19:11:25.041759Z
  Time since last request: 0.0003045 seconds.
  importAddress: GUID: 874c0713cdc44f549b0161750b48d2c2 - Path: Packages/com.unity.test-framework/UnityEngine.TestRunner/TestRunner/RemoteHelpers/IRemoteTestResultDataFactory.cs - Importer: ScriptedImporter/UnityEditor.QuickSearchModule:UnityEditor.Search:ASIAI0B
Importing 'GUID: 874c0713cdc44f549b0161750b48d2c2 - Path: Packages/com.unity.test-framework/UnityEngine.TestRunner/TestRunner/RemoteHelpers/IRemoteTestResultDataFactory.cs - Importer: ScriptedImporter/UnityEditor.QuickSearchModule:UnityEditor.Search:ASIAI0B' with importer (ScriptedImporter : UnityEditor.QuickSearchModule:UnityEditor.Search:ASIAI0B)
Imported 'GUID: 874c0713cdc44f549b0161750b48d2c2' -> (Import Result ID: '1c49d5a0208054c2b86fedb0ec6ed45b') in 0.001 seconds [static and dynamic dependencies]. Details - ImportResultOutputID=2bc836c839cea5a237510f3ece3bf4a1 DependenciesID=02c00de3148253b3fc8999afe5844d9c StaticDependenciesID=296b502fde373f0a36f3eea3908185e4 
Number of updated asset objects reloaded before import = 0
Number of asset objects unloaded after import = 0
========================================================================
Received Import Request.
  Time of request: 2026-10-01T19:11:25.042843Z
  Time since last request: 0.000214041 seconds.
  importAddress: GUID: 851f94140ec64b7db846948429a87f01 - Path: Packages/com.unity.test-framework/UnityEngine.TestRunner/NUnitExtensions/Commands/RepeatCommand.cs - Importer: ScriptedImporter/UnityEditor.QuickSearchModule:UnityEditor.Search:ASIAI0B
Importing 'GUID: 851f94140ec64b7db846948429a87f01 - Path: Packages/com.unity.test-framework/UnityEngine.TestRunner/NUnitExtensions/Commands/RepeatCommand.cs - Importer: ScriptedImporter/UnityEditor.QuickSearchModule:UnityEditor.Search:ASIAI0B' with importer (ScriptedImporter : UnityEditor.QuickSearchModule:UnityEditor.Search:ASIAI0B)
Imported 'GUID: 851f94140ec64b7db846948429a87f01' -> (Import Result ID: 'beada76f055d9e42275e7ea5887b4267') in 0.001 seconds [static and dynamic dependencies]. Details - ImportResultOutputID=55dcbc2cf1d3d9d730e01537ab948de6 DependenciesID=d70866ff52c8763aa59627878ecd94fe StaticDependenciesID=2b4871ea0dbd5f04ffe4c4370f2a7997 
Number of updated asset objects reloaded before import = 0
Number of asset objects unloaded after import = 0
========================================================================
Received Import Request.
  Time of request: 2026-10-01T19:11:25.043848Z
  Time since last request: 0.000223709 seconds.
  importAddress: GUID: 48230e4e90fb4d14a9d56bddea898413 - Path: Packages/com.unity.test-framework/UnityEngine.TestRunner/NUnitExtensions/Runner/UnityLogCheckDelegatingCommand.cs - Importer: ScriptedImporter/UnityEditor.QuickSearchModule:UnityEditor.Search:ASIAI0B
Importing 'GUID: 48230e4e90fb4d14a9d56bddea898413 - Path: Packages/com.unity.test-framework/UnityEngine.TestRunner/NUnitExtensions/Runner/UnityLogCheckDelegatingCommand.cs - Importer: ScriptedImporter/UnityEditor.QuickSearchModule:UnityEditor.Search:ASIAI0B' with importer (ScriptedImporter : UnityEditor.QuickSearchModule:UnityEditor.Search:ASIAI0B)
Imported 'GUID: 48230e4e90fb4d14a9d56bddea898413' -> (Import Result ID: '5742e38c5d9b6f091d3cf03559bfbee2') in 0.001 seconds [static and dynamic dependencies]. Details - ImportResultOutputID=48fa54158f8c0493e7581cfd16d59f0a DependenciesID=39477475be0630dbc61f4a60ee403a6a StaticDependenciesID=7cede50efa3b68bbfae67c0036108e83 
Number of updated asset objects reloaded before import = 0
Number of asset objects unloaded after import = 0
========================================================================
Received Import Request.
  Time of request: 2026-10-01T19:11:25.045055Z
  Time since last request: 0.000312792 seconds.
  importAddress: GUID: b135ec222fdcd11468014c90d11d6821 - Path: Packages/com.unity.test-framework/UnityEngine.TestRunner/TestRunner/RemoteHelpers/RemoteTestData.cs - Importer: ScriptedImporter/UnityEditor.QuickSearchModule:UnityEditor.Search:ASIAI0B
Importing 'GUID: b135ec222fdcd11468014c90d11d6821 - Path: Packages/com.unity.test-framework/UnityEngine.TestRunner/TestRunner/RemoteHelpers/RemoteTestData.cs - Importer: ScriptedImporter/UnityEditor.QuickSearchModule:UnityEditor.Search:ASIAI0B' with importer (ScriptedImporter : UnityEditor.QuickSearchModule:UnityEditor.Search:ASIAI0B)
Imported 'GUID: b135ec222fdcd11468014c90d11d6821' -> (Import Result ID: '1a9bc56a0e57a1638148b3888e45e95b') in 0.001 seconds [static and dynamic dependencies]. Details - ImportResultOutputID=4dd530b73eeb8f4c1f3c451883ba0e13 DependenciesID=f9c3b73c99edd00b700cd797e077e612 StaticDependenciesID=9e79480d0de2b3cc34136f3e9e3f4e5c 
Number of updated asset objects reloaded before import = 0
Number of asset objects unloaded after import = 0
========================================================================
Received Import Request.
  Time of request: 2026-10-01T19:11:25.046233Z
  Time since last request: 0.000245042 seconds.
  importAddress: GUID: aa5dd1a9432747fd89501213ba621de6 - Path: Packages/com.unity.test-framework/UnityEngine.TestRunner/NUnitExtensions/Commands/EnumerableMaxTimeCommand.cs - Importer: ScriptedImporter/UnityEditor.QuickSearchModule:UnityEditor.Search:ASIAI0B
Importing 'GUID: aa5dd1a9432747fd89501213ba621de6 - Path: Packages/com.unity.test-framework/UnityEngine.TestRunner/NUnitExtensions/Commands/EnumerableMaxTimeCommand.cs - Importer: ScriptedImporter/UnityEditor.QuickSearchModule:UnityEditor.Search:ASIAI0B' with importer (ScriptedImporter : UnityEditor.QuickSearchModule:UnityEditor.Search:ASIAI0B)
Imported 'GUID: aa5dd1a9432747fd89501213ba621de6' -> (Import Result ID: 'a7216b3356cebddd80684e7f37f0afac') in 0.001 seconds [static and dynamic dependencies]. Details - ImportResultOutputID=3c3f6460f8814e7c6c0f0534dca5c343 DependenciesID=c34b8970ed8f1990a8fa03090299428a StaticDependenciesID=137f6bfc5df1e7dcb754fe4a16a24823 
Number of updated asset objects reloaded before import = 0
Number of asset objects unloaded after import = 0
========================================================================
Received Import Request.
  Time of request: 2026-10-01T19:11:25.047442Z
  Time since last request: 0.000176833 seconds.
  importAddress: GUID: 7d2d4145ec6c42dabb2d7af8e58224db - Path: Packages/com.unity.test-framework/UnityEngine.TestRunner/NUnitExtensions/Commands/TimeoutCommand.cs - Importer: ScriptedImporter/UnityEditor.QuickSearchModule:UnityEditor.Search:ASIAI0B
Importing 'GUID: 7d2d4145ec6c42dabb2d7af8e58224db - Path: Packages/com.unity.test-framework/UnityEngine.TestRunner/NUnitExtensions/Commands/TimeoutCommand.cs - Importer: ScriptedImporter/UnityEditor.QuickSearchModule:UnityEditor.Search:ASIAI0B' with importer (ScriptedImporter : UnityEditor.QuickSearchModule:UnityEditor.Search:ASIAI0B)
Imported 'GUID: 7d2d4145ec6c42dabb2d7af8e58224db' -> (Import Result ID: 'abb085b7a4296387cb88fff61674fc5e') in 0.001 seconds [static and dynamic dependencies]. Details - ImportResultOutputID=57d0fa048698b904a27b518c322ffca8 DependenciesID=8184dda1a191ddd45ccfdab1237976c7 StaticDependenciesID=81e30e6bb42fd888efac2eeb3ef7a497 
Number of updated asset objects reloaded before import = 0
Number of asset objects unloaded after import = 0
========================================================================
Received Import Request.
  Time of request: 2026-10-01T19:11:25.048394Z
  Time since last request: 0.000205042 seconds.
  importAddress: GUID: dfc336f10b83bd74eaded16a658275c7 - Path: Packages/com.unity.test-framework/UnityEngine.TestRunner/TestRunner/Callbacks/TestResultRendererCallback.cs - Importer: ScriptedImporter/UnityEditor.QuickSearchModule:UnityEditor.Search:ASIAI0B
Importing 'GUID: dfc336f10b83bd74eaded16a658275c7 - Path: Packages/com.unity.test-framework/UnityEngine.TestRunner/TestRunner/Callbacks/TestResultRendererCallback.cs - Importer: ScriptedImporter/UnityEditor.QuickSearchModule:UnityEditor.Search:ASIAI0B' with importer (ScriptedImporter : UnityEditor.QuickSearchModule:UnityEditor.Search:ASIAI0B)
Imported 'GUID: dfc336f10b83bd74eaded16a658275c7' -> (Import Result ID: '4b1839a63a75627dd2b56b897dc2d397') in 0.001 seconds [static and dynamic dependencies]. Details - ImportResultOutputID=549d9f457d3db87a2bd20def302ba596 DependenciesID=f3f50c2ebbf7b04c9dc7bcf085c9e56e StaticDependenciesID=90b703d00b06d7684d49dce20ddd0a13 
Number of updated asset objects reloaded before import = 0
Number of asset objects unloaded after import = 0
========================================================================
Received Import Request.
  Time of request: 2026-10-01T19:11:25.049482Z
  Time since last request: 0.000222 seconds.
  importAddress: GUID: 826b6becaef90fb458eedebe4c2f3664 - Path: Packages/com.unity.test-framework/UnityEngine.TestRunner/TestRunner/RemoteHelpers/RemoteTestResultDataFactory.cs - Importer: ScriptedImporter/UnityEditor.QuickSearchModule:UnityEditor.Search:ASIAI0B
Importing 'GUID: 826b6becaef90fb458eedebe4c2f3664 - Path: Packages/com.unity.test-framework/UnityEngine.TestRunner/TestRunner/RemoteHelpers/RemoteTestResultDataFactory.cs - Importer: ScriptedImporter/UnityEditor.QuickSearchModule:UnityEditor.Search:ASIAI0B' with importer (ScriptedImporter : UnityEditor.QuickSearchModule:UnityEditor.Search:ASIAI0B)
Imported 'GUID: 826b6becaef90fb458eedebe4c2f3664' -> (Import Result ID: '75dae658dcdad279677a2d4bef2e9522') in 0.001 seconds [static and dynamic dependencies]. Details - ImportResultOutputID=85a7c412443c2fe3bcacba652886409c DependenciesID=cb8aa430a1959f01e62cb257d43ed9ff StaticDependenciesID=fee554e0965373012db909c393b2fe99 
Number of updated asset objects reloaded before import = 0
Number of asset objects unloaded after import = 0
========================================================================
Received Import Request.
  Time of request: 2026-10-01T19:11:25.05063Z
  Time since last request: 0.000291708 seconds.
  importAddress: GUID: cbbca1d8a0434be4bbc7f165523763ac - Path: Packages/com.unity.test-framework/UnityEngine.TestRunner/NUnitExtensions/Commands/BeforeAfterTestCommandBase.cs - Importer: ScriptedImporter/UnityEditor.QuickSearchModule:UnityEditor.Search:ASIAI0B
Importing 'GUID: cbbca1d8a0434be4bbc7f165523763ac - Path: Packages/com.unity.test-framework/UnityEngine.TestRunner/NUnitExtensions/Commands/BeforeAfterTestCommandBase.cs - Importer: ScriptedImporter/UnityEditor.QuickSearchModule:UnityEditor.Search:ASIAI0B' with importer (ScriptedImporter : UnityEditor.QuickSearchModule:UnityEditor.Search:ASIAI0B)
Imported 'GUID: cbbca1d8a0434be4bbc7f165523763ac' -> (Import Result ID: '0555bf9c7eb6d51ebd24709b319bef54') in 0.001 seconds [static and dynamic dependencies]. Details - ImportResultOutputID=37b8c713fd5d62a705796d19ecaf1124 DependenciesID=0e6067eceaf18b2738554506b7616535 StaticDependenciesID=056d5dce28f6060dbf7ea3832fb293de 
Number of updated asset objects reloaded before import = 0
Number of asset objects unloaded after import = 0
========================================================================
Received Import Request.
  Time of request: 2026-10-01T19:11:25.051711Z
  Time since last request: 0.000231042 seconds.
  importAddress: GUID: 8349e42a2b30c7a4abd8678c203428ba - Path: Packages/com.unity.test-framework/UnityEngine.TestRunner/NUnitExtensions/Commands/ImmediateEnumerableCommand.cs - Importer: ScriptedImporter/UnityEditor.QuickSearchModule:UnityEditor.Search:ASIAI0B
Importing 'GUID: 8349e42a2b30c7a4abd8678c203428ba - Path: Packages/com.unity.test-framework/UnityEngine.TestRunner/NUnitExtensions/Commands/ImmediateEnumerableCommand.cs - Importer: ScriptedImporter/UnityEditor.QuickSearchModule:UnityEditor.Search:ASIAI0B' with importer (ScriptedImporter : UnityEditor.QuickSearchModule:UnityEditor.Search:ASIAI0B)
Imported 'GUID: 8349e42a2b30c7a4abd8678c203428ba' -> (Import Result ID: '61512f0f0a6075af3f7e9f79399cf5d1') in 0.001 seconds [static and dynamic dependencies]. Details - ImportResultOutputID=66d83a98e8f0d9170700ee1e510f8d28 DependenciesID=747b583bd4d4d1efd235d35cb78766ac StaticDependenciesID=279a90378cbda995e750e5ed382cb1fe 
Number of updated asset objects reloaded before import = 0
Number of asset objects unloaded after import = 0
========================================================================
Received Import Request.
  Time of request: 2026-10-01T19:11:25.053092Z
  Time since last request: 0.000548084 seconds.
  importAddress: GUID: 91319408591cec1478efd3c62f9f418a - Path: Packages/com.unity.test-framework/UnityEngine.TestRunner/NUnitExtensions/Filters/AssemblyNameFilter.cs - Importer: ScriptedImporter/UnityEditor.QuickSearchModule:UnityEditor.Search:ASIAI0B
Importing 'GUID: 91319408591cec1478efd3c62f9f418a - Path: Packages/com.unity.test-framework/UnityEngine.TestRunner/NUnitExtensions/Filters/AssemblyNameFilter.cs - Importer: ScriptedImporter/UnityEditor.QuickSearchModule:UnityEditor.Search:ASIAI0B' with importer (ScriptedImporter : UnityEditor.QuickSearchModule:UnityEditor.Search:ASIAI0B)
Imported 'GUID: 91319408591cec1478efd3c62f9f418a' -> (Import Result ID: '0ca3b31ae32c01a0d9692d6380f1050a') in 0.001 seconds [static and dynamic dependencies]. Details - ImportResultOutputID=bc5816664d39454a9a1b5141d0295cf1 DependenciesID=0040d59f85913787fa2efa6395140bdc StaticDependenciesID=88e8d2766457858c90a5f51fc9491261 
Number of updated asset objects reloaded before import = 0
Number of asset objects unloaded after import = 0
========================================================================
Received Import Request.
  Time of request: 2026-10-01T19:11:25.054465Z
  Time since last request: 0.000331459 seconds.
  importAddress: GUID: 475e3699f219c854f8581a9838135002 - Path: Packages/com.unity.test-framework/UnityEngine.TestRunner/TestRunner/RemoteHelpers/RemoteTestResultDataWithTestData.cs - Importer: ScriptedImporter/UnityEditor.QuickSearchModule:UnityEditor.Search:ASIAI0B
Importing 'GUID: 475e3699f219c854f8581a9838135002 - Path: Packages/com.unity.test-framework/UnityEngine.TestRunner/TestRunner/RemoteHelpers/RemoteTestResultDataWithTestData.cs - Importer: ScriptedImporter/UnityEditor.QuickSearchModule:UnityEditor.Search:ASIAI0B' with importer (ScriptedImporter : UnityEditor.QuickSearchModule:UnityEditor.Search:ASIAI0B)
Imported 'GUID: 475e3699f219c854f8581a9838135002' -> (Import Result ID: '1294b01b38b3388bbef5bce5505c3592') in 0.001 seconds [static and dynamic dependencies]. Details - ImportResultOutputID=d3cc1f65b5c09b42947f22ab300beb66 DependenciesID=a7d1edcdf4130c1a71d1e6b9171167c4 StaticDependenciesID=0e29c57748bbf0f2ab736426b394aa7f 
Number of updated asset objects reloaded before import = 0
Number of asset objects unloaded after import = 0
========================================================================
Received Import Request.
  Time of request: 2026-10-01T19:11:25.055738Z
  Time since last request: 0.000199959 seconds.
  importAddress: GUID: f40df9c8cf926b241b093a37028d8815 - Path: Packages/com.unity.test-framework/UnityEngine.TestRunner/NUnitExtensions/Runner/TestCommandBuilder.cs - Importer: ScriptedImporter/UnityEditor.QuickSearchModule:UnityEditor.Search:ASIAI0B
Importing 'GUID: f40df9c8cf926b241b093a37028d8815 - Path: Packages/com.unity.test-framework/UnityEngine.TestRunner/NUnitExtensions/Runner/TestCommandBuilder.cs - Importer: ScriptedImporter/UnityEditor.QuickSearchModule:UnityEditor.Search:ASIAI0B' with importer (ScriptedImporter : UnityEditor.QuickSearchModule:UnityEditor.Search:ASIAI0B)
Imported 'GUID: f40df9c8cf926b241b093a37028d8815' -> (Import Result ID: '5ae5b062cc1267247494e8e623c0b44b') in 0.001 seconds [static and dynamic dependencies]. Details - ImportResultOutputID=ff5da50da10fb44f49f315023a357d7c DependenciesID=21e5231417e6f65134848679ae3ea215 StaticDependenciesID=2b930c53df68e74969125ea6a36b7e74 
Number of updated asset objects reloaded before import = 0
Number of asset objects unloaded after import = 0
========================================================================
Received Import Request.
  Time of request: 2026-10-01T19:11:25.056867Z
  Time since last request: 0.000271875 seconds.
  importAddress: GUID: fedb0f9e5006b1943abae52f52f08a1a - Path: Packages/com.unity.test-framework/UnityEngine.TestRunner/NUnitExtensions/Attributes/UnityTestAttribute.cs - Importer: ScriptedImporter/UnityEditor.QuickSearchModule:UnityEditor.Search:ASIAI0B
Importing 'GUID: fedb0f9e5006b1943abae52f52f08a1a - Path: Packages/com.unity.test-framework/UnityEngine.TestRunner/NUnitExtensions/Attributes/UnityTestAttribute.cs - Importer: ScriptedImporter/UnityEditor.QuickSearchModule:UnityEditor.Search:ASIAI0B' with importer (ScriptedImporter : UnityEditor.QuickSearchModule:UnityEditor.Search:ASIAI0B)
Imported 'GUID: fedb0f9e5006b1943abae52f52f08a1a' -> (Import Result ID: '188d3ca48680fced06a7448aa8771fb0') in 0.001 seconds [static and dynamic dependencies]. Details - ImportResultOutputID=ebac7af4b8ade03ac0bd0e2eb70dce2c DependenciesID=cfa8a6a9e466057322852a9e05a8933a StaticDependenciesID=dcc13fb7a3e18ad0c369293188ae5208 
Number of updated asset objects reloaded before import = 0
Number of asset objects unloaded after import = 0
========================================================================
Received Import Request.
  Time of request: 2026-10-01T19:11:25.058075Z
  Time since last request: 0.000222 seconds.
  importAddress: GUID: 26721f9940339264fb14bdbfe1290e21 - Path: Packages/com.unity.test-framework/UnityEngine.TestRunner/NUnitExtensions/Runner/RestoreTestContextAfterDomainReload.cs - Importer: ScriptedImporter/UnityEditor.QuickSearchModule:UnityEditor.Search:ASIAI0B
Importing 'GUID: 26721f9940339264fb14bdbfe1290e21 - Path: Packages/com.unity.test-framework/UnityEngine.TestRunner/NUnitExtensions/Runner/RestoreTestContextAfterDomainReload.cs - Importer: ScriptedImporter/UnityEditor.QuickSearchModule:UnityEditor.Search:ASIAI0B' with importer (ScriptedImporter : UnityEditor.QuickSearchModule:UnityEditor.Search:ASIAI0B)
Imported 'GUID: 26721f9940339264fb14bdbfe1290e21' -> (Import Result ID: '4a58c28a9f22ac423c0221efa6f0e32a') in 0.001 seconds [static and dynamic dependencies]. Details - ImportResultOutputID=23075d519f5db379daa352d2b6093970 DependenciesID=1c8b802b4bc6a08aa31ec447e20de4d9 StaticDependenciesID=141b51ccd567cf1857e1d04b6b7546e2 
Number of updated asset objects reloaded before import = 0
Number of asset objects unloaded after import = 0
========================================================================
Received Import Request.
  Time of request: 2026-10-01T19:11:25.059162Z
  Time since last request: 0.000193667 seconds.
  importAddress: GUID: 600f4b74746dbf944901257f81a8af6d - Path: Packages/com.unity.test-framework/UnityEngine.TestRunner/NUnitExtensions/Attributes/UnityTearDownAttribute.cs - Importer: ScriptedImporter/UnityEditor.QuickSearchModule:UnityEditor.Search:ASIAI0B
Importing 'GUID: 600f4b74746dbf944901257f81a8af6d - Path: Packages/com.unity.test-framework/UnityEngine.TestRunner/NUnitExtensions/Attributes/UnityTearDownAttribute.cs - Importer: ScriptedImporter/UnityEditor.QuickSearchModule:UnityEditor.Search:ASIAI0B' with importer (ScriptedImporter : UnityEditor.QuickSearchModule:UnityEditor.Search:ASIAI0B)
Imported 'GUID: 600f4b74746dbf944901257f81a8af6d' -> (Import Result ID: '572d82a853560bd089b17cf92e075902') in 0.001 seconds [static and dynamic dependencies]. Details - ImportResultOutputID=81bfc1123ea47437ffd6dbadd68ed2cc DependenciesID=7532964a2077fb7b2984b939b6140a44 StaticDependenciesID=74403af18c16830231b78c956d3c09b7 
Number of updated asset objects reloaded before import = 0
Number of asset objects unloaded after import = 0
========================================================================
Received Import Request.
  Time of request: 2026-10-01T19:11:25.060182Z
  Time since last request: 0.000270667 seconds.
  importAddress: GUID: 898bc38486fc899428fbe5bd6adfe473 - Path: Packages/com.unity.test-framework/UnityEngine.TestRunner/TestRunner/Messages/IEditModeTestYieldInstruction.cs - Importer: ScriptedImporter/UnityEditor.QuickSearchModule:UnityEditor.Search:ASIAI0B
Importing 'GUID: 898bc38486fc899428fbe5bd6adfe473 - Path: Packages/com.unity.test-framework/UnityEngine.TestRunner/TestRunner/Messages/IEditModeTestYieldInstruction.cs - Importer: ScriptedImporter/UnityEditor.QuickSearchModule:UnityEditor.Search:ASIAI0B' with importer (ScriptedImporter : UnityEditor.QuickSearchModule:UnityEditor.Search:ASIAI0B)
Imported 'GUID: 898bc38486fc899428fbe5bd6adfe473' -> (Import Result ID: '26fed4e152b4f61a9fb7582633b798b6') in 0.001 seconds [static and dynamic dependencies]. Details - ImportResultOutputID=03d11c32159f6f565b69c4bf033d38bd DependenciesID=1ce14d454ea176e60c5ae7aa4f9e78ff StaticDependenciesID=4e8fcfc996fce6618e029abc504a3b2b 
Number of updated asset objects reloaded before import = 0
Number of asset objects unloaded after import = 0
========================================================================
Received Import Request.
  Time of request: 2026-10-01T19:11:25.061493Z
  Time since last request: 0.000202792 seconds.
  importAddress: GUID: b557515fff172984e8c4400b43f1c631 - Path: Packages/com.unity.test-framework/UnityEngine.TestRunner/NUnitExtensions/Runner/CoroutineTestWorkItem.cs - Importer: ScriptedImporter/UnityEditor.QuickSearchModule:UnityEditor.Search:ASIAI0B
Importing 'GUID: b557515fff172984e8c4400b43f1c631 - Path: Packages/com.unity.test-framework/UnityEngine.TestRunner/NUnitExtensions/Runner/CoroutineTestWorkItem.cs - Importer: ScriptedImporter/UnityEditor.QuickSearchModule:UnityEditor.Search:ASIAI0B' with importer (ScriptedImporter : UnityEditor.QuickSearchModule:UnityEditor.Search:ASIAI0B)
Imported 'GUID: b557515fff172984e8c4400b43f1c631' -> (Import Result ID: 'd6491b4559994943c5b6406d831ef6ea') in 0.002 seconds [static and dynamic dependencies]. Details - ImportResultOutputID=0c8ec01232807b201f496a7e56b6fb33 DependenciesID=6d028adced1d6581ecb02eec3e3930cd StaticDependenciesID=b6d36f12d892565c3087049d9f04dd7c 
Number of updated asset objects reloaded before import = 0
Number of asset objects unloaded after import = 0
========================================================================
Received Import Request.
  Time of request: 2026-10-01T19:11:25.063768Z
  Time since last request: 0.0002745 seconds.
  importAddress: GUID: e55eddf2afda488db58fb17f985fee99 - Path: Packages/com.unity.test-framework/UnityEngine.TestRunner/NUnitExtensions/Commands/IgnoreTestCommand.cs - Importer: ScriptedImporter/UnityEditor.QuickSearchModule:UnityEditor.Search:ASIAI0B
Importing 'GUID: e55eddf2afda488db58fb17f985fee99 - Path: Packages/com.unity.test-framework/UnityEngine.TestRunner/NUnitExtensions/Commands/IgnoreTestCommand.cs - Importer: ScriptedImporter/UnityEditor.QuickSearchModule:UnityEditor.Search:ASIAI0B' with importer (ScriptedImporter : UnityEditor.QuickSearchModule:UnityEditor.Search:ASIAI0B)
Imported 'GUID: e55eddf2afda488db58fb17f985fee99' -> (Import Result ID: '09affc505ab385fe456ffb287626aeb2') in 0.001 seconds [static and dynamic dependencies]. Details - ImportResultOutputID=f5fe34d185232a6df21ca9de2028d25c DependenciesID=0d6ca487d61c47c3fd0be38d9782bc61 StaticDependenciesID=2bf587589d68a59271abcdb8ddea7bcf 
Number of updated asset objects reloaded before import = 0
Number of asset objects unloaded after import = 0
========================================================================
Received Import Request.
  Time of request: 2026-10-01T19:11:25.065139Z
  Time since last request: 0.000220542 seconds.
  importAddress: GUID: 2e3b9bbf2c1a3cd4f88883ca32882ec6 - Path: Packages/com.unity.test-framework/UnityEngine.TestRunner/Utils/AssemblyProvider/AssemblyWrapper.cs - Importer: ScriptedImporter/UnityEditor.QuickSearchModule:UnityEditor.Search:ASIAI0B
Importing 'GUID: 2e3b9bbf2c1a3cd4f88883ca32882ec6 - Path: Packages/com.unity.test-framework/UnityEngine.TestRunner/Utils/AssemblyProvider/AssemblyWrapper.cs - Importer: ScriptedImporter/UnityEditor.QuickSearchModule:UnityEditor.Search:ASIAI0B' with importer (ScriptedImporter : UnityEditor.QuickSearchModule:UnityEditor.Search:ASIAI0B)
Imported 'GUID: 2e3b9bbf2c1a3cd4f88883ca32882ec6' -> (Import Result ID: 'afba7504fa30cc87c7d289648fb27131') in 0.001 seconds [static and dynamic dependencies]. Details - ImportResultOutputID=ba9cc93bcd11e2257b21533958d58f9f DependenciesID=c03c297de097dfcf597106131d247de5 StaticDependenciesID=958d389438650d7d95ccedcfa93e79d0 
Number of updated asset objects reloaded before import = 0
Number of asset objects unloaded after import = 0
========================================================================
Received Import Request.
  Time of request: 2026-10-01T19:11:25.066426Z
  Time since last request: 0.000201792 seconds.
  importAddress: GUID: dd85a35169d313840a0874aea1a28629 - Path: Packages/com.unity.test-framework/UnityEngine.TestRunner/NUnitExtensions/Commands/EnumerableSetUpTearDownCommand.cs - Importer: ScriptedImporter/UnityEditor.QuickSearchModule:UnityEditor.Search:ASIAI0B
Importing 'GUID: dd85a35169d313840a0874aea1a28629 - Path: Packages/com.unity.test-framework/UnityEngine.TestRunner/NUnitExtensions/Commands/EnumerableSetUpTearDownCommand.cs - Importer: ScriptedImporter/UnityEditor.QuickSearchModule:UnityEditor.Search:ASIAI0B' with importer (ScriptedImporter : UnityEditor.QuickSearchModule:UnityEditor.Search:ASIAI0B)
Imported 'GUID: dd85a35169d313840a0874aea1a28629' -> (Import Result ID: '902378643c87fc4c30edb69436f51036') in 0.001 seconds [static and dynamic dependencies]. Details - ImportResultOutputID=d175cf2f0cbbd2329d27076cf4f80835 DependenciesID=043c3e7377b31a20bf4eb40aecd9dc1b StaticDependenciesID=cc0116c3c1ae2a7aebf77bd0cd9f4d26 
Number of updated asset objects reloaded before import = 0
Number of asset objects unloaded after import = 0
========================================================================
Received Import Request.
  Time of request: 2026-10-01T19:11:25.067466Z
  Time since last request: 0.000262833 seconds.
  importAddress: GUID: 7ef6801a8b664544aa9f2ab1bc1f8b60 - Path: Packages/com.unity.test-framework/UnityEngine.TestRunner/NUnitExtensions/Runner/PlaymodeWorkItemFactory.cs - Importer: ScriptedImporter/UnityEditor.QuickSearchModule:UnityEditor.Search:ASIAI0B
Importing 'GUID: 7ef6801a8b664544aa9f2ab1bc1f8b60 - Path: Packages/com.unity.test-framework/UnityEngine.TestRunner/NUnitExtensions/Runner/PlaymodeWorkItemFactory.cs - Importer: ScriptedImporter/UnityEditor.QuickSearchModule:UnityEditor.Search:ASIAI0B' with importer (ScriptedImporter : UnityEditor.QuickSearchModule:UnityEditor.Search:ASIAI0B)
Imported 'GUID: 7ef6801a8b664544aa9f2ab1bc1f8b60' -> (Import Result ID: '6e23dcacdf7f8641fca7992408854c7d') in 0.001 seconds [static and dynamic dependencies]. Details - ImportResultOutputID=944859689822bac81037b8897684f514 DependenciesID=8dd859beff034ac6d7468bbe8a409247 StaticDependenciesID=d5cb2151a9abc241d1a2dc3eddaf1f48 
Number of updated asset objects reloaded before import = 0
Number of asset objects unloaded after import = 0
========================================================================
Received Import Request.
  Time of request: 2026-10-01T19:11:25.068634Z
  Time since last request: 0.000220542 seconds.
  importAddress: GUID: 0d4fc309a0784294c8ab658b53b12320 - Path: Packages/com.unity.test-framework/UnityEngine.TestRunner/NUnitExtensions/Commands/OuterUnityTestActionCommand.cs - Importer: ScriptedImporter/UnityEditor.QuickSearchModule:UnityEditor.Search:ASIAI0B
Importing 'GUID: 0d4fc309a0784294c8ab658b53b12320 - Path: Packages/com.unity.test-framework/UnityEngine.TestRunner/NUnitExtensions/Commands/OuterUnityTestActionCommand.cs - Importer: ScriptedImporter/UnityEditor.QuickSearchModule:UnityEditor.Search:ASIAI0B' with importer (ScriptedImporter : UnityEditor.QuickSearchModule:UnityEditor.Search:ASIAI0B)
Imported 'GUID: 0d4fc309a0784294c8ab658b53b12320' -> (Import Result ID: '1bf098393b1c72d0867f006f8ac18631') in 0.001 seconds [static and dynamic dependencies]. Details - ImportResultOutputID=ce8067045cf5445878346b92bad894fd DependenciesID=2c5ca3178e7a24ae28c6e66a5591a6e0 StaticDependenciesID=ec8acc57a7467246f91654c75fbc05a6 
Number of updated asset objects reloaded before import = 0
Number of asset objects unloaded after import = 0
========================================================================
Received Import Request.
  Time of request: 2026-10-01T19:11:25.069816Z
  Time since last request: 0.000367459 seconds.
  importAddress: GUID: 3cf5cb9e1ef590c48b1f919f2a7bd895 - Path: Packages/com.unity.test-framework/UnityEngine.TestRunner/TestRunner/Callbacks/PlayModeRunnerCallback.cs - Importer: ScriptedImporter/UnityEditor.QuickSearchModule:UnityEditor.Search:ASIAI0B
Importing 'GUID: 3cf5cb9e1ef590c48b1f919f2a7bd895 - Path: Packages/com.unity.test-framework/UnityEngine.TestRunner/TestRunner/Callbacks/PlayModeRunnerCallback.cs - Importer: ScriptedImporter/UnityEditor.QuickSearchModule:UnityEditor.Search:ASIAI0B' with importer (ScriptedImporter : UnityEditor.QuickSearchModule:UnityEditor.Search:ASIAI0B)
Imported 'GUID: 3cf5cb9e1ef590c48b1f919f2a7bd895' -> (Import Result ID: 'e3c4647e48048bc818cd4ded4f3e9214') in 0.001 seconds [static and dynamic dependencies]. Details - ImportResultOutputID=1a15603388c5724f6e164b57732b246c DependenciesID=470f435b8c32af90e829d0f3c010b35e StaticDependenciesID=cd77976ac6054ca2409bb13dc427508f 
Number of updated asset objects reloaded before import = 0
Number of asset objects unloaded after import = 0
========================================================================
Received Import Request.
  Time of request: 2026-10-01T19:11:25.070858Z
  Time since last request: 0.000286583 seconds.
  importAddress: GUID: 33e6b78c96bb0694e96383e3c56b7b54 - Path: Packages/com.unity.test-framework/UnityEngine.TestRunner/NUnitExtensions/Commands/TestCommandPcHelper.cs - Importer: ScriptedImporter/UnityEditor.QuickSearchModule:UnityEditor.Search:ASIAI0B
Importing 'GUID: 33e6b78c96bb0694e96383e3c56b7b54 - Path: Packages/com.unity.test-framework/UnityEngine.TestRunner/NUnitExtensions/Commands/TestCommandPcHelper.cs - Importer: ScriptedImporter/UnityEditor.QuickSearchModule:UnityEditor.Search:ASIAI0B' with importer (ScriptedImporter : UnityEditor.QuickSearchModule:UnityEditor.Search:ASIAI0B)
Imported 'GUID: 33e6b78c96bb0694e96383e3c56b7b54' -> (Import Result ID: 'b7d50f5cdd895351f629f5aa85f7d798') in 0.001 seconds [static and dynamic dependencies]. Details - ImportResultOutputID=2935d90f1709e7dc09a68c5ac191b0da DependenciesID=8ecae49279611028ed8526b73602d843 StaticDependenciesID=e315c9c1c6bae81ede88fe6072cb5b8f 
Number of updated asset objects reloaded before import = 0
Number of asset objects unloaded after import = 0
========================================================================
Received Import Request.
  Time of request: 2026-10-01T19:11:25.072055Z
  Time since last request: 0.000209459 seconds.
  importAddress: GUID: 5b3e90046c38f1d4dad2e0d5a79e871c - Path: Packages/com.unity.test-framework/UnityEngine.TestRunner/NUnitExtensions/Runner/UnityWorkItemDataHolder.cs - Importer: ScriptedImporter/UnityEditor.QuickSearchModule:UnityEditor.Search:ASIAI0B
Importing 'GUID: 5b3e90046c38f1d4dad2e0d5a79e871c - Path: Packages/com.unity.test-framework/UnityEngine.TestRunner/NUnitExtensions/Runner/UnityWorkItemDataHolder.cs - Importer: ScriptedImporter/UnityEditor.QuickSearchModule:UnityEditor.Search:ASIAI0B' with importer (ScriptedImporter : UnityEditor.QuickSearchModule:UnityEditor.Search:ASIAI0B)
Imported 'GUID: 5b3e90046c38f1d4dad2e0d5a79e871c' -> (Import Result ID: '932eb95017fcd5ebf5c1af8d9ba7773a') in 0.001 seconds [static and dynamic dependencies]. Details - ImportResultOutputID=75d83d6440b47316ecb8f6d6a46f8560 DependenciesID=cb2f2ce44254a8092690122fe365090e StaticDependenciesID=c9f096df6bd457106d2b920236d4938c 
Number of updated asset objects reloaded before import = 0
Number of asset objects unloaded after import = 0
========================================================================
Received Import Request.
  Time of request: 2026-10-01T19:11:25.073123Z
  Time since last request: 0.000205459 seconds.
  importAddress: GUID: 1e42d5fdba604f0786aac7fcaaa84cf7 - Path: Packages/com.unity.test-framework/UnityEngine.TestRunner/NUnitExtensions/Filters/EditorOnlyFilter.cs - Importer: ScriptedImporter/UnityEditor.QuickSearchModule:UnityEditor.Search:ASIAI0B
Importing 'GUID: 1e42d5fdba604f0786aac7fcaaa84cf7 - Path: Packages/com.unity.test-framework/UnityEngine.TestRunner/NUnitExtensions/Filters/EditorOnlyFilter.cs - Importer: ScriptedImporter/UnityEditor.QuickSearchModule:UnityEditor.Search:ASIAI0B' with importer (ScriptedImporter : UnityEditor.QuickSearchModule:UnityEditor.Search:ASIAI0B)
Imported 'GUID: 1e42d5fdba604f0786aac7fcaaa84cf7' -> (Import Result ID: '5b02005edd06e14b832a6df3875aace7') in 0.001 seconds [static and dynamic dependencies]. Details - ImportResultOutputID=ebb5c44ccb23cde515d77f918495e09c DependenciesID=a0b913e8581ac4a9126fac2af77f6f18 StaticDependenciesID=76e983072e0d67fb550b43e7d8dcbde2 
Number of updated asset objects reloaded before import = 0
Number of asset objects unloaded after import = 0
========================================================================
Received Import Request.
  Time of request: 2026-10-01T19:11:25.074712Z
  Time since last request: 0.000281667 seconds.
  importAddress: GUID: c7cfda246e604b945b12b7afedb094ce - Path: Packages/com.unity.test-framework/UnityEngine.TestRunner/NUnitExtensions/Runner/DefaultTestWorkItem.cs - Importer: ScriptedImporter/UnityEditor.QuickSearchModule:UnityEditor.Search:ASIAI0B
Importing 'GUID: c7cfda246e604b945b12b7afedb094ce - Path: Packages/com.unity.test-framework/UnityEngine.TestRunner/NUnitExtensions/Runner/DefaultTestWorkItem.cs - Importer: ScriptedImporter/UnityEditor.QuickSearchModule:UnityEditor.Search:ASIAI0B' with importer (ScriptedImporter : UnityEditor.QuickSearchModule:UnityEditor.Search:ASIAI0B)
Imported 'GUID: c7cfda246e604b945b12b7afedb094ce' -> (Import Result ID: '99b1fe4b6a15b07c6aa98780464da2ee') in 0.001 seconds [static and dynamic dependencies]. Details - ImportResultOutputID=e4a306350c99594e67903acbef54f94c DependenciesID=27661c929224c785450c6fc6e4aa4671 StaticDependenciesID=3b89ff4687da7b0f3f6afd860a283730 
Number of updated asset objects reloaded before import = 0
Number of asset objects unloaded after import = 0
========================================================================
Received Import Request.
  Time of request: 2026-10-01T19:11:25.075962Z
  Time since last request: 0.000332292 seconds.
  importAddress: GUID: 19a6f000f81e24c4a826c1abd43e77c7 - Path: Packages/com.unity.test-framework/UnityEngine.TestRunner/NUnitExtensions/Commands/EnumerableTestMethodCommand.cs - Importer: ScriptedImporter/UnityEditor.QuickSearchModule:UnityEditor.Search:ASIAI0B
Importing 'GUID: 19a6f000f81e24c4a826c1abd43e77c7 - Path: Packages/com.unity.test-framework/UnityEngine.TestRunner/NUnitExtensions/Commands/EnumerableTestMethodCommand.cs - Importer: ScriptedImporter/UnityEditor.QuickSearchModule:UnityEditor.Search:ASIAI0B' with importer (ScriptedImporter : UnityEditor.QuickSearchModule:UnityEditor.Search:ASIAI0B)
Imported 'GUID: 19a6f000f81e24c4a826c1abd43e77c7' -> (Import Result ID: '03437ae6f7324cf7cc9069898c58a64e') in 0.001 seconds [static and dynamic dependencies]. Details - ImportResultOutputID=83afdbbb3e53a19842864e904e17b5ae DependenciesID=7f091a1980f80b324432b02a26e98654 StaticDependenciesID=627c9bf9788badd579acda7a0613bfe1 
Number of updated asset objects reloaded before import = 0
Number of asset objects unloaded after import = 0
========================================================================
Received Import Request.
  Time of request: 2026-10-01T19:11:25.077024Z
  Time since last request: 0.000245334 seconds.
  importAddress: GUID: fb593906b7b6d824087dcaebf6c082e0 - Path: Packages/com.unity.test-framework/UnityEngine.TestRunner/Utils/AssemblyProvider/AssemblyLoadProxy.cs - Importer: ScriptedImporter/UnityEditor.QuickSearchModule:UnityEditor.Search:ASIAI0B
Importing 'GUID: fb593906b7b6d824087dcaebf6c082e0 - Path: Packages/com.unity.test-framework/UnityEngine.TestRunner/Utils/AssemblyProvider/AssemblyLoadProxy.cs - Importer: ScriptedImporter/UnityEditor.QuickSearchModule:UnityEditor.Search:ASIAI0B' with importer (ScriptedImporter : UnityEditor.QuickSearchModule:UnityEditor.Search:ASIAI0B)
Imported 'GUID: fb593906b7b6d824087dcaebf6c082e0' -> (Import Result ID: 'b00096a984410ed4a8e8f1407351947b') in 0.001 seconds [static and dynamic dependencies]. Details - ImportResultOutputID=8b0b61475ca3288ecc884d65e0f8e371 DependenciesID=fde6c105f3cc5b67aec57a7a75d89177 StaticDependenciesID=79eba47e674f4c2be7e45eed385be47d 
Number of updated asset objects reloaded before import = 0
Number of asset objects unloaded after import = 0
========================================================================
Received Import Request.
  Time of request: 2026-10-01T19:11:25.078138Z
  Time since last request: 0.000236958 seconds.
  importAddress: GUID: 8c20c76a75f088a46933d6a707744be4 - Path: Packages/com.unity.test-framework/UnityEngine.TestRunner/NUnitExtensions/Runner/ITestCommandWrapper.cs - Importer: ScriptedImporter/UnityEditor.QuickSearchModule:UnityEditor.Search:ASIAI0B
Importing 'GUID: 8c20c76a75f088a46933d6a707744be4 - Path: Packages/com.unity.test-framework/UnityEngine.TestRunner/NUnitExtensions/Runner/ITestCommandWrapper.cs - Importer: ScriptedImporter/UnityEditor.QuickSearchModule:UnityEditor.Search:ASIAI0B' with importer (ScriptedImporter : UnityEditor.QuickSearchModule:UnityEditor.Search:ASIAI0B)
Imported 'GUID: 8c20c76a75f088a46933d6a707744be4' -> (Import Result ID: 'f069e16c4ff92e7e87597f2a9fc7e13d') in 0.001 seconds [static and dynamic dependencies]. Details - ImportResultOutputID=6f7f7dea2ae4d87a5466db3fdbab8892 DependenciesID=3d246516539e29222b38cffb456af2b3 StaticDependenciesID=42f8633c60821568119105302c7188a2 
Number of updated asset objects reloaded before import = 0
Number of asset objects unloaded after import = 0
========================================================================
Received Import Request.
  Time of request: 2026-10-01T19:11:25.079353Z
  Time since last request: 0.000218541 seconds.
  importAddress: GUID: e948790d8b7e42e2abef6c45c5bc4c76 - Path: Packages/com.unity.test-framework/UnityEngine.TestRunner/NUnitExtensions/Filters/NonExplicitFilter.cs - Importer: ScriptedImporter/UnityEditor.QuickSearchModule:UnityEditor.Search:ASIAI0B
Importing 'GUID: e948790d8b7e42e2abef6c45c5bc4c76 - Path: Packages/com.unity.test-framework/UnityEngine.TestRunner/NUnitExtensions/Filters/NonExplicitFilter.cs - Importer: ScriptedImporter/UnityEditor.QuickSearchModule:UnityEditor.Search:ASIAI0B' with importer (ScriptedImporter : UnityEditor.QuickSearchModule:UnityEditor.Search:ASIAI0B)
Imported 'GUID: e948790d8b7e42e2abef6c45c5bc4c76' -> (Import Result ID: '7d4194ec329c2efaf610816dbfed0cf4') in 0.001 seconds [static and dynamic dependencies]. Details - ImportResultOutputID=d93db3f4e641492339e4f27becc68c92 DependenciesID=bdf27658d57b86cb062b0da7c7dbf16e StaticDependenciesID=8aa3ddb3263b4a31d1778ba00bc366fd 
Number of updated asset objects reloaded before import = 0
Number of asset objects unloaded after import = 0
========================================================================
Received Import Request.
  Time of request: 2026-10-01T19:11:25.080579Z
  Time since last request: 0.000166375 seconds.
  importAddress: GUID: 03e4d63665d06f04c8a6cf68133c1592 - Path: Packages/com.unity.test-framework/UnityEngine.TestRunner/TestRunner/RemoteHelpers/RemoteTestResultData.cs - Importer: ScriptedImporter/UnityEditor.QuickSearchModule:UnityEditor.Search:ASIAI0B
Importing 'GUID: 03e4d63665d06f04c8a6cf68133c1592 - Path: Packages/com.unity.test-framework/UnityEngine.TestRunner/TestRunner/RemoteHelpers/RemoteTestResultData.cs - Importer: ScriptedImporter/UnityEditor.QuickSearchModule:UnityEditor.Search:ASIAI0B' with importer (ScriptedImporter : UnityEditor.QuickSearchModule:UnityEditor.Search:ASIAI0B)
Imported 'GUID: 03e4d63665d06f04c8a6cf68133c1592' -> (Import Result ID: 'f4428a4b65314ec4ee543f88bcd4afcd') in 0.001 seconds [static and dynamic dependencies]. Details - ImportResultOutputID=41e91f5df29781c459dfe01fbdde7994 DependenciesID=9ec0e4677ff3927047cbcea46db4b1fa StaticDependenciesID=323c40c026c112d405250f2951fcb706 
Number of updated asset objects reloaded before import = 0
Number of asset objects unloaded after import = 0
========================================================================
Received Import Request.
  Time of request: 2026-10-01T19:11:25.08165Z
  Time since last request: 0.000194833 seconds.
  importAddress: GUID: 3b4429eff9fcffb48b006e8edcc90338 - Path: Packages/com.unity.test-framework/UnityEngine.TestRunner/NUnitExtensions/Commands/EnumerableApplyChangesToContextCommand.cs - Importer: ScriptedImporter/UnityEditor.QuickSearchModule:UnityEditor.Search:ASIAI0B
Importing 'GUID: 3b4429eff9fcffb48b006e8edcc90338 - Path: Packages/com.unity.test-framework/UnityEngine.TestRunner/NUnitExtensions/Commands/EnumerableApplyChangesToContextCommand.cs - Importer: ScriptedImporter/UnityEditor.QuickSearchModule:UnityEditor.Search:ASIAI0B' with importer (ScriptedImporter : UnityEditor.QuickSearchModule:UnityEditor.Search:ASIAI0B)
Imported 'GUID: 3b4429eff9fcffb48b006e8edcc90338' -> (Import Result ID: 'ce8a364e645e01f914a56769e7d33501') in 0.001 seconds [static and dynamic dependencies]. Details - ImportResultOutputID=da139fdf2b050ef5fadb3b236cb1eb36 DependenciesID=cf62df2dcef8ba008416725ef3456f2c StaticDependenciesID=c04268c26c7607793574ddec26260957 
Number of updated asset objects reloaded before import = 0
Number of asset objects unloaded after import = 0
========================================================================
Received Import Request.
  Time of request: 2026-10-01T19:11:25.082565Z
  Time since last request: 0.000195584 seconds.
  importAddress: GUID: 9bbdc426fc0a48e1b66deaac7ea8f64c - Path: Packages/com.unity.test-framework/UnityEngine.TestRunner/NUnitExtensions/Commands/IgnoreTest.cs - Importer: ScriptedImporter/UnityEditor.QuickSearchModule:UnityEditor.Search:ASIAI0B
Importing 'GUID: 9bbdc426fc0a48e1b66deaac7ea8f64c - Path: Packages/com.unity.test-framework/UnityEngine.TestRunner/NUnitExtensions/Commands/IgnoreTest.cs - Importer: ScriptedImporter/UnityEditor.QuickSearchModule:UnityEditor.Search:ASIAI0B' with importer (ScriptedImporter : UnityEditor.QuickSearchModule:UnityEditor.Search:ASIAI0B)
Imported 'GUID: 9bbdc426fc0a48e1b66deaac7ea8f64c' -> (Import Result ID: '21807a57cedf4ffaab2577f275c72529') in 0.001 seconds [static and dynamic dependencies]. Details - ImportResultOutputID=0070c1616040de3a95c7a7eb93ee314e DependenciesID=e4021ba4eae9e29e004b3b8f4d8b15ba StaticDependenciesID=22284f608ef963745d250e488a139a3b 
Number of updated asset objects reloaded before import = 0
Number of asset objects unloaded after import = 0
========================================================================
Received Import Request.
  Time of request: 2026-10-01T19:11:25.083599Z
  Time since last request: 0.000258166 seconds.
  importAddress: GUID: 874e40a588dbb1e48bc128d686337d4e - Path: Packages/com.unity.test-framework/UnityEngine.TestRunner/NUnitExtensions/Runner/UnityTestAssemblyRunner.cs - Importer: ScriptedImporter/UnityEditor.QuickSearchModule:UnityEditor.Search:ASIAI0B
Importing 'GUID: 874e40a588dbb1e48bc128d686337d4e - Path: Packages/com.unity.test-framework/UnityEngine.TestRunner/NUnitExtensions/Runner/UnityTestAssemblyRunner.cs - Importer: ScriptedImporter/UnityEditor.QuickSearchModule:UnityEditor.Search:ASIAI0B' with importer (ScriptedImporter : UnityEditor.QuickSearchModule:UnityEditor.Search:ASIAI0B)
Imported 'GUID: 874e40a588dbb1e48bc128d686337d4e' -> (Import Result ID: '31e3ed15fb2f88404673b485bbde2578') in 0.002 seconds [static and dynamic dependencies]. Details - ImportResultOutputID=cf32d76567ea0cc765a9c1e3778f517d DependenciesID=b4e916759666190cb6de782254b0e415 StaticDependenciesID=d0254a64b5fed7f0032b7e3658ce799b 
Number of updated asset objects reloaded before import = 0
Number of asset objects unloaded after import = 0
========================================================================
Received Import Request.
  Time of request: 2026-10-01T19:11:25.085425Z
  Time since last request: 0.000239334 seconds.
  importAddress: GUID: dbd43d8a3b8122d4e89b055f53382b11 - Path: Packages/com.unity.test-framework/UnityEngine.TestRunner/NUnitExtensions/Runner/IEnumerableTestMethodCommand.cs - Importer: ScriptedImporter/UnityEditor.QuickSearchModule:UnityEditor.Search:ASIAI0B
Importing 'GUID: dbd43d8a3b8122d4e89b055f53382b11 - Path: Packages/com.unity.test-framework/UnityEngine.TestRunner/NUnitExtensions/Runner/IEnumerableTestMethodCommand.cs - Importer: ScriptedImporter/UnityEditor.QuickSearchModule:UnityEditor.Search:ASIAI0B' with importer (ScriptedImporter : UnityEditor.QuickSearchModule:UnityEditor.Search:ASIAI0B)
Imported 'GUID: dbd43d8a3b8122d4e89b055f53382b11' -> (Import Result ID: '7f277b2aebc6c19fafa46e9f95b0673b') in 0.001 seconds [static and dynamic dependencies]. Details - ImportResultOutputID=e0748d1caef4d1d0bfe1617749329d04 DependenciesID=d6c3e515defca1fda6666b76c7d6f79d StaticDependenciesID=638fc1c5ac3ee9dba3cd64f36a74afce 
Number of updated asset objects reloaded before import = 0
Number of asset objects unloaded after import = 0
========================================================================
Received Import Request.
  Time of request: 2026-10-01T19:11:25.086681Z
  Time since last request: 0.000218208 seconds.
  importAddress: GUID: cc294d4e597b4ba5acf52ad834cce210 - Path: Packages/com.unity.test-framework/UnityEngine.TestRunner/NUnitExtensions/Commands/StrictCheckCommand.cs - Importer: ScriptedImporter/UnityEditor.QuickSearchModule:UnityEditor.Search:ASIAI0B
Importing 'GUID: cc294d4e597b4ba5acf52ad834cce210 - Path: Packages/com.unity.test-framework/UnityEngine.TestRunner/NUnitExtensions/Commands/StrictCheckCommand.cs - Importer: ScriptedImporter/UnityEditor.QuickSearchModule:UnityEditor.Search:ASIAI0B' with importer (ScriptedImporter : UnityEditor.QuickSearchModule:UnityEditor.Search:ASIAI0B)
Imported 'GUID: cc294d4e597b4ba5acf52ad834cce210' -> (Import Result ID: '47ff35a411bad863f3db6f0c4de1b360') in 0.001 seconds [static and dynamic dependencies]. Details - ImportResultOutputID=0a6e78b59890e68bf05fed5c6e6af402 DependenciesID=dc091954e7ffd3d4f97a502c56dd9479 StaticDependenciesID=516a42e4eb9b50f857964b546f634783 
Number of updated asset objects reloaded before import = 0
Number of asset objects unloaded after import = 0
========================================================================
Received Import Request.
  Time of request: 2026-10-01T19:11:25.087883Z
  Time since last request: 0.000283 seconds.
  importAddress: GUID: 356852e4738840b4b1ab533d3a66f0e1 - Path: Packages/com.unity.test-framework/UnityEngine.TestRunner/NUnitExtensions/Commands/EnumerableTestState.cs - Importer: ScriptedImporter/UnityEditor.QuickSearchModule:UnityEditor.Search:ASIAI0B
Importing 'GUID: 356852e4738840b4b1ab533d3a66f0e1 - Path: Packages/com.unity.test-framework/UnityEngine.TestRunner/NUnitExtensions/Commands/EnumerableTestState.cs - Importer: ScriptedImporter/UnityEditor.QuickSearchModule:UnityEditor.Search:ASIAI0B' with importer (ScriptedImporter : UnityEditor.QuickSearchModule:UnityEditor.Search:ASIAI0B)
Imported 'GUID: 356852e4738840b4b1ab533d3a66f0e1' -> (Import Result ID: 'aa2961b5f3c29bb8d2724ae67d244ec7') in 0.001 seconds [static and dynamic dependencies]. Details - ImportResultOutputID=9420652822bc4e2654a304576bc3fe7d DependenciesID=e0b1591c9104da9b4281890ba04cb4e3 StaticDependenciesID=f6acb28ab29eefe617a331521bf15e0c 
Number of updated asset objects reloaded before import = 0
Number of asset objects unloaded after import = 0
========================================================================
Received Import Request.
  Time of request: 2026-10-01T19:11:25.08895Z
  Time since last request: 0.000224042 seconds.
  importAddress: GUID: 6de2f178a24cd2e48a0816cacd9a0583 - Path: Packages/com.unity.test-framework/UnityEngine.TestRunner/NUnitExtensions/Commands/EnumerableRetryTestCommand.cs - Importer: ScriptedImporter/UnityEditor.QuickSearchModule:UnityEditor.Search:ASIAI0B
Importing 'GUID: 6de2f178a24cd2e48a0816cacd9a0583 - Path: Packages/com.unity.test-framework/UnityEngine.TestRunner/NUnitExtensions/Commands/EnumerableRetryTestCommand.cs - Importer: ScriptedImporter/UnityEditor.QuickSearchModule:UnityEditor.Search:ASIAI0B' with importer (ScriptedImporter : UnityEditor.QuickSearchModule:UnityEditor.Search:ASIAI0B)
Imported 'GUID: 6de2f178a24cd2e48a0816cacd9a0583' -> (Import Result ID: '68f4154eb7ba09b722145fc902eb568a') in 0.001 seconds [static and dynamic dependencies]. Details - ImportResultOutputID=fc535ef6f73d4b318b68131013f73e4e DependenciesID=023e83dbd0f63050a6dd9490d19384cb StaticDependenciesID=c93bec72693988473ae53f401f44f831 
Number of updated asset objects reloaded before import = 0
Number of asset objects unloaded after import = 0
========================================================================
Received Import Request.
  Time of request: 2026-10-01T19:11:25.090083Z
  Time since last request: 0.000247833 seconds.
  importAddress: GUID: 94cf1990d9304aff8063ceaa4bc68f6d - Path: Packages/com.unity.test-framework/UnityEngine.TestRunner/NUnitExtensions/Filters/AndFilterExtended.cs - Importer: ScriptedImporter/UnityEditor.QuickSearchModule:UnityEditor.Search:ASIAI0B
Importing 'GUID: 94cf1990d9304aff8063ceaa4bc68f6d - Path: Packages/com.unity.test-framework/UnityEngine.TestRunner/NUnitExtensions/Filters/AndFilterExtended.cs - Importer: ScriptedImporter/UnityEditor.QuickSearchModule:UnityEditor.Search:ASIAI0B' with importer (ScriptedImporter : UnityEditor.QuickSearchModule:UnityEditor.Search:ASIAI0B)
Imported 'GUID: 94cf1990d9304aff8063ceaa4bc68f6d' -> (Import Result ID: '4a90498111cceb89adf34045d2024fae') in 0.001 seconds [static and dynamic dependencies]. Details - ImportResultOutputID=92441b6105a1bb49cb9b0f85af4970a4 DependenciesID=b3c97ea277031f4bf1af36e60e4cd868 StaticDependenciesID=81f618c8db506149c2a21ff90ffa52b6 
Number of updated asset objects reloaded before import = 0
Number of asset objects unloaded after import = 0
========================================================================
Received Import Request.
  Time of request: 2026-10-01T19:11:25.091348Z
  Time since last request: 0.000232 seconds.
  importAddress: GUID: 20793418366caf14293b29c55df5e9ec - Path: Packages/com.unity.test-framework/UnityEngine.TestRunner/TestRunner/Callbacks/RemoteTestResultSender.cs - Importer: ScriptedImporter/UnityEditor.QuickSearchModule:UnityEditor.Search:ASIAI0B
Importing 'GUID: 20793418366caf14293b29c55df5e9ec - Path: Packages/com.unity.test-framework/UnityEngine.TestRunner/TestRunner/Callbacks/RemoteTestResultSender.cs - Importer: ScriptedImporter/UnityEditor.QuickSearchModule:UnityEditor.Search:ASIAI0B' with importer (ScriptedImporter : UnityEditor.QuickSearchModule:UnityEditor.Search:ASIAI0B)
Imported 'GUID: 20793418366caf14293b29c55df5e9ec' -> (Import Result ID: '0375e828bc48d49340630dd6d902bfd2') in 0.001 seconds [static and dynamic dependencies]. Details - ImportResultOutputID=50ec950db575f34f5929f9eadf4e014e DependenciesID=e8b876173cb3945043162be64910f92d StaticDependenciesID=cc58c09c5cd80339bc01d901604dbdbf 
Number of updated asset objects reloaded before import = 0
Number of asset objects unloaded after import = 0
========================================================================
Received Import Request.
  Time of request: 2026-10-01T19:11:25.092341Z
  Time since last request: 0.000237917 seconds.
  importAddress: GUID: 74987b94d22047d8b286a727906b7019 - Path: Packages/com.unity.test-framework/UnityEngine.TestRunner/NUnitExtensions/Commands/ParametrizedIgnoreCommand.cs - Importer: ScriptedImporter/UnityEditor.QuickSearchModule:UnityEditor.Search:ASIAI0B
Importing 'GUID: 74987b94d22047d8b286a727906b7019 - Path: Packages/com.unity.test-framework/UnityEngine.TestRunner/NUnitExtensions/Commands/ParametrizedIgnoreCommand.cs - Importer: ScriptedImporter/UnityEditor.QuickSearchModule:UnityEditor.Search:ASIAI0B' with importer (ScriptedImporter : UnityEditor.QuickSearchModule:UnityEditor.Search:ASIAI0B)
Imported 'GUID: 74987b94d22047d8b286a727906b7019' -> (Import Result ID: '784589961c572ba583ef46a91963cca8') in 0.001 seconds [static and dynamic dependencies]. Details - ImportResultOutputID=be946b9c14ff3051b5b76636bc29e267 DependenciesID=8dbf406fd566fafddb53f1fdfb74ca17 StaticDependenciesID=ce51284a6962105976eca4a3e2064011 
Number of updated asset objects reloaded before import = 0
Number of asset objects unloaded after import = 0
========================================================================
Received Import Request.
  Time of request: 2026-10-01T19:11:25.093311Z
  Time since last request: 0.000208791 seconds.
  importAddress: GUID: ad85854b14d4140d88447bdce2fac91f - Path: Packages/com.unity.test-framework/UnityEngine.TestRunner/NUnitExtensions/Commands/TaskTestMethodCommand.cs - Importer: ScriptedImporter/UnityEditor.QuickSearchModule:UnityEditor.Search:ASIAI0B
Importing 'GUID: ad85854b14d4140d88447bdce2fac91f - Path: Packages/com.unity.test-framework/UnityEngine.TestRunner/NUnitExtensions/Commands/TaskTestMethodCommand.cs - Importer: ScriptedImporter/UnityEditor.QuickSearchModule:UnityEditor.Search:ASIAI0B' with importer (ScriptedImporter : UnityEditor.QuickSearchModule:UnityEditor.Search:ASIAI0B)
Imported 'GUID: ad85854b14d4140d88447bdce2fac91f' -> (Import Result ID: '437421c5e59a26c3d5b5a7f298a608a1') in 0.001 seconds [static and dynamic dependencies]. Details - ImportResultOutputID=a817688e4607c7c728246d6055895037 DependenciesID=085e62c2e926d87c5f63560c128fafa1 StaticDependenciesID=4d8a22228baaf84adce720c7e332d702 
Number of updated asset objects reloaded before import = 0
Number of asset objects unloaded after import = 0
========================================================================
Received Import Request.
  Time of request: 2026-10-01T19:11:25.094387Z
  Time since last request: 0.000186667 seconds.
  importAddress: GUID: f07fb40f4e944ebeb84eb8f8a6bb5b13 - Path: Packages/com.unity.test-framework/UnityEngine.TestRunner/NUnitExtensions/Filters/FullNameFilter.cs - Importer: ScriptedImporter/UnityEditor.QuickSearchModule:UnityEditor.Search:ASIAI0B
Importing 'GUID: f07fb40f4e944ebeb84eb8f8a6bb5b13 - Path: Packages/com.unity.test-framework/UnityEngine.TestRunner/NUnitExtensions/Filters/FullNameFilter.cs - Importer: ScriptedImporter/UnityEditor.QuickSearchModule:UnityEditor.Search:ASIAI0B' with importer (ScriptedImporter : UnityEditor.QuickSearchModule:UnityEditor.Search:ASIAI0B)
Imported 'GUID: f07fb40f4e944ebeb84eb8f8a6bb5b13' -> (Import Result ID: 'f9a17143b62f7dfd3a3d42ff8c5674bc') in 0.001 seconds [static and dynamic dependencies]. Details - ImportResultOutputID=40b5a97d35b3aa4274de8a1a1d3ee101 DependenciesID=0df37e496958f5eaf2db9d17a0f86334 StaticDependenciesID=e4c4272aa9300163fc41d6d60991ecf7 
Number of updated asset objects reloaded before import = 0
Number of asset objects unloaded after import = 0
========================================================================
Received Import Request.
  Time of request: 2026-10-01T19:11:25.095452Z
  Time since last request: 0.000227667 seconds.
  importAddress: GUID: f8ed0b11850145c4995dd76170bb2500 - Path: Packages/com.unity.test-framework/UnityEngine.TestRunner/TestRunner/Callbacks/PlayerQuitHandler.cs - Importer: ScriptedImporter/UnityEditor.QuickSearchModule:UnityEditor.Search:ASIAI0B
Importing 'GUID: f8ed0b11850145c4995dd76170bb2500 - Path: Packages/com.unity.test-framework/UnityEngine.TestRunner/TestRunner/Callbacks/PlayerQuitHandler.cs - Importer: ScriptedImporter/UnityEditor.QuickSearchModule:UnityEditor.Search:ASIAI0B' with importer (ScriptedImporter : UnityEditor.QuickSearchModule:UnityEditor.Search:ASIAI0B)
Imported 'GUID: f8ed0b11850145c4995dd76170bb2500' -> (Import Result ID: '4a847c3e2da6d21b28d79af180d96b75') in 0.001 seconds [static and dynamic dependencies]. Details - ImportResultOutputID=90375dd5dc5442cacd9bccd2479dbf3f DependenciesID=d5338a76ee60c5ca43fb4de38da7a738 StaticDependenciesID=6c509234e509721936e9babd64945b29 
Number of updated asset objects reloaded before import = 0
Number of asset objects unloaded after import = 0
========================================================================
Received Import Request.
  Time of request: 2026-10-01T19:11:25.096578Z
  Time since last request: 0.000237583 seconds.
  importAddress: GUID: b97961a82e5e4e66b8f6fa0ce8b5b9e2 - Path: Packages/com.unity.test-framework/UnityEngine.TestRunner/NUnitExtensions/Runner/FeatureFlags.cs - Importer: ScriptedImporter/UnityEditor.QuickSearchModule:UnityEditor.Search:ASIAI0B
Importing 'GUID: b97961a82e5e4e66b8f6fa0ce8b5b9e2 - Path: Packages/com.unity.test-framework/UnityEngine.TestRunner/NUnitExtensions/Runner/FeatureFlags.cs - Importer: ScriptedImporter/UnityEditor.QuickSearchModule:UnityEditor.Search:ASIAI0B' with importer (ScriptedImporter : UnityEditor.QuickSearchModule:UnityEditor.Search:ASIAI0B)
Imported 'GUID: b97961a82e5e4e66b8f6fa0ce8b5b9e2' -> (Import Result ID: '95a969b567098fbf8baa3451e5da2dd1') in 0.001 seconds [static and dynamic dependencies]. Details - ImportResultOutputID=f882f5ae36c0672dd753202d0beaef67 DependenciesID=4f754f56001dbf8465ad744ca138b8dc StaticDependenciesID=57ba9c59543ee7448815c32c34c06052 
Number of updated asset objects reloaded before import = 0
Number of asset objects unloaded after import = 0
========================================================================
Received Import Request.
  Time of request: 2026-10-01T19:11:25.097651Z
  Time since last request: 0.000254167 seconds.
  importAddress: GUID: 7f65567c9026afb4db5de3355accc636 - Path: Packages/com.unity.test-framework/UnityEngine.TestRunner/NUnitExtensions/Commands/BeforeAfterTestCommandState.cs - Importer: ScriptedImporter/UnityEditor.QuickSearchModule:UnityEditor.Search:ASIAI0B
Importing 'GUID: 7f65567c9026afb4db5de3355accc636 - Path: Packages/com.unity.test-framework/UnityEngine.TestRunner/NUnitExtensions/Commands/BeforeAfterTestCommandState.cs - Importer: ScriptedImporter/UnityEditor.QuickSearchModule:UnityEditor.Search:ASIAI0B' with importer (ScriptedImporter : UnityEditor.QuickSearchModule:UnityEditor.Search:ASIAI0B)
Imported 'GUID: 7f65567c9026afb4db5de3355accc636' -> (Import Result ID: '2c359476bbb3df9aa2c8d0fbbd3090b2') in 0.001 seconds [static and dynamic dependencies]. Details - ImportResultOutputID=7759004104df911bff8695943f538972 DependenciesID=7fbfb03a178c7a6d00b469d9fb187a5e StaticDependenciesID=136a74137b078c2c87dce5204c9d5723 
Number of updated asset objects reloaded before import = 0
Number of asset objects unloaded after import = 0
========================================================================
Received Import Request.
  Time of request: 2026-10-01T19:11:25.111389Z
  Time since last request: 0.012933583 seconds.
  importAddress: GUID: 43a3aec217baa9644a7cf34b5f93fed9 - Path: Packages/com.unity.test-framework/UnityEngine.TestRunner/Utils/AssemblyProvider/PlayerTestAssemblyProvider.cs - Importer: ScriptedImporter/UnityEditor.QuickSearchModule:UnityEditor.Search:ASIAI0B
Importing 'GUID: 43a3aec217baa9644a7cf34b5f93fed9 - Path: Packages/com.unity.test-framework/UnityEngine.TestRunner/Utils/AssemblyProvider/PlayerTestAssemblyProvider.cs - Importer: ScriptedImporter/UnityEditor.QuickSearchModule:UnityEditor.Search:ASIAI0B' with importer (ScriptedImporter : UnityEditor.QuickSearchModule:UnityEditor.Search:ASIAI0B)
Imported 'GUID: 43a3aec217baa9644a7cf34b5f93fed9' -> (Import Result ID: 'e753fb1346a5203c5835a7fbed9e783e') in 0.001 seconds [static and dynamic dependencies]. Details - ImportResultOutputID=dccfb46af53bbc2bfbb08ca21ef8dc44 DependenciesID=a75e1ec6d7ff3f2b914e03fb0cced0ee StaticDependenciesID=3013864770d0aa5150487f627f109328 
Number of updated asset objects reloaded before import = 0
Number of asset objects unloaded after import = 0
========================================================================
Received Import Request.
  Time of request: 2026-10-01T19:11:25.11305Z
  Time since last request: 0.000338166 seconds.
  importAddress: GUID: 881143a1a3652e343bdcc07166d6f6f6 - Path: Packages/com.unity.test-framework/UnityEditor.TestRunner/TestRun/Tasks/Scene/SaveModifiedSceneTask.cs - Importer: ScriptedImporter/UnityEditor.QuickSearchModule:UnityEditor.Search:ASIAI0B
Importing 'GUID: 881143a1a3652e343bdcc07166d6f6f6 - Path: Packages/com.unity.test-framework/UnityEditor.TestRunner/TestRun/Tasks/Scene/SaveModifiedSceneTask.cs - Importer: ScriptedImporter/UnityEditor.QuickSearchModule:UnityEditor.Search:ASIAI0B' with importer (ScriptedImporter : UnityEditor.QuickSearchModule:UnityEditor.Search:ASIAI0B)
Imported 'GUID: 881143a1a3652e343bdcc07166d6f6f6' -> (Import Result ID: '2f52ba5313310305be8433537d67cb33') in 0.001 seconds [static and dynamic dependencies]. Details - ImportResultOutputID=c3e066f7408b44c281e7aa10e8054ce2 DependenciesID=9372ee14671fdcf293a63a56ef190bce StaticDependenciesID=7621de63596c64e45bde438e67ff1fb0 
Number of updated asset objects reloaded before import = 0
Number of asset objects unloaded after import = 0
========================================================================
Received Import Request.
  Time of request: 2026-10-01T19:11:25.114145Z
  Time since last request: 0.000195834 seconds.
  importAddress: GUID: ab19dca503e90904e95faefddb68150d - Path: Packages/com.unity.test-framework/UnityEditor.TestRunner/TestRun/Tasks/Scene/ReloadModifiedScenesTask.cs - Importer: ScriptedImporter/UnityEditor.QuickSearchModule:UnityEditor.Search:ASIAI0B
Importing 'GUID: ab19dca503e90904e95faefddb68150d - Path: Packages/com.unity.test-framework/UnityEditor.TestRunner/TestRun/Tasks/Scene/ReloadModifiedScenesTask.cs - Importer: ScriptedImporter/UnityEditor.QuickSearchModule:UnityEditor.Search:ASIAI0B' with importer (ScriptedImporter : UnityEditor.QuickSearchModule:UnityEditor.Search:ASIAI0B)
Imported 'GUID: ab19dca503e90904e95faefddb68150d' -> (Import Result ID: '27f8561c4933d2c03eaf56787085ee31') in 0.001 seconds [static and dynamic dependencies]. Details - ImportResultOutputID=d5fca873151fd32c52d2d2070603845c DependenciesID=566a5c6c5281a9ec46e1add8c5fc85c8 StaticDependenciesID=84eb3541732278573ef4d48679d15514 
Number of updated asset objects reloaded before import = 0
Number of asset objects unloaded after import = 0
========================================================================
Received Import Request.
  Time of request: 2026-10-01T19:11:25.115231Z
  Time since last request: 0.000213125 seconds.
  importAddress: GUID: f3a361a6ad1aff14ba8f48976e94ad76 - Path: Packages/com.unity.test-framework/UnityEngine.TestRunner/Utils/AssemblyProvider/ScriptingRuntimeProxy.cs - Importer: ScriptedImporter/UnityEditor.QuickSearchModule:UnityEditor.Search:ASIAI0B
Importing 'GUID: f3a361a6ad1aff14ba8f48976e94ad76 - Path: Packages/com.unity.test-framework/UnityEngine.TestRunner/Utils/AssemblyProvider/ScriptingRuntimeProxy.cs - Importer: ScriptedImporter/UnityEditor.QuickSearchModule:UnityEditor.Search:ASIAI0B' with importer (ScriptedImporter : UnityEditor.QuickSearchModule:UnityEditor.Search:ASIAI0B)
Imported 'GUID: f3a361a6ad1aff14ba8f48976e94ad76' -> (Import Result ID: 'b5a26c7dfb27abef528e70c13a9566e1') in 0.001 seconds [static and dynamic dependencies]. Details - ImportResultOutputID=c20947bf57136b15df3babfec1ecc621 DependenciesID=4ed590e08dee738cd753379bbf432344 StaticDependenciesID=04d46227cb14dfc5a91c6b85c9cdb165 
Number of updated asset objects reloaded before import = 0
Number of asset objects unloaded after import = 0
========================================================================
Received Import Request.
  Time of request: 2026-10-01T19:11:25.116322Z
  Time since last request: 0.000249958 seconds.
  importAddress: GUID: 4f0f9b9f3ed97ad2b9ba8f1a8e4666c2 - Path: Packages/com.unity.modules.uielements/package.json - Importer: ScriptedImporter/UnityEditor.QuickSearchModule:UnityEditor.Search:ASIAI0B
Importing 'GUID: 4f0f9b9f3ed97ad2b9ba8f1a8e4666c2 - Path: Packages/com.unity.modules.uielements/package.json - Importer: ScriptedImporter/UnityEditor.QuickSearchModule:UnityEditor.Search:ASIAI0B' with importer (ScriptedImporter : UnityEditor.QuickSearchModule:UnityEditor.Search:ASIAI0B)
Imported 'GUID: 4f0f9b9f3ed97ad2b9ba8f1a8e4666c2' -> (Import Result ID: '0312474112d662d26483e742c6d1d15e') in 0.001 seconds [static and dynamic dependencies]. Details - ImportResultOutputID=aef81ff23ebdaeb4b1449cea26218ffb DependenciesID=6129df4f76629f7a8901d67637c981b5 StaticDependenciesID=77dd7c0daa6624c6b958c2bd98c5218e 
Number of updated asset objects reloaded before import = 0
Number of asset objects unloaded after import = 1
========================================================================
Received Import Request.
  Time of request: 2026-10-01T19:11:25.11757Z
  Time since last request: 0.000291625 seconds.
  importAddress: GUID: 31d26a10516a4ac7a9bfdcac13a6386e - Path: Packages/com.unity.test-framework/UnityEditor.TestRunner/TestRun/Tasks/Platform/PlatformSpecificSuccessfulLaunchTask.cs - Importer: ScriptedImporter/UnityEditor.QuickSearchModule:UnityEditor.Search:ASIAI0B
Importing 'GUID: 31d26a10516a4ac7a9bfdcac13a6386e - Path: Packages/com.unity.test-framework/UnityEditor.TestRunner/TestRun/Tasks/Platform/PlatformSpecificSuccessfulLaunchTask.cs - Importer: ScriptedImporter/UnityEditor.QuickSearchModule:UnityEditor.Search:ASIAI0B' with importer (ScriptedImporter : UnityEditor.QuickSearchModule:UnityEditor.Search:ASIAI0B)
Imported 'GUID: 31d26a10516a4ac7a9bfdcac13a6386e' -> (Import Result ID: '1807785ea9cee59414e7209f4c1aff50') in 0.001 seconds [static and dynamic dependencies]. Details - ImportResultOutputID=00be339f56233a00f017ea48c1daa948 DependenciesID=1b801184ff80ec789689eaad7a264f51 StaticDependenciesID=c8535b57b10e2d27a57b533886ae49c1 
Number of updated asset objects reloaded before import = 0
Number of asset objects unloaded after import = 0
========================================================================
Received Import Request.
  Time of request: 2026-10-01T19:11:25.118751Z
  Time since last request: 0.000209791 seconds.
  importAddress: GUID: 96d14b71b907bb52333b2886e665aba6 - Path: Packages/com.unity.modules.video/package.json - Importer: ScriptedImporter/UnityEditor.QuickSearchModule:UnityEditor.Search:ASIAI0B
Importing 'GUID: 96d14b71b907bb52333b2886e665aba6 - Path: Packages/com.unity.modules.video/package.json - Importer: ScriptedImporter/UnityEditor.QuickSearchModule:UnityEditor.Search:ASIAI0B' with importer (ScriptedImporter : UnityEditor.QuickSearchModule:UnityEditor.Search:ASIAI0B)
Imported 'GUID: 96d14b71b907bb52333b2886e665aba6' -> (Import Result ID: '6c920272590525c8e40d02a9256c2688') in 0.001 seconds [static and dynamic dependencies]. Details - ImportResultOutputID=03a00f0c506490420111bf457a0b7387 DependenciesID=928d5a0a5577f2d30f7155273fb2c7e9 StaticDependenciesID=78c574a92a7092ef900401ad91b31513 
Number of updated asset objects reloaded before import = 0
Number of asset objects unloaded after import = 1
========================================================================
Received Import Request.
  Time of request: 2026-10-01T19:11:25.11974Z
  Time since last request: 0.000247042 seconds.
  importAddress: GUID: 1c5afe945b715e149a70113a4be7b32a - Path: Packages/com.unity.test-framework/UnityEngine.TestRunner/Utils/AssemblyProvider/IAssemblyWrapper.cs - Importer: ScriptedImporter/UnityEditor.QuickSearchModule:UnityEditor.Search:ASIAI0B
Importing 'GUID: 1c5afe945b715e149a70113a4be7b32a - Path: Packages/com.unity.test-framework/UnityEngine.TestRunner/Utils/AssemblyProvider/IAssemblyWrapper.cs - Importer: ScriptedImporter/UnityEditor.QuickSearchModule:UnityEditor.Search:ASIAI0B' with importer (ScriptedImporter : UnityEditor.QuickSearchModule:UnityEditor.Search:ASIAI0B)
Imported 'GUID: 1c5afe945b715e149a70113a4be7b32a' -> (Import Result ID: 'd2c323df1b31d4a5b5899e96edb8e1e9') in 0.001 seconds [static and dynamic dependencies]. Details - ImportResultOutputID=3d7ce61be4ef0f0fda92544068686eec DependenciesID=3cea006e5019e258041e269bd413e2ae StaticDependenciesID=7aca9e1c81c06f0eb41f3e8f5d295ff2 
Number of updated asset objects reloaded before import = 0
Number of asset objects unloaded after import = 0
========================================================================
Received Import Request.
  Time of request: 2026-10-01T19:11:25.120679Z
  Time since last request: 0.000229875 seconds.
  importAddress: GUID: 337f28535644395459f6de8c60d9db37 - Path: Packages/com.unity.test-framework/UnityEditor.TestRunner/TestRun/Tasks/Scene/RestoreSceneSetupTask.cs - Importer: ScriptedImporter/UnityEditor.QuickSearchModule:UnityEditor.Search:ASIAI0B
Importing 'GUID: 337f28535644395459f6de8c60d9db37 - Path: Packages/com.unity.test-framework/UnityEditor.TestRunner/TestRun/Tasks/Scene/RestoreSceneSetupTask.cs - Importer: ScriptedImporter/UnityEditor.QuickSearchModule:UnityEditor.Search:ASIAI0B' with importer (ScriptedImporter : UnityEditor.QuickSearchModule:UnityEditor.Search:ASIAI0B)
Imported 'GUID: 337f28535644395459f6de8c60d9db37' -> (Import Result ID: '063bb0878cd08973be6d32c458cc310c') in 0.001 seconds [static and dynamic dependencies]. Details - ImportResultOutputID=df525ed54ce7636a555788aaf1646e82 DependenciesID=de1ad893fabd6e4383b972c430387f43 StaticDependenciesID=ab2a38d9016aeeaa63599fa850202401 
Number of updated asset objects reloaded before import = 0
Number of asset objects unloaded after import = 0
========================================================================
Received Import Request.
  Time of request: 2026-10-01T19:11:25.121976Z
  Time since last request: 0.000207792 seconds.
  importAddress: GUID: f2675f346a0926b4aa7928805fd8bc9c - Path: Packages/com.unity.test-framework/UnityEditor.TestRunner/TestRun/Tasks/Events/CreateEventsTask.cs - Importer: ScriptedImporter/UnityEditor.QuickSearchModule:UnityEditor.Search:ASIAI0B
Importing 'GUID: f2675f346a0926b4aa7928805fd8bc9c - Path: Packages/com.unity.test-framework/UnityEditor.TestRunner/TestRun/Tasks/Events/CreateEventsTask.cs - Importer: ScriptedImporter/UnityEditor.QuickSearchModule:UnityEditor.Search:ASIAI0B' with importer (ScriptedImporter : UnityEditor.QuickSearchModule:UnityEditor.Search:ASIAI0B)
Imported 'GUID: f2675f346a0926b4aa7928805fd8bc9c' -> (Import Result ID: '854a99eb2db84b872ee25c98057fafde') in 0.001 seconds [static and dynamic dependencies]. Details - ImportResultOutputID=16931db2a30255451b9cfb26dcf76200 DependenciesID=d63ada377de32883dcd597c11712d140 StaticDependenciesID=70cd7ed27533f0d01ccef2c4a307cbe5 
Number of updated asset objects reloaded before import = 0
Number of asset objects unloaded after import = 0
========================================================================
Received Import Request.
  Time of request: 2026-10-01T19:11:25.123266Z
  Time since last request: 0.000279667 seconds.
  importAddress: GUID: 9b1a5759726ef9d39a0ab82047b615f1 - Path: Packages/com.unity.modules.hierarchycore/package.json - Importer: ScriptedImporter/UnityEditor.QuickSearchModule:UnityEditor.Search:ASIAI0B
Importing 'GUID: 9b1a5759726ef9d39a0ab82047b615f1 - Path: Packages/com.unity.modules.hierarchycore/package.json - Importer: ScriptedImporter/UnityEditor.QuickSearchModule:UnityEditor.Search:ASIAI0B' with importer (ScriptedImporter : UnityEditor.QuickSearchModule:UnityEditor.Search:ASIAI0B)
Imported 'GUID: 9b1a5759726ef9d39a0ab82047b615f1' -> (Import Result ID: '66eb165a9838f08c13ce7e10ee0d8ed1') in 0.001 seconds [static and dynamic dependencies]. Details - ImportResultOutputID=47e5fc4c13a06307cfa03fdc74617dbd DependenciesID=950290fa8250fb48559feaa563cdb37f StaticDependenciesID=18f800c6a5867d5b057665c847306b5f 
Number of updated asset objects reloaded before import = 0
Number of asset objects unloaded after import = 1
========================================================================
Received Import Request.
  Time of request: 2026-10-01T19:11:25.124759Z
  Time since last request: 0.000259375 seconds.
  importAddress: GUID: 5598b14661b5f4c43bed757f34b6d172 - Path: Packages/com.unity.ide.rider/LICENSE.md - Importer: ScriptedImporter/UnityEditor.QuickSearchModule:UnityEditor.Search:ASIAI0B
Importing 'GUID: 5598b14661b5f4c43bed757f34b6d172 - Path: Packages/com.unity.ide.rider/LICENSE.md - Importer: ScriptedImporter/UnityEditor.QuickSearchModule:UnityEditor.Search:ASIAI0B' with importer (ScriptedImporter : UnityEditor.QuickSearchModule:UnityEditor.Search:ASIAI0B)
Imported 'GUID: 5598b14661b5f4c43bed757f34b6d172' -> (Import Result ID: '6bc6aea0a30cffbb47a3bd3ba6a50877') in 0.002 seconds [static and dynamic dependencies]. Details - ImportResultOutputID=7a7d4d329947d0c4e2860393164092f5 DependenciesID=fc23b3c858b8981ec34b52231dcbf353 StaticDependenciesID=777dab8928612016158205f9c43e2537 
Number of updated asset objects reloaded before import = 0
Number of asset objects unloaded after import = 1
========================================================================
Received Import Request.
  Time of request: 2026-10-01T19:11:25.126562Z
  Time since last request: 0.000231083 seconds.
  importAddress: GUID: 49284fdc918b491aa9f4439e6cc59c9c - Path: Packages/com.unity.test-framework/UnityEditor.TestRunner/TestRun/Tasks/Platform/PlatformSpecificSetupTask.cs - Importer: ScriptedImporter/UnityEditor.QuickSearchModule:UnityEditor.Search:ASIAI0B
Importing 'GUID: 49284fdc918b491aa9f4439e6cc59c9c - Path: Packages/com.unity.test-framework/UnityEditor.TestRunner/TestRun/Tasks/Platform/PlatformSpecificSetupTask.cs - Importer: ScriptedImporter/UnityEditor.QuickSearchModule:UnityEditor.Search:ASIAI0B' with importer (ScriptedImporter : UnityEditor.QuickSearchModule:UnityEditor.Search:ASIAI0B)
Imported 'GUID: 49284fdc918b491aa9f4439e6cc59c9c' -> (Import Result ID: 'aef5e64f04b3eb63b1f45de4421da8d9') in 0.001 seconds [static and dynamic dependencies]. Details - ImportResultOutputID=6aa3fce0d0aaee3d2909b95be8eb2629 DependenciesID=8caf925e8e9200b5996019588c5d4816 StaticDependenciesID=8da7b7df587e5e5658ac1e6e5ee3eb06 
Number of updated asset objects reloaded before import = 0
Number of asset objects unloaded after import = 0
========================================================================
Received Import Request.
  Time of request: 2026-10-01T19:11:25.127671Z
  Time since last request: 0.000260833 seconds.
  importAddress: GUID: ae87256f29d9c8b50490f4caf75b2c41 - Path: Packages/com.unity.modules.unitywebrequestwww/package.ModuleCompilationTrigger - Importer: ScriptedImporter/UnityEditor.QuickSearchModule:UnityEditor.Search:ASIAI0B
Importing 'GUID: ae87256f29d9c8b50490f4caf75b2c41 - Path: Packages/com.unity.modules.unitywebrequestwww/package.ModuleCompilationTrigger - Importer: ScriptedImporter/UnityEditor.QuickSearchModule:UnityEditor.Search:ASIAI0B' with importer (ScriptedImporter : UnityEditor.QuickSearchModule:UnityEditor.Search:ASIAI0B)
Imported 'GUID: ae87256f29d9c8b50490f4caf75b2c41' -> (Import Result ID: 'ae9750f25f2c5f3608f6fd13701c85d5') in 0.001 seconds [static and dynamic dependencies]. Details - ImportResultOutputID=aac08a8b45509a724a9fe750bc934d03 DependenciesID=425cc14ee84f82a99a269933cfa03b06 StaticDependenciesID=d34b249b73710101e6e4599ae98075a9 
Number of updated asset objects reloaded before import = 0
Number of asset objects unloaded after import = 1
========================================================================
Received Import Request.
  Time of request: 2026-10-01T19:11:25.128828Z
  Time since last request: 0.000268708 seconds.
  importAddress: GUID: 6dff66623000ef448ab68db41d803d95 - Path: Packages/com.unity.test-framework/UnityEditor.TestRunner/TestRun/Tasks/Scene/CreateNewSceneTask.cs - Importer: ScriptedImporter/UnityEditor.QuickSearchModule:UnityEditor.Search:ASIAI0B
Importing 'GUID: 6dff66623000ef448ab68db41d803d95 - Path: Packages/com.unity.test-framework/UnityEditor.TestRunner/TestRun/Tasks/Scene/CreateNewSceneTask.cs - Importer: ScriptedImporter/UnityEditor.QuickSearchModule:UnityEditor.Search:ASIAI0B' with importer (ScriptedImporter : UnityEditor.QuickSearchModule:UnityEditor.Search:ASIAI0B)
Imported 'GUID: 6dff66623000ef448ab68db41d803d95' -> (Import Result ID: '02a96b48cd91b9380f76491519439e7a') in 0.001 seconds [static and dynamic dependencies]. Details - ImportResultOutputID=3e889bb32f22cff244c0eea6b45950e2 DependenciesID=789bfc6b5ce3ee72a2091865b2aefa77 StaticDependenciesID=a9084289c41b9e5cd3e90de77cbdb60f 
Number of updated asset objects reloaded before import = 0
Number of asset objects unloaded after import = 0
========================================================================
Received Import Request.
  Time of request: 2026-10-01T19:11:25.130108Z
  Time since last request: 0.000202 seconds.
  importAddress: GUID: c5c78f2ef0d32a948bbb93266ef69a6a - Path: Packages/com.unity.test-framework/UnityEditor.TestRunner/TestRun/Tasks/Events/UpdateTestProgressTask.cs - Importer: ScriptedImporter/UnityEditor.QuickSearchModule:UnityEditor.Search:ASIAI0B
Importing 'GUID: c5c78f2ef0d32a948bbb93266ef69a6a - Path: Packages/com.unity.test-framework/UnityEditor.TestRunner/TestRun/Tasks/Events/UpdateTestProgressTask.cs - Importer: ScriptedImporter/UnityEditor.QuickSearchModule:UnityEditor.Search:ASIAI0B' with importer (ScriptedImporter : UnityEditor.QuickSearchModule:UnityEditor.Search:ASIAI0B)
Imported 'GUID: c5c78f2ef0d32a948bbb93266ef69a6a' -> (Import Result ID: 'da2ecb37f9257bdf50aef4ad37b003e0') in 0.001 seconds [static and dynamic dependencies]. Details - ImportResultOutputID=03c9581432e30442ae4a15ee42d6bdf6 DependenciesID=52751b0504879cd9046612ea8e44d6d6 StaticDependenciesID=2b58d3c76858851a44bbc20e4c606e17 
Number of updated asset objects reloaded before import = 0
Number of asset objects unloaded after import = 0
========================================================================
Received Import Request.
  Time of request: 2026-10-01T19:11:25.131276Z
  Time since last request: 0.000220333 seconds.
  importAddress: GUID: ea3ec41b33345cd4f9298a51abdaa198 - Path: Packages/com.unity.ide.rider/Rider/Editor/JetBrains.Rider.PathLocator.dll - Importer: ScriptedImporter/UnityEditor.QuickSearchModule:UnityEditor.Search:ASIAI0B
Importing 'GUID: ea3ec41b33345cd4f9298a51abdaa198 - Path: Packages/com.unity.ide.rider/Rider/Editor/JetBrains.Rider.PathLocator.dll - Importer: ScriptedImporter/UnityEditor.QuickSearchModule:UnityEditor.Search:ASIAI0B' with importer (ScriptedImporter : UnityEditor.QuickSearchModule:UnityEditor.Search:ASIAI0B)
Imported 'GUID: ea3ec41b33345cd4f9298a51abdaa198' -> (Import Result ID: 'd9393efb7bf3d7e0ef1032dbe51e9d7f') in 0.027 seconds [static and dynamic dependencies]. Details - ImportResultOutputID=ecf26509ad8ed478cafb2fc31a6ed0ee DependenciesID=712eeab058b6d2801994e748f6bc066d StaticDependenciesID=2784beebd9619393f3f809afd474382c 
Number of updated asset objects reloaded before import = 0
Number of asset objects unloaded after import = 0
========================================================================
Received Import Request.
  Time of request: 2026-10-01T19:11:25.158851Z
  Time since last request: 0.000293542 seconds.
  importAddress: GUID: 5da62a0c1c5218c4aa16b74546a7822d - Path: Packages/com.unity.ext.nunit/README.md - Importer: ScriptedImporter/UnityEditor.QuickSearchModule:UnityEditor.Search:ASIAI0B
Importing 'GUID: 5da62a0c1c5218c4aa16b74546a7822d - Path: Packages/com.unity.ext.nunit/README.md - Importer: ScriptedImporter/UnityEditor.QuickSearchModule:UnityEditor.Search:ASIAI0B' with importer (ScriptedImporter : UnityEditor.QuickSearchModule:UnityEditor.Search:ASIAI0B)
Imported 'GUID: 5da62a0c1c5218c4aa16b74546a7822d' -> (Import Result ID: '0fef49b3af9af19b44839fe1800b5b5a') in 0.001 seconds [static and dynamic dependencies]. Details - ImportResultOutputID=fd317d38ad0b0baa39a57ac460416169 DependenciesID=c4dfb201f9b9d6e95e4024b370004931 StaticDependenciesID=70f515c16df8b113445062cc9dfa40cb 
Number of updated asset objects reloaded before import = 0
Number of asset objects unloaded after import = 1
========================================================================
Received Import Request.
  Time of request: 2026-10-01T19:11:25.160121Z
  Time since last request: 0.000202333 seconds.
  importAddress: GUID: 8d4bc6bfa28760b29f13174d6b6ea710 - Path: Packages/com.unity.modules.subsystems/package.ModuleCompilationTrigger - Importer: ScriptedImporter/UnityEditor.QuickSearchModule:UnityEditor.Search:ASIAI0B
Importing 'GUID: 8d4bc6bfa28760b29f13174d6b6ea710 - Path: Packages/com.unity.modules.subsystems/package.ModuleCompilationTrigger - Importer: ScriptedImporter/UnityEditor.QuickSearchModule:UnityEditor.Search:ASIAI0B' with importer (ScriptedImporter : UnityEditor.QuickSearchModule:UnityEditor.Search:ASIAI0B)
Imported 'GUID: 8d4bc6bfa28760b29f13174d6b6ea710' -> (Import Result ID: 'c1209fee675406cc5f393985b1ba5f19') in 0.001 seconds [static and dynamic dependencies]. Details - ImportResultOutputID=38512adc88ad85149e949aa2d31039ae DependenciesID=20d3e0228ec116a991158da2a82e3184 StaticDependenciesID=f6d7b18d27e2b345b1f7e91985f40ff2 
Number of updated asset objects reloaded before import = 0
Number of asset objects unloaded after import = 1
========================================================================
Received Import Request.
  Time of request: 2026-10-01T19:11:25.161274Z
  Time since last request: 0.0002105 seconds.
  importAddress: GUID: 66c95bb3c74257f41bae2622511dc02d - Path: Packages/com.unity.ide.rider/package.json - Importer: ScriptedImporter/UnityEditor.QuickSearchModule:UnityEditor.Search:ASIAI0B
Importing 'GUID: 66c95bb3c74257f41bae2622511dc02d - Path: Packages/com.unity.ide.rider/package.json - Importer: ScriptedImporter/UnityEditor.QuickSearchModule:UnityEditor.Search:ASIAI0B' with importer (ScriptedImporter : UnityEditor.QuickSearchModule:UnityEditor.Search:ASIAI0B)
Imported 'GUID: 66c95bb3c74257f41bae2622511dc02d' -> (Import Result ID: 'ed5227b847f246bed3659e50021947d8') in 0.001 seconds [static and dynamic dependencies]. Details - ImportResultOutputID=db474eb34f3ca6746c41b1d6c709c3fa DependenciesID=40188b5b2970bff30fb0dfcc798c8e60 StaticDependenciesID=920e359ae3e0b298b84c063b1aa83ce8 
Number of updated asset objects reloaded before import = 0
Number of asset objects unloaded after import = 1
========================================================================
Received Import Request.
  Time of request: 2026-10-01T19:11:25.162208Z
  Time since last request: 0.000176458 seconds.
  importAddress: GUID: 311d065aced2092409deadf0c0934f61 - Path: Packages/com.unity.test-framework/UnityEditor.TestRunner/TestRun/Tasks/Events/RegisterCallbackDelegatorEventsTask.cs - Importer: ScriptedImporter/UnityEditor.QuickSearchModule:UnityEditor.Search:ASIAI0B
Importing 'GUID: 311d065aced2092409deadf0c0934f61 - Path: Packages/com.unity.test-framework/UnityEditor.TestRunner/TestRun/Tasks/Events/RegisterCallbackDelegatorEventsTask.cs - Importer: ScriptedImporter/UnityEditor.QuickSearchModule:UnityEditor.Search:ASIAI0B' with importer (ScriptedImporter : UnityEditor.QuickSearchModule:UnityEditor.Search:ASIAI0B)
Imported 'GUID: 311d065aced2092409deadf0c0934f61' -> (Import Result ID: '43c3aa28f938c1b56766fb35cf206829') in 0.001 seconds [static and dynamic dependencies]. Details - ImportResultOutputID=7b0103a341df2a3724cb8dee4bcf9dc6 DependenciesID=7df77f6c03a95651c5c64a1ed1bcbb65 StaticDependenciesID=fd5f51e2405d011f9d0bb2e3454782f2 
Number of updated asset objects reloaded before import = 0
Number of asset objects unloaded after import = 0
========================================================================
Received Import Request.
  Time of request: 2026-10-01T19:11:25.16323Z
  Time since last request: 0.000180792 seconds.
  importAddress: GUID: 5e83f8baac96eaa47bdd9ca781cd2002 - Path: Packages/com.unity.ide.rider/CONTRIBUTING.md - Importer: ScriptedImporter/UnityEditor.QuickSearchModule:UnityEditor.Search:ASIAI0B
Importing 'GUID: 5e83f8baac96eaa47bdd9ca781cd2002 - Path: Packages/com.unity.ide.rider/CONTRIBUTING.md - Importer: ScriptedImporter/UnityEditor.QuickSearchModule:UnityEditor.Search:ASIAI0B' with importer (ScriptedImporter : UnityEditor.QuickSearchModule:UnityEditor.Search:ASIAI0B)
Imported 'GUID: 5e83f8baac96eaa47bdd9ca781cd2002' -> (Import Result ID: '0658a44f441118b0a05b3e5da1ae5f9b') in 0.001 seconds [static and dynamic dependencies]. Details - ImportResultOutputID=f867bfcd1c3a16e839fc73b83442a67b DependenciesID=f7647d2985bd9a5eab78d9b668d8319d StaticDependenciesID=eb3f9965fca74c3b8788bb63b0e9ee11 
Number of updated asset objects reloaded before import = 0
Number of asset objects unloaded after import = 1
========================================================================
Received Import Request.
  Time of request: 2026-10-01T19:11:25.164443Z
  Time since last request: 0.000214667 seconds.
  importAddress: GUID: c24a1e88fc49dce47930834ff9997443 - Path: Packages/com.unity.test-framework/UnityEditor.TestRunner/TestRun/Tasks/Scene/ISceneWrapper.cs - Importer: ScriptedImporter/UnityEditor.QuickSearchModule:UnityEditor.Search:ASIAI0B
Importing 'GUID: c24a1e88fc49dce47930834ff9997443 - Path: Packages/com.unity.test-framework/UnityEditor.TestRunner/TestRun/Tasks/Scene/ISceneWrapper.cs - Importer: ScriptedImporter/UnityEditor.QuickSearchModule:UnityEditor.Search:ASIAI0B' with importer (ScriptedImporter : UnityEditor.QuickSearchModule:UnityEditor.Search:ASIAI0B)
Imported 'GUID: c24a1e88fc49dce47930834ff9997443' -> (Import Result ID: 'ee4b3ce2d0f25e1b92561903169d5be7') in 0.001 seconds [static and dynamic dependencies]. Details - ImportResultOutputID=753ec0b23ab1e0195b99452ee56b4dc3 DependenciesID=9119383480db66efc68eff7b05e6d255 StaticDependenciesID=183cb89e0d5ccb608d4957b678694490 
Number of updated asset objects reloaded before import = 0
Number of asset objects unloaded after import = 0
========================================================================
Received Import Request.
  Time of request: 2026-10-01T19:11:25.165537Z
  Time since last request: 0.000277541 seconds.
  importAddress: GUID: 8645aa9c3c74fb34ba9499e14fb332b5 - Path: Packages/com.unity.ide.rider/CHANGELOG.md - Importer: ScriptedImporter/UnityEditor.QuickSearchModule:UnityEditor.Search:ASIAI0B
Importing 'GUID: 8645aa9c3c74fb34ba9499e14fb332b5 - Path: Packages/com.unity.ide.rider/CHANGELOG.md - Importer: ScriptedImporter/UnityEditor.QuickSearchModule:UnityEditor.Search:ASIAI0B' with importer (ScriptedImporter : UnityEditor.QuickSearchModule:UnityEditor.Search:ASIAI0B)
Imported 'GUID: 8645aa9c3c74fb34ba9499e14fb332b5' -> (Import Result ID: '47be1cc94d9452456e01b6e58c40e3d7') in 0.001 seconds [static and dynamic dependencies]. Details - ImportResultOutputID=d509c9e6bb042934e819e65bd64b737a DependenciesID=307349553ecb62b6d0ff94cd8127d73f StaticDependenciesID=d74259226170dd72a145a4397da2ee1a 
Number of updated asset objects reloaded before import = 0
Number of asset objects unloaded after import = 1
========================================================================
Received Import Request.
  Time of request: 2026-10-01T19:11:25.166661Z
  Time since last request: 0.00026125 seconds.
  importAddress: GUID: 17f093324b67f5bd57e55b546736750e - Path: Packages/com.unity.modules.particlesystem/package.ModuleCompilationTrigger - Importer: ScriptedImporter/UnityEditor.QuickSearchModule:UnityEditor.Search:ASIAI0B
Importing 'GUID: 17f093324b67f5bd57e55b546736750e - Path: Packages/com.unity.modules.particlesystem/package.ModuleCompilationTrigger - Importer: ScriptedImporter/UnityEditor.QuickSearchModule:UnityEditor.Search:ASIAI0B' with importer (ScriptedImporter : UnityEditor.QuickSearchModule:UnityEditor.Search:ASIAI0B)
Imported 'GUID: 17f093324b67f5bd57e55b546736750e' -> (Import Result ID: 'd98f27b217b8c714179f2e2a39248194') in 0.001 seconds [static and dynamic dependencies]. Details - ImportResultOutputID=00e3a88252fedf56b2556c281bdba092 DependenciesID=c1b3658cbfc760858fcb4c49f50c787d StaticDependenciesID=41b46886aed079ac71cc088b84c00ed7 
Number of updated asset objects reloaded before import = 0
Number of asset objects unloaded after import = 1
========================================================================
Received Import Request.
  Time of request: 2026-10-01T19:11:25.16882Z
  Time since last request: 0.001143292 seconds.
  importAddress: GUID: 87d720faa37005c08600090e04d8c739 - Path: Packages/com.unity.modules.particlesystem/package.json - Importer: ScriptedImporter/UnityEditor.QuickSearchModule:UnityEditor.Search:ASIAI0B
Importing 'GUID: 87d720faa37005c08600090e04d8c739 - Path: Packages/com.unity.modules.particlesystem/package.json - Importer: ScriptedImporter/UnityEditor.QuickSearchModule:UnityEditor.Search:ASIAI0B' with importer (ScriptedImporter : UnityEditor.QuickSearchModule:UnityEditor.Search:ASIAI0B)
Imported 'GUID: 87d720faa37005c08600090e04d8c739' -> (Import Result ID: '49647967d312758aa7fa45af80e4a71c') in 0.001 seconds [static and dynamic dependencies]. Details - ImportResultOutputID=729d51a26507c0058830f4e8d5a48537 DependenciesID=8853d054da031eccb72d6c145c171a70 StaticDependenciesID=a7c7ef59516ba4786d9470d29f2a3671 
Number of updated asset objects reloaded before import = 0
Number of asset objects unloaded after import = 1
========================================================================
Received Import Request.
  Time of request: 2026-10-01T19:11:25.170631Z
  Time since last request: 0.000766834 seconds.
  importAddress: GUID: fe4aef60e4ace544c8430da8ef8acba2 - Path: Packages/com.unity.test-framework/UnityEngine.TestRunner/Utils/AssemblyProvider/IScriptingRuntimeProxy.cs - Importer: ScriptedImporter/UnityEditor.QuickSearchModule:UnityEditor.Search:ASIAI0B
Importing 'GUID: fe4aef60e4ace544c8430da8ef8acba2 - Path: Packages/com.unity.test-framework/UnityEngine.TestRunner/Utils/AssemblyProvider/IScriptingRuntimeProxy.cs - Importer: ScriptedImporter/UnityEditor.QuickSearchModule:UnityEditor.Search:ASIAI0B' with importer (ScriptedImporter : UnityEditor.QuickSearchModule:UnityEditor.Search:ASIAI0B)
Imported 'GUID: fe4aef60e4ace544c8430da8ef8acba2' -> (Import Result ID: 'a35c1ee44b79f3f0a853c57ed152a8ba') in 0.001 seconds [static and dynamic dependencies]. Details - ImportResultOutputID=49858a1471570535bc04bd9e319566f8 DependenciesID=2bedbde3e82b0c539073917de1e927ff StaticDependenciesID=310b39d90921691806777654e76c2524 
Number of updated asset objects reloaded before import = 0
Number of asset objects unloaded after import = 0
========================================================================
Received Import Request.
  Time of request: 2026-10-01T19:11:25.171955Z
  Time since last request: 0.0001905 seconds.
  importAddress: GUID: e2d09a26ce46dc617b54e49a534ace20 - Path: Packages/com.unity.modules.ai/package.ModuleCompilationTrigger - Importer: ScriptedImporter/UnityEditor.QuickSearchModule:UnityEditor.Search:ASIAI0B
Importing 'GUID: e2d09a26ce46dc617b54e49a534ace20 - Path: Packages/com.unity.modules.ai/package.ModuleCompilationTrigger - Importer: ScriptedImporter/UnityEditor.QuickSearchModule:UnityEditor.Search:ASIAI0B' with importer (ScriptedImporter : UnityEditor.QuickSearchModule:UnityEditor.Search:ASIAI0B)
Imported 'GUID: e2d09a26ce46dc617b54e49a534ace20' -> (Import Result ID: 'e3cf70f569f78042c21ac73cd847dcff') in 0.001 seconds [static and dynamic dependencies]. Details - ImportResultOutputID=1245c296104811df6f298bffc8abdb7e DependenciesID=2e7f0bee6dd4ca5c3ddc63a81919a2ef StaticDependenciesID=7c16edf7291df62f1be250db19e93daf 
Number of updated asset objects reloaded before import = 0
Number of asset objects unloaded after import = 1
========================================================================
Received Import Request.
  Time of request: 2026-10-01T19:11:25.173279Z
  Time since last request: 0.0003435 seconds.
  importAddress: GUID: e59094b434ebb46e6844f02ec9c4dc42 - Path: Packages/com.unity.ext.nunit/net472/unity-custom/nunit.framework.dll - Importer: ScriptedImporter/UnityEditor.QuickSearchModule:UnityEditor.Search:ASIAI0B
Importing 'GUID: e59094b434ebb46e6844f02ec9c4dc42 - Path: Packages/com.unity.ext.nunit/net472/unity-custom/nunit.framework.dll - Importer: ScriptedImporter/UnityEditor.QuickSearchModule:UnityEditor.Search:ASIAI0B' with importer (ScriptedImporter : UnityEditor.QuickSearchModule:UnityEditor.Search:ASIAI0B)
Imported 'GUID: e59094b434ebb46e6844f02ec9c4dc42' -> (Import Result ID: 'd3e902fb0bdc4b499446ae004535958a') in 0.003 seconds [static and dynamic dependencies]. Details - ImportResultOutputID=ed54032ca8d1fd84bb41d8231f0b860e DependenciesID=f4c828f509f1e60e17f34fbfdc9476e5 StaticDependenciesID=00bbcb250c516b7a78ffa74c22935044 
Number of updated asset objects reloaded before import = 0
Number of asset objects unloaded after import = 0
========================================================================
Received Import Request.
  Time of request: 2026-10-01T19:11:25.176444Z
  Time since last request: 0.000299916 seconds.
  importAddress: GUID: a8ea9765889ae054c9b32cce583af855 - Path: Packages/com.unity.test-framework/UnityEditor.TestRunner/TestRun/Tasks/Events/RunFinishedInvocationEvent.cs - Importer: ScriptedImporter/UnityEditor.QuickSearchModule:UnityEditor.Search:ASIAI0B
Importing 'GUID: a8ea9765889ae054c9b32cce583af855 - Path: Packages/com.unity.test-framework/UnityEditor.TestRunner/TestRun/Tasks/Events/RunFinishedInvocationEvent.cs - Importer: ScriptedImporter/UnityEditor.QuickSearchModule:UnityEditor.Search:ASIAI0B' with importer (ScriptedImporter : UnityEditor.QuickSearchModule:UnityEditor.Search:ASIAI0B)
Imported 'GUID: a8ea9765889ae054c9b32cce583af855' -> (Import Result ID: '35bd7201e0d7496c70a1800b1880ca55') in 0.001 seconds [static and dynamic dependencies]. Details - ImportResultOutputID=500b3f4f830a682cc59769257765b0fb DependenciesID=7e23e66d6876ecac7cb0d794a82014cf StaticDependenciesID=3389b79840b52904a0b5e405b5365441 
Number of updated asset objects reloaded before import = 0
Number of asset objects unloaded after import = 0
========================================================================
Received Import Request.
  Time of request: 2026-10-01T19:11:25.17791Z
  Time since last request: 0.000335042 seconds.
  importAddress: GUID: 57e7d752d8e6494b9aca2f2724b98761 - Path: Packages/com.unity.test-framework/UnityEditor.TestRunner/TestRun/Tasks/Platform/PlatformSpecificSuccessfulBuildTask.cs - Importer: ScriptedImporter/UnityEditor.QuickSearchModule:UnityEditor.Search:ASIAI0B
Importing 'GUID: 57e7d752d8e6494b9aca2f2724b98761 - Path: Packages/com.unity.test-framework/UnityEditor.TestRunner/TestRun/Tasks/Platform/PlatformSpecificSuccessfulBuildTask.cs - Importer: ScriptedImporter/UnityEditor.QuickSearchModule:UnityEditor.Search:ASIAI0B' with importer (ScriptedImporter : UnityEditor.QuickSearchModule:UnityEditor.Search:ASIAI0B)
Imported 'GUID: 57e7d752d8e6494b9aca2f2724b98761' -> (Import Result ID: 'c9b892fee82f42641630ca8ee29aa5e7') in 0.001 seconds [static and dynamic dependencies]. Details - ImportResultOutputID=df760faf8dcf2b7fa0bff8febbd7f547 DependenciesID=a3b30c36f192d2db87457154bc7f7916 StaticDependenciesID=4dc58ce3fe06bb96749095d949a37e34 
Number of updated asset objects reloaded before import = 0
Number of asset objects unloaded after import = 0
========================================================================
Received Import Request.
  Time of request: 2026-10-01T19:11:25.179281Z
  Time since last request: 0.000345834 seconds.
  importAddress: GUID: 006c3457e983424bbdead50009cd0e00 - Path: Packages/com.unity.test-framework/UnityEditor.TestRunner/TestRun/Tasks/Player/DetermineRuntimePlatformTask.cs - Importer: ScriptedImporter/UnityEditor.QuickSearchModule:UnityEditor.Search:ASIAI0B
Importing 'GUID: 006c3457e983424bbdead50009cd0e00 - Path: Packages/com.unity.test-framework/UnityEditor.TestRunner/TestRun/Tasks/Player/DetermineRuntimePlatformTask.cs - Importer: ScriptedImporter/UnityEditor.QuickSearchModule:UnityEditor.Search:ASIAI0B' with importer (ScriptedImporter : UnityEditor.QuickSearchModule:UnityEditor.Search:ASIAI0B)
Imported 'GUID: 006c3457e983424bbdead50009cd0e00' -> (Import Result ID: '70f8e7132070a96056ffdad0e40f695a') in 0.001 seconds [static and dynamic dependencies]. Details - ImportResultOutputID=5b7bae0c2def74c136ebdd3722f6961d DependenciesID=ce38d3906effeaeb3110f87db46fe3ac StaticDependenciesID=02d9769d3e4344d6f9f77d1c40c8fc88 
Number of updated asset objects reloaded before import = 0
Number of asset objects unloaded after import = 0
========================================================================
Received Import Request.
  Time of request: 2026-10-01T19:11:25.180903Z
  Time since last request: 0.000303292 seconds.
  importAddress: GUID: d104359075a97392b803d3d5aebc77f7 - Path: Packages/com.unity.modules.hierarchycore/package.ModuleCompilationTrigger - Importer: ScriptedImporter/UnityEditor.QuickSearchModule:UnityEditor.Search:ASIAI0B
Importing 'GUID: d104359075a97392b803d3d5aebc77f7 - Path: Packages/com.unity.modules.hierarchycore/package.ModuleCompilationTrigger - Importer: ScriptedImporter/UnityEditor.QuickSearchModule:UnityEditor.Search:ASIAI0B' with importer (ScriptedImporter : UnityEditor.QuickSearchModule:UnityEditor.Search:ASIAI0B)
Imported 'GUID: d104359075a97392b803d3d5aebc77f7' -> (Import Result ID: '0742f7dbb88d5b19e8948170c6d4351d') in 0.001 seconds [static and dynamic dependencies]. Details - ImportResultOutputID=a0ef285ae09e95d8f143fdbbcc2347f1 DependenciesID=3f2b9aa28b22592b405c20d02bf3121f StaticDependenciesID=20ec31f47fa34b227910388c00f85f09 
Number of updated asset objects reloaded before import = 0
Number of asset objects unloaded after import = 1
========================================================================
Received Import Request.
  Time of request: 2026-10-01T19:11:25.182202Z
  Time since last request: 0.000221375 seconds.
  importAddress: GUID: f62135e79edb837b2d2ee3c524da864c - Path: Packages/com.unity.modules.video/package.ModuleCompilationTrigger - Importer: ScriptedImporter/UnityEditor.QuickSearchModule:UnityEditor.Search:ASIAI0B
Importing 'GUID: f62135e79edb837b2d2ee3c524da864c - Path: Packages/com.unity.modules.video/package.ModuleCompilationTrigger - Importer: ScriptedImporter/UnityEditor.QuickSearchModule:UnityEditor.Search:ASIAI0B' with importer (ScriptedImporter : UnityEditor.QuickSearchModule:UnityEditor.Search:ASIAI0B)
Imported 'GUID: f62135e79edb837b2d2ee3c524da864c' -> (Import Result ID: '7253239cc2a99bb415ce2130bb1841ec') in 0.002 seconds [static and dynamic dependencies]. Details - ImportResultOutputID=a640e7fbfcf76572bbde43714c07c6b0 DependenciesID=70392509994ea38eff8be2c0a2506972 StaticDependenciesID=2bd4b4d39ca5d893fcd2ff2a54f828e1 
Number of updated asset objects reloaded before import = 0
Number of asset objects unloaded after import = 1
========================================================================
Received Import Request.
  Time of request: 2026-10-01T19:11:25.184128Z
  Time since last request: 0.000196958 seconds.
  importAddress: GUID: 8a752aaaadd2410dd9a84e01c1bace9f - Path: Packages/com.unity.modules.uielements/package.ModuleCompilationTrigger - Importer: ScriptedImporter/UnityEditor.QuickSearchModule:UnityEditor.Search:ASIAI0B
Importing 'GUID: 8a752aaaadd2410dd9a84e01c1bace9f - Path: Packages/com.unity.modules.uielements/package.ModuleCompilationTrigger - Importer: ScriptedImporter/UnityEditor.QuickSearchModule:UnityEditor.Search:ASIAI0B' with importer (ScriptedImporter : UnityEditor.QuickSearchModule:UnityEditor.Search:ASIAI0B)
Imported 'GUID: 8a752aaaadd2410dd9a84e01c1bace9f' -> (Import Result ID: '4cc47fc8f5fa6581aaf4ede2fba4aebe') in 0.001 seconds [static and dynamic dependencies]. Details - ImportResultOutputID=febeb4867ae9b8b2d2dad721bddd42e8 DependenciesID=c5bf2a38557f036046dbce675d82ed87 StaticDependenciesID=35dfe791e53225291e18c695a538c073 
Number of updated asset objects reloaded before import = 0
Number of asset objects unloaded after import = 1
========================================================================
Received Import Request.
  Time of request: 2026-10-01T19:11:25.185226Z
  Time since last request: 0.000264959 seconds.
  importAddress: GUID: 8143d3a8390f2c64685e3bc272bd9e90 - Path: Packages/com.unity.ext.nunit/package.json - Importer: ScriptedImporter/UnityEditor.QuickSearchModule:UnityEditor.Search:ASIAI0B
Importing 'GUID: 8143d3a8390f2c64685e3bc272bd9e90 - Path: Packages/com.unity.ext.nunit/package.json - Importer: ScriptedImporter/UnityEditor.QuickSearchModule:UnityEditor.Search:ASIAI0B' with importer (ScriptedImporter : UnityEditor.QuickSearchModule:UnityEditor.Search:ASIAI0B)
Imported 'GUID: 8143d3a8390f2c64685e3bc272bd9e90' -> (Import Result ID: '1c2a977f499ff84900c0f0165fe40ea1') in 0.001 seconds [static and dynamic dependencies]. Details - ImportResultOutputID=898b4c31c4e6366c9d11abdf576ac5ab DependenciesID=e34ae562cbcb6239c6c5965f0db2a8c9 StaticDependenciesID=b4ad7680d937e97da45ce88468861aea 
Number of updated asset objects reloaded before import = 0
Number of asset objects unloaded after import = 1
========================================================================
Received Import Request.
  Time of request: 2026-10-01T19:11:25.186257Z
  Time since last request: 0.000201959 seconds.
  importAddress: GUID: 59267e29055f657429098a57e13debe1 - Path: Packages/com.unity.test-framework/UnityEditor.TestRunner/TestRun/Tasks/Events/RunStartedInvocationEvent.cs - Importer: ScriptedImporter/UnityEditor.QuickSearchModule:UnityEditor.Search:ASIAI0B
Importing 'GUID: 59267e29055f657429098a57e13debe1 - Path: Packages/com.unity.test-framework/UnityEditor.TestRunner/TestRun/Tasks/Events/RunStartedInvocationEvent.cs - Importer: ScriptedImporter/UnityEditor.QuickSearchModule:UnityEditor.Search:ASIAI0B' with importer (ScriptedImporter : UnityEditor.QuickSearchModule:UnityEditor.Search:ASIAI0B)
Imported 'GUID: 59267e29055f657429098a57e13debe1' -> (Import Result ID: 'ea0a5bf6ee352da6b1238ceb7589e59f') in 0.001 seconds [static and dynamic dependencies]. Details - ImportResultOutputID=9cb91511641ef6518826900b5a874838 DependenciesID=39c06a16330a31c51fa527ba2b65f389 StaticDependenciesID=1ba57ae204fbd41c175b4bb8458dce8c 
Number of updated asset objects reloaded before import = 0
Number of asset objects unloaded after import = 0
========================================================================
Received Import Request.
  Time of request: 2026-10-01T19:11:25.187288Z
  Time since last request: 0.000243291 seconds.
  importAddress: GUID: e9df95f53f1c1d0c9199e235d6c42b50 - Path: Packages/com.unity.modules.audio/package.json - Importer: ScriptedImporter/UnityEditor.QuickSearchModule:UnityEditor.Search:ASIAI0B
Importing 'GUID: e9df95f53f1c1d0c9199e235d6c42b50 - Path: Packages/com.unity.modules.audio/package.json - Importer: ScriptedImporter/UnityEditor.QuickSearchModule:UnityEditor.Search:ASIAI0B' with importer (ScriptedImporter : UnityEditor.QuickSearchModule:UnityEditor.Search:ASIAI0B)
Imported 'GUID: e9df95f53f1c1d0c9199e235d6c42b50' -> (Import Result ID: '31cb7e9294b090d600db8b1349c7479c') in 0.001 seconds [static and dynamic dependencies]. Details - ImportResultOutputID=652bb81936b99289e79de1f7c20c2675 DependenciesID=3fda93dcffe7ff286743b00d58b1a5e9 StaticDependenciesID=bd332d71b60f00c958f9ecaa257e71db 
Number of updated asset objects reloaded before import = 0
Number of asset objects unloaded after import = 1
========================================================================
Received Import Request.
  Time of request: 2026-10-01T19:11:25.188444Z
  Time since last request: 0.000204625 seconds.
  importAddress: GUID: 2c814623cb42764d304be0c5ddd03ceb - Path: Packages/com.unity.modules.xr/package.json - Importer: ScriptedImporter/UnityEditor.QuickSearchModule:UnityEditor.Search:ASIAI0B
Importing 'GUID: 2c814623cb42764d304be0c5ddd03ceb - Path: Packages/com.unity.modules.xr/package.json - Importer: ScriptedImporter/UnityEditor.QuickSearchModule:UnityEditor.Search:ASIAI0B' with importer (ScriptedImporter : UnityEditor.QuickSearchModule:UnityEditor.Search:ASIAI0B)
Imported 'GUID: 2c814623cb42764d304be0c5ddd03ceb' -> (Import Result ID: '13cd6350e7f80e65beb0f92e0e5d689f') in 0.001 seconds [static and dynamic dependencies]. Details - ImportResultOutputID=072e55e904a45541f8a20b324f64f892 DependenciesID=9068f876742a7a30850fb5f075f0bacc StaticDependenciesID=0e8c0a9a6a70fa2d0c87cc67e9c3583f 
Number of updated asset objects reloaded before import = 0
Number of asset objects unloaded after import = 1
========================================================================
Received Import Request.
  Time of request: 2026-10-01T19:11:25.189407Z
  Time since last request: 0.000178583 seconds.
  importAddress: GUID: 164c9b1458eaab743a4b45c37a4d720d - Path: Packages/com.unity.test-framework/UnityEngine.TestRunner/Utils/MonoBehaviourTest/MonoBehaviourTest.cs - Importer: ScriptedImporter/UnityEditor.QuickSearchModule:UnityEditor.Search:ASIAI0B
Importing 'GUID: 164c9b1458eaab743a4b45c37a4d720d - Path: Packages/com.unity.test-framework/UnityEngine.TestRunner/Utils/MonoBehaviourTest/MonoBehaviourTest.cs - Importer: ScriptedImporter/UnityEditor.QuickSearchModule:UnityEditor.Search:ASIAI0B' with importer (ScriptedImporter : UnityEditor.QuickSearchModule:UnityEditor.Search:ASIAI0B)
Imported 'GUID: 164c9b1458eaab743a4b45c37a4d720d' -> (Import Result ID: 'd65a37ddd3cbd3861c4a9d0ad27512d5') in 0.001 seconds [static and dynamic dependencies]. Details - ImportResultOutputID=12a56b11d3dc8cc0b3eecbb907534747 DependenciesID=a0996205246a894dc15a52ea0278abfc StaticDependenciesID=7b8bdeb4a900f90671dedab796ee69f8 
Number of updated asset objects reloaded before import = 0
Number of asset objects unloaded after import = 0
========================================================================
Received Import Request.
  Time of request: 2026-10-01T19:11:25.190611Z
  Time since last request: 0.00023525 seconds.
  importAddress: GUID: e5c46c19ce0ce2e0103aa6f82df1043a - Path: Packages/com.unity.modules.vehicles/package.ModuleCompilationTrigger - Importer: ScriptedImporter/UnityEditor.QuickSearchModule:UnityEditor.Search:ASIAI0B
Importing 'GUID: e5c46c19ce0ce2e0103aa6f82df1043a - Path: Packages/com.unity.modules.vehicles/package.ModuleCompilationTrigger - Importer: ScriptedImporter/UnityEditor.QuickSearchModule:UnityEditor.Search:ASIAI0B' with importer (ScriptedImporter : UnityEditor.QuickSearchModule:UnityEditor.Search:ASIAI0B)
Imported 'GUID: e5c46c19ce0ce2e0103aa6f82df1043a' -> (Import Result ID: 'd78c5badd8fe87cc449186f5ba4d9572') in 0.001 seconds [static and dynamic dependencies]. Details - ImportResultOutputID=f8d37a30b56444f387463446cf8e20f6 DependenciesID=bf13ec170d1a52751f508ba9488e0ab3 StaticDependenciesID=86a804281c97643fb9b80f9cc4bb216b 
Number of updated asset objects reloaded before import = 0
Number of asset objects unloaded after import = 1
========================================================================
Received Import Request.
  Time of request: 2026-10-01T19:11:25.191807Z
  Time since last request: 0.000189292 seconds.
  importAddress: GUID: c7a8b0317f4e68556d7509828e9e211e - Path: Packages/com.unity.modules.xr/package.ModuleCompilationTrigger - Importer: ScriptedImporter/UnityEditor.QuickSearchModule:UnityEditor.Search:ASIAI0B
Importing 'GUID: c7a8b0317f4e68556d7509828e9e211e - Path: Packages/com.unity.modules.xr/package.ModuleCompilationTrigger - Importer: ScriptedImporter/UnityEditor.QuickSearchModule:UnityEditor.Search:ASIAI0B' with importer (ScriptedImporter : UnityEditor.QuickSearchModule:UnityEditor.Search:ASIAI0B)
Imported 'GUID: c7a8b0317f4e68556d7509828e9e211e' -> (Import Result ID: '3fc21be8f2719c539640d8b0c813e6bd') in 0.001 seconds [static and dynamic dependencies]. Details - ImportResultOutputID=1e845d355acc596d19a57a295b42d366 DependenciesID=3cdcd736590ffe737f6b00b0f71e603d StaticDependenciesID=d18fd096906ccce9975fb264d4f80a5b 
Number of updated asset objects reloaded before import = 0
Number of asset objects unloaded after import = 1
========================================================================
Received Import Request.
  Time of request: 2026-10-01T19:11:25.192874Z
  Time since last request: 0.000232583 seconds.
  importAddress: GUID: 830a36a23cf3ab1e61fa47940a6dc35e - Path: Packages/com.unity.modules.imageconversion/package.ModuleCompilationTrigger - Importer: ScriptedImporter/UnityEditor.QuickSearchModule:UnityEditor.Search:ASIAI0B
Importing 'GUID: 830a36a23cf3ab1e61fa47940a6dc35e - Path: Packages/com.unity.modules.imageconversion/package.ModuleCompilationTrigger - Importer: ScriptedImporter/UnityEditor.QuickSearchModule:UnityEditor.Search:ASIAI0B' with importer (ScriptedImporter : UnityEditor.QuickSearchModule:UnityEditor.Search:ASIAI0B)
Imported 'GUID: 830a36a23cf3ab1e61fa47940a6dc35e' -> (Import Result ID: 'e80fd768814f417594f5e2a9d9dbeafa') in 0.001 seconds [static and dynamic dependencies]. Details - ImportResultOutputID=60ed014b18b07a7cbfc86ab573a04396 DependenciesID=6fae22eba22b00371dc2926a1d07d59d StaticDependenciesID=d0d047621dc2bb37a1f20367f5d1810c 
Number of updated asset objects reloaded before import = 0
Number of asset objects unloaded after import = 1
========================================================================
Received Import Request.
  Time of request: 2026-10-01T19:11:25.194051Z
  Time since last request: 0.000234375 seconds.
  importAddress: GUID: f49bbe06ffa5ae24abe32abdab430c24 - Path: Packages/com.unity.ext.nunit/CHANGELOG.md - Importer: ScriptedImporter/UnityEditor.QuickSearchModule:UnityEditor.Search:ASIAI0B
Importing 'GUID: f49bbe06ffa5ae24abe32abdab430c24 - Path: Packages/com.unity.ext.nunit/CHANGELOG.md - Importer: ScriptedImporter/UnityEditor.QuickSearchModule:UnityEditor.Search:ASIAI0B' with importer (ScriptedImporter : UnityEditor.QuickSearchModule:UnityEditor.Search:ASIAI0B)
Imported 'GUID: f49bbe06ffa5ae24abe32abdab430c24' -> (Import Result ID: '5d461ca8c09602235e25d03bfe9f682e') in 0.001 seconds [static and dynamic dependencies]. Details - ImportResultOutputID=9653c4d79d20b02d3b0f7b82e79bc525 DependenciesID=170b4e7996bc776faec2245b0bd063ab StaticDependenciesID=07e5c26ac9cae2d9016c460f4c9ad330 
Number of updated asset objects reloaded before import = 0
Number of asset objects unloaded after import = 1
========================================================================
Received Import Request.
  Time of request: 2026-10-01T19:11:25.195291Z
  Time since last request: 0.000237417 seconds.
  importAddress: GUID: 953fab16d15d5885b3600fcd6388b2ad - Path: Packages/com.unity.modules.imageconversion/package.json - Importer: ScriptedImporter/UnityEditor.QuickSearchModule:UnityEditor.Search:ASIAI0B
Importing 'GUID: 953fab16d15d5885b3600fcd6388b2ad - Path: Packages/com.unity.modules.imageconversion/package.json - Importer: ScriptedImporter/UnityEditor.QuickSearchModule:UnityEditor.Search:ASIAI0B' with importer (ScriptedImporter : UnityEditor.QuickSearchModule:UnityEditor.Search:ASIAI0B)
Imported 'GUID: 953fab16d15d5885b3600fcd6388b2ad' -> (Import Result ID: '8ead19e6d2566c805e1fd1127e235b19') in 0.001 seconds [static and dynamic dependencies]. Details - ImportResultOutputID=387ee5a8db468bec10c1e098a7323fc7 DependenciesID=d36c21f1b8f6f902b2a910aadf263cdd StaticDependenciesID=ce1a3a0e91b3012c64fa663517db30cd 
Number of updated asset objects reloaded before import = 0
Number of asset objects unloaded after import = 1
========================================================================
Received Import Request.
  Time of request: 2026-10-01T19:11:25.196403Z
  Time since last request: 0.000246875 seconds.
  importAddress: GUID: 6afb166a156df2d20433d981f4bb2832 - Path: Packages/com.unity.modules.vehicles/package.json - Importer: ScriptedImporter/UnityEditor.QuickSearchModule:UnityEditor.Search:ASIAI0B
Importing 'GUID: 6afb166a156df2d20433d981f4bb2832 - Path: Packages/com.unity.modules.vehicles/package.json - Importer: ScriptedImporter/UnityEditor.QuickSearchModule:UnityEditor.Search:ASIAI0B' with importer (ScriptedImporter : UnityEditor.QuickSearchModule:UnityEditor.Search:ASIAI0B)
Imported 'GUID: 6afb166a156df2d20433d981f4bb2832' -> (Import Result ID: '317168662a350b05ef44b19fc7e76f5b') in 0.001 seconds [static and dynamic dependencies]. Details - ImportResultOutputID=3764d85acc724a6bbbcbb2382bcdb6da DependenciesID=90566dc12e6927a3d34a42cc6b77ba4c StaticDependenciesID=db31964b17ee3b88e15f3465b1844b02 
Number of updated asset objects reloaded before import = 0
Number of asset objects unloaded after import = 1
========================================================================
Received Import Request.
  Time of request: 2026-10-01T19:11:25.1973Z
  Time since last request: 0.000176792 seconds.
  importAddress: GUID: 646cce3bdb8d461d980d11d729ab3312 - Path: Packages/com.unity.test-framework/UnityEditor.TestRunner/TestRun/Tasks/Platform/PlatformSpecificPostBuildTask.cs - Importer: ScriptedImporter/UnityEditor.QuickSearchModule:UnityEditor.Search:ASIAI0B
Importing 'GUID: 646cce3bdb8d461d980d11d729ab3312 - Path: Packages/com.unity.test-framework/UnityEditor.TestRunner/TestRun/Tasks/Platform/PlatformSpecificPostBuildTask.cs - Importer: ScriptedImporter/UnityEditor.QuickSearchModule:UnityEditor.Search:ASIAI0B' with importer (ScriptedImporter : UnityEditor.QuickSearchModule:UnityEditor.Search:ASIAI0B)
Imported 'GUID: 646cce3bdb8d461d980d11d729ab3312' -> (Import Result ID: 'c13e8156c1d702996dba4a50413bf23a') in 0.001 seconds [static and dynamic dependencies]. Details - ImportResultOutputID=0b195c34a5573eff546af9b9efcc3a5f DependenciesID=3e896dae6391d53cb2cd9ed31eb748a8 StaticDependenciesID=b914aeb3f76a8b804ee49ae5c4efde05 
Number of updated asset objects reloaded before import = 0
Number of asset objects unloaded after import = 0
========================================================================
Received Import Request.
  Time of request: 2026-10-01T19:11:25.198475Z
  Time since last request: 0.000214667 seconds.
  importAddress: GUID: a002d3737b873954395b7cf862873ab8 - Path: Packages/com.unity.test-framework/UnityEngine.TestRunner/Utils/MonoBehaviourTest/IMonoBehaviourTest.cs - Importer: ScriptedImporter/UnityEditor.QuickSearchModule:UnityEditor.Search:ASIAI0B
Importing 'GUID: a002d3737b873954395b7cf862873ab8 - Path: Packages/com.unity.test-framework/UnityEngine.TestRunner/Utils/MonoBehaviourTest/IMonoBehaviourTest.cs - Importer: ScriptedImporter/UnityEditor.QuickSearchModule:UnityEditor.Search:ASIAI0B' with importer (ScriptedImporter : UnityEditor.QuickSearchModule:UnityEditor.Search:ASIAI0B)
Imported 'GUID: a002d3737b873954395b7cf862873ab8' -> (Import Result ID: '73c2abfae3a9b1a946cfa6eda1a74312') in 0.001 seconds [static and dynamic dependencies]. Details - ImportResultOutputID=98fc1c2171409fcfede20ad696cefc00 DependenciesID=066e577d788443fe23089ca8226ca35b StaticDependenciesID=7e19fc1a390b6d8dc1ea54fba1cd1052 
Number of updated asset objects reloaded before import = 0
Number of asset objects unloaded after import = 0
========================================================================
Received Import Request.
  Time of request: 2026-10-01T19:11:25.199539Z
  Time since last request: 0.000218875 seconds.
  importAddress: GUID: f9bd02a3a916be64c9b47b1305149423 - Path: Packages/com.unity.ide.rider/Rider/Editor/EditorPluginInterop.cs - Importer: ScriptedImporter/UnityEditor.QuickSearchModule:UnityEditor.Search:ASIAI0B
Importing 'GUID: f9bd02a3a916be64c9b47b1305149423 - Path: Packages/com.unity.ide.rider/Rider/Editor/EditorPluginInterop.cs - Importer: ScriptedImporter/UnityEditor.QuickSearchModule:UnityEditor.Search:ASIAI0B' with importer (ScriptedImporter : UnityEditor.QuickSearchModule:UnityEditor.Search:ASIAI0B)
Imported 'GUID: f9bd02a3a916be64c9b47b1305149423' -> (Import Result ID: 'df203d74ac0e035faf0c02721cbbd7b2') in 0.001 seconds [static and dynamic dependencies]. Details - ImportResultOutputID=366ac03defb63befdc0973130d6f14b4 DependenciesID=29716f777d65f72fe0958fa6887f350d StaticDependenciesID=8d830633389c4540c040b7cc881b9f50 
Number of updated asset objects reloaded before import = 0
Number of asset objects unloaded after import = 0
========================================================================
Received Import Request.
  Time of request: 2026-10-01T19:11:25.200628Z
  Time since last request: 0.000270291 seconds.
  importAddress: GUID: d85e5eeaf8f135aeaaebdc8aa3cff6c3 - Path: Packages/com.unity.modules.umbra/package.json - Importer: ScriptedImporter/UnityEditor.QuickSearchModule:UnityEditor.Search:ASIAI0B
Importing 'GUID: d85e5eeaf8f135aeaaebdc8aa3cff6c3 - Path: Packages/com.unity.modules.umbra/package.json - Importer: ScriptedImporter/UnityEditor.QuickSearchModule:UnityEditor.Search:ASIAI0B' with importer (ScriptedImporter : UnityEditor.QuickSearchModule:UnityEditor.Search:ASIAI0B)
Imported 'GUID: d85e5eeaf8f135aeaaebdc8aa3cff6c3' -> (Import Result ID: '99d5b2a2ce2f76ae78e8679edd8cf6f2') in 0.001 seconds [static and dynamic dependencies]. Details - ImportResultOutputID=e220180894e96c7bf97b0e45c61f2424 DependenciesID=68a9b4369ead423e28579d5c8150e7e1 StaticDependenciesID=8d1cb702149e894e3b84bf929c107ba3 
Number of updated asset objects reloaded before import = 0
Number of asset objects unloaded after import = 1
========================================================================
Received Import Request.
  Time of request: 2026-10-01T19:11:25.201649Z
  Time since last request: 0.000216875 seconds.
  importAddress: GUID: dab656c79e1985c40b31faebcda44442 - Path: Packages/com.unity.ide.rider/Rider/Editor/Discovery.cs - Importer: ScriptedImporter/UnityEditor.QuickSearchModule:UnityEditor.Search:ASIAI0B
Importing 'GUID: dab656c79e1985c40b31faebcda44442 - Path: Packages/com.unity.ide.rider/Rider/Editor/Discovery.cs - Importer: ScriptedImporter/UnityEditor.QuickSearchModule:UnityEditor.Search:ASIAI0B' with importer (ScriptedImporter : UnityEditor.QuickSearchModule:UnityEditor.Search:ASIAI0B)
Imported 'GUID: dab656c79e1985c40b31faebcda44442' -> (Import Result ID: '8ae407779a0af9c1b9b799023332ebed') in 0.001 seconds [static and dynamic dependencies]. Details - ImportResultOutputID=d8ddd1734fa01aba310aa1354695f4e2 DependenciesID=48ab8420c1cbabacf6a91ee813156dee StaticDependenciesID=b870da3fff6db94914cf8a6bc2c91186 
Number of updated asset objects reloaded before import = 0
Number of asset objects unloaded after import = 0
========================================================================
Received Import Request.
  Time of request: 2026-10-01T19:11:25.202802Z
  Time since last request: 0.000248083 seconds.
  importAddress: GUID: f0f13f2ab3d6d13cfc6e4656824bfca8 - Path: Packages/com.unity.modules.ai/package.json - Importer: ScriptedImporter/UnityEditor.QuickSearchModule:UnityEditor.Search:ASIAI0B
Importing 'GUID: f0f13f2ab3d6d13cfc6e4656824bfca8 - Path: Packages/com.unity.modules.ai/package.json - Importer: ScriptedImporter/UnityEditor.QuickSearchModule:UnityEditor.Search:ASIAI0B' with importer (ScriptedImporter : UnityEditor.QuickSearchModule:UnityEditor.Search:ASIAI0B)
Imported 'GUID: f0f13f2ab3d6d13cfc6e4656824bfca8' -> (Import Result ID: '3ff722d18c0f70a7f0dfaa372c08f871') in 0.001 seconds [static and dynamic dependencies]. Details - ImportResultOutputID=87071337925e8cb46469a85786400467 DependenciesID=46f725dd9ab01eb3de6bfe00acc5a164 StaticDependenciesID=4f91fe30fdf01a00e2627b975f3ca5a9 
Number of updated asset objects reloaded before import = 0
Number of asset objects unloaded after import = 1
========================================================================
Received Import Request.
  Time of request: 2026-10-01T19:11:25.203805Z
  Time since last request: 0.000248333 seconds.
  importAddress: GUID: 5c4d36a13e7466e43940732365f53bf1 - Path: Packages/com.unity.test-framework/UnityEditor.TestRunner/TestRun/Tasks/Scene/StoreSceneSetupTask.cs - Importer: ScriptedImporter/UnityEditor.QuickSearchModule:UnityEditor.Search:ASIAI0B
Importing 'GUID: 5c4d36a13e7466e43940732365f53bf1 - Path: Packages/com.unity.test-framework/UnityEditor.TestRunner/TestRun/Tasks/Scene/StoreSceneSetupTask.cs - Importer: ScriptedImporter/UnityEditor.QuickSearchModule:UnityEditor.Search:ASIAI0B' with importer (ScriptedImporter : UnityEditor.QuickSearchModule:UnityEditor.Search:ASIAI0B)
Imported 'GUID: 5c4d36a13e7466e43940732365f53bf1' -> (Import Result ID: '7e6d120d1b0f96852d3233f86ec4fdfe') in 0.001 seconds [static and dynamic dependencies]. Details - ImportResultOutputID=d23e8a6cc66980e76cc962adb0983864 DependenciesID=bbe87016c19e25d5373f54afa40aee2e StaticDependenciesID=348f8f755f77572452ea7a6856427e75 
Number of updated asset objects reloaded before import = 0
Number of asset objects unloaded after import = 0
========================================================================
Received Import Request.
  Time of request: 2026-10-01T19:11:25.204937Z
  Time since last request: 0.000229542 seconds.
  importAddress: GUID: 43c24fd91e60170469bfb8d79c565ad3 - Path: Packages/com.unity.test-framework/UnityEditor.TestRunner/TestRun/Tasks/Scene/SceneWrapper.cs - Importer: ScriptedImporter/UnityEditor.QuickSearchModule:UnityEditor.Search:ASIAI0B
Importing 'GUID: 43c24fd91e60170469bfb8d79c565ad3 - Path: Packages/com.unity.test-framework/UnityEditor.TestRunner/TestRun/Tasks/Scene/SceneWrapper.cs - Importer: ScriptedImporter/UnityEditor.QuickSearchModule:UnityEditor.Search:ASIAI0B' with importer (ScriptedImporter : UnityEditor.QuickSearchModule:UnityEditor.Search:ASIAI0B)
Imported 'GUID: 43c24fd91e60170469bfb8d79c565ad3' -> (Import Result ID: '68d9c128a7c5370d568de148326b2e91') in 0.001 seconds [static and dynamic dependencies]. Details - ImportResultOutputID=d2d07463f74de00c79a4148eb6fcc634 DependenciesID=f0992d7393f7fdbd974e67d7e725a3aa StaticDependenciesID=aeaa6d05d8bcc88eff204cd076f9e9c4 
Number of updated asset objects reloaded before import = 0
Number of asset objects unloaded after import = 0
========================================================================
Received Import Request.
  Time of request: 2026-10-01T19:11:25.206134Z
  Time since last request: 0.000271584 seconds.
  importAddress: GUID: d9b3520efe42f4ee887f8b99b7e1deae - Path: Packages/com.unity.test-framework/UnityEditor.TestRunner/TestRun/Tasks/Events/RegisterTestRunCallbackEventsTask.cs - Importer: ScriptedImporter/UnityEditor.QuickSearchModule:UnityEditor.Search:ASIAI0B
Importing 'GUID: d9b3520efe42f4ee887f8b99b7e1deae - Path: Packages/com.unity.test-framework/UnityEditor.TestRunner/TestRun/Tasks/Events/RegisterTestRunCallbackEventsTask.cs - Importer: ScriptedImporter/UnityEditor.QuickSearchModule:UnityEditor.Search:ASIAI0B' with importer (ScriptedImporter : UnityEditor.QuickSearchModule:UnityEditor.Search:ASIAI0B)
Imported 'GUID: d9b3520efe42f4ee887f8b99b7e1deae' -> (Import Result ID: '3c62b2dfda527e18f7edfd91572a7ad4') in 0.001 seconds [static and dynamic dependencies]. Details - ImportResultOutputID=b2e3868fd97bb211d89c1ee2ff56ed65 DependenciesID=305e2549d0dbadd1c894f5dabec7c09e StaticDependenciesID=1967f203fd437532293db1841af13cd6 
Number of updated asset objects reloaded before import = 0
Number of asset objects unloaded after import = 0
========================================================================
Received Import Request.
  Time of request: 2026-10-01T19:11:25.207323Z
  Time since last request: 0.000284791 seconds.
  importAddress: GUID: 1b6246f2248883964991eac9e9b4817c - Path: Packages/com.unity.modules.umbra/package.ModuleCompilationTrigger - Importer: ScriptedImporter/UnityEditor.QuickSearchModule:UnityEditor.Search:ASIAI0B
Importing 'GUID: 1b6246f2248883964991eac9e9b4817c - Path: Packages/com.unity.modules.umbra/package.ModuleCompilationTrigger - Importer: ScriptedImporter/UnityEditor.QuickSearchModule:UnityEditor.Search:ASIAI0B' with importer (ScriptedImporter : UnityEditor.QuickSearchModule:UnityEditor.Search:ASIAI0B)
Imported 'GUID: 1b6246f2248883964991eac9e9b4817c' -> (Import Result ID: 'a5b96ba383b6c37cb2dc2b39a7372753') in 0.001 seconds [static and dynamic dependencies]. Details - ImportResultOutputID=ea985049b1f981c38aba5e58f6f8857e DependenciesID=a0b28249d7d091f549f213b220868a8f StaticDependenciesID=0999fa7bb55e4b556a0fb20a4b05f116 
Number of updated asset objects reloaded before import = 0
Number of asset objects unloaded after import = 1
========================================================================
Received Import Request.
  Time of request: 2026-10-01T19:11:25.208579Z
  Time since last request: 0.00022375 seconds.
  importAddress: GUID: e02e76bfece9a28408e2e7dcb2e14b8f - Path: Packages/com.unity.test-framework/UnityEditor.TestRunner/TestRun/Tasks/Scene/RemoveAdditionalUntitledSceneTask.cs - Importer: ScriptedImporter/UnityEditor.QuickSearchModule:UnityEditor.Search:ASIAI0B
Importing 'GUID: e02e76bfece9a28408e2e7dcb2e14b8f - Path: Packages/com.unity.test-framework/UnityEditor.TestRunner/TestRun/Tasks/Scene/RemoveAdditionalUntitledSceneTask.cs - Importer: ScriptedImporter/UnityEditor.QuickSearchModule:UnityEditor.Search:ASIAI0B' with importer (ScriptedImporter : UnityEditor.QuickSearchModule:UnityEditor.Search:ASIAI0B)
Imported 'GUID: e02e76bfece9a28408e2e7dcb2e14b8f' -> (Import Result ID: 'f6d8c556fb8ae645213bd7e351bf830c') in 0.001 seconds [static and dynamic dependencies]. Details - ImportResultOutputID=6bc51d06f84dff4fd37553237363dd04 DependenciesID=dc5d079ba8da29a789fa68e3ea579464 StaticDependenciesID=cb8648f690b45d133d6951a803fa8d20 
Number of updated asset objects reloaded before import = 0
Number of asset objects unloaded after import = 0
========================================================================
Received Import Request.
  Time of request: 2026-10-01T19:11:25.209744Z
  Time since last request: 0.000241125 seconds.
  importAddress: GUID: f91a00d2dca52b843b2d50ccf750737d - Path: Packages/com.unity.ext.nunit/LICENSE.md - Importer: ScriptedImporter/UnityEditor.QuickSearchModule:UnityEditor.Search:ASIAI0B
Importing 'GUID: f91a00d2dca52b843b2d50ccf750737d - Path: Packages/com.unity.ext.nunit/LICENSE.md - Importer: ScriptedImporter/UnityEditor.QuickSearchModule:UnityEditor.Search:ASIAI0B' with importer (ScriptedImporter : UnityEditor.QuickSearchModule:UnityEditor.Search:ASIAI0B)
Imported 'GUID: f91a00d2dca52b843b2d50ccf750737d' -> (Import Result ID: '9190c71eacfc352bfd0d84bc4bac261b') in 0.001 seconds [static and dynamic dependencies]. Details - ImportResultOutputID=88f04b3bf199c8c1a7c72e6287c55883 DependenciesID=2184d72d2c533c5201bfbbd058bbfa3f StaticDependenciesID=0f5a62c23d89a8c8c2f3a36fcd2fff5a 
Number of updated asset objects reloaded before import = 0
Number of asset objects unloaded after import = 1
========================================================================
Received Import Request.
  Time of request: 2026-10-01T19:11:25.21096Z
  Time since last request: 0.000271209 seconds.
  importAddress: GUID: 042dc296246916648e55a43d0eeb2036 - Path: Packages/com.unity.modules.audio/package.ModuleCompilationTrigger - Importer: ScriptedImporter/UnityEditor.QuickSearchModule:UnityEditor.Search:ASIAI0B
Importing 'GUID: 042dc296246916648e55a43d0eeb2036 - Path: Packages/com.unity.modules.audio/package.ModuleCompilationTrigger - Importer: ScriptedImporter/UnityEditor.QuickSearchModule:UnityEditor.Search:ASIAI0B' with importer (ScriptedImporter : UnityEditor.QuickSearchModule:UnityEditor.Search:ASIAI0B)
Imported 'GUID: 042dc296246916648e55a43d0eeb2036' -> (Import Result ID: '9e10e717d246e61d12e72581b044498e') in 0.001 seconds [static and dynamic dependencies]. Details - ImportResultOutputID=11d584f07443e71a68b6f6730befc108 DependenciesID=e5f44199b3a929e8d88cb6e7ad32ad7d StaticDependenciesID=3e37e13afb2dc58423d20390a56906ee 
Number of updated asset objects reloaded before import = 0
Number of asset objects unloaded after import = 1
========================================================================
Received Import Request.
  Time of request: 2026-10-01T19:11:25.212101Z
  Time since last request: 0.000256333 seconds.
  importAddress: GUID: bfcb3ba499f7d452b92d9a9cc3378788 - Path: Packages/com.unity.ext.nunit/Third Party Notices.md - Importer: ScriptedImporter/UnityEditor.QuickSearchModule:UnityEditor.Search:ASIAI0B
Importing 'GUID: bfcb3ba499f7d452b92d9a9cc3378788 - Path: Packages/com.unity.ext.nunit/Third Party Notices.md - Importer: ScriptedImporter/UnityEditor.QuickSearchModule:UnityEditor.Search:ASIAI0B' with importer (ScriptedImporter : UnityEditor.QuickSearchModule:UnityEditor.Search:ASIAI0B)
Imported 'GUID: bfcb3ba499f7d452b92d9a9cc3378788' -> (Import Result ID: '17f5fff5f0ad988e23213b372a84af49') in 0.001 seconds [static and dynamic dependencies]. Details - ImportResultOutputID=ebc8492c4ab284b6e36e085ca65685f3 DependenciesID=dd1452763082e53f8e915e69cbe30aa9 StaticDependenciesID=901bdab89cb96b2f8f7eb9d361a82df1 
Number of updated asset objects reloaded before import = 0
Number of asset objects unloaded after import = 1
========================================================================
Received Import Request.
  Time of request: 2026-10-01T19:11:25.213291Z
  Time since last request: 0.000228333 seconds.
  importAddress: GUID: b6029123aa4ab4e0481a4b3ad8a15af9 - Path: Packages/com.unity.ide.rider/ValidationExceptions.json - Importer: ScriptedImporter/UnityEditor.QuickSearchModule:UnityEditor.Search:ASIAI0B
Importing 'GUID: b6029123aa4ab4e0481a4b3ad8a15af9 - Path: Packages/com.unity.ide.rider/ValidationExceptions.json - Importer: ScriptedImporter/UnityEditor.QuickSearchModule:UnityEditor.Search:ASIAI0B' with importer (ScriptedImporter : UnityEditor.QuickSearchModule:UnityEditor.Search:ASIAI0B)
Imported 'GUID: b6029123aa4ab4e0481a4b3ad8a15af9' -> (Import Result ID: 'f8d7f6129d5992bee7d9f0fccd072a48') in 0.001 seconds [static and dynamic dependencies]. Details - ImportResultOutputID=a780d608711628a75309fcb6a70e63a9 DependenciesID=46774ed773d7d272748318c404a9decd StaticDependenciesID=6603d9bd41186f80e4edf339f6dc574a 
Number of updated asset objects reloaded before import = 0
Number of asset objects unloaded after import = 1
========================================================================
Received Import Request.
  Time of request: 2026-10-01T19:11:25.21435Z
  Time since last request: 0.000191084 seconds.
  importAddress: GUID: 30b312a167534621b316172253b08723 - Path: Packages/com.unity.modules.subsystems/package.json - Importer: ScriptedImporter/UnityEditor.QuickSearchModule:UnityEditor.Search:ASIAI0B
Importing 'GUID: 30b312a167534621b316172253b08723 - Path: Packages/com.unity.modules.subsystems/package.json - Importer: ScriptedImporter/UnityEditor.QuickSearchModule:UnityEditor.Search:ASIAI0B' with importer (ScriptedImporter : UnityEditor.QuickSearchModule:UnityEditor.Search:ASIAI0B)
Imported 'GUID: 30b312a167534621b316172253b08723' -> (Import Result ID: 'f6427340948716bb08fbdbe730b51476') in 0.001 seconds [static and dynamic dependencies]. Details - ImportResultOutputID=425b9c0113815cc160716fa7068a3a66 DependenciesID=d62f06f17dc2b8cdedee41ac7ce720a5 StaticDependenciesID=8c716c8da0b688388fd99c50b7d43565 
Number of updated asset objects reloaded before import = 0
Number of asset objects unloaded after import = 1
========================================================================
Received Import Request.
  Time of request: 2026-10-01T19:11:25.215449Z
  Time since last request: 0.000198292 seconds.
  importAddress: GUID: fa27413e9edb06a6058d6c894eca0338 - Path: Packages/com.unity.modules.unitywebrequestwww/package.json - Importer: ScriptedImporter/UnityEditor.QuickSearchModule:UnityEditor.Search:ASIAI0B
Importing 'GUID: fa27413e9edb06a6058d6c894eca0338 - Path: Packages/com.unity.modules.unitywebrequestwww/package.json - Importer: ScriptedImporter/UnityEditor.QuickSearchModule:UnityEditor.Search:ASIAI0B' with importer (ScriptedImporter : UnityEditor.QuickSearchModule:UnityEditor.Search:ASIAI0B)
Imported 'GUID: fa27413e9edb06a6058d6c894eca0338' -> (Import Result ID: '6a40be5127f80b4e60ffce81e4223076') in 0.001 seconds [static and dynamic dependencies]. Details - ImportResultOutputID=8aa964075ceb563eefe31631172b9db1 DependenciesID=fdef315aad398cfdf17e436afeb3bedf StaticDependenciesID=a47ce70f2b13ff5a85d484d59c5b5968 
Number of updated asset objects reloaded before import = 0
Number of asset objects unloaded after import = 1
========================================================================
Received Import Request.
  Time of request: 2026-10-01T19:11:25.216395Z
  Time since last request: 0.000191167 seconds.
  importAddress: GUID: 0f3326f97c0d472bac74dc480099f983 - Path: Packages/com.unity.test-framework/UnityEditor.TestRunner/TestRun/Tasks/Platform/PlatformSpecificCleanupTask.cs - Importer: ScriptedImporter/UnityEditor.QuickSearchModule:UnityEditor.Search:ASIAI0B
Importing 'GUID: 0f3326f97c0d472bac74dc480099f983 - Path: Packages/com.unity.test-framework/UnityEditor.TestRunner/TestRun/Tasks/Platform/PlatformSpecificCleanupTask.cs - Importer: ScriptedImporter/UnityEditor.QuickSearchModule:UnityEditor.Search:ASIAI0B' with importer (ScriptedImporter : UnityEditor.QuickSearchModule:UnityEditor.Search:ASIAI0B)
Imported 'GUID: 0f3326f97c0d472bac74dc480099f983' -> (Import Result ID: '66a360f272c4bba16ccb2f3eace85c9f') in 0.002 seconds [static and dynamic dependencies]. Details - ImportResultOutputID=298319b5e6c81ec4127b1c1b09fd5352 DependenciesID=92c99d98fbd7efc117aaa2f16c3991b9 StaticDependenciesID=7762c119ab41b24d7a76e50667bb3bc5 
Number of updated asset objects reloaded before import = 0
Number of asset objects unloaded after import = 0
========================================================================
Received Import Request.
  Time of request: 2026-10-01T19:11:25.234814Z
  Time since last request: 0.016823167 seconds.
  importAddress: GUID: f079e3afd077fb94fa2bda74d6409499 - Path: Packages/com.unity.ide.rider/Rider/Editor/RiderScriptEditorData.cs - Importer: ScriptedImporter/UnityEditor.QuickSearchModule:UnityEditor.Search:ASIAI0B
Importing 'GUID: f079e3afd077fb94fa2bda74d6409499 - Path: Packages/com.unity.ide.rider/Rider/Editor/RiderScriptEditorData.cs - Importer: ScriptedImporter/UnityEditor.QuickSearchModule:UnityEditor.Search:ASIAI0B' with importer (ScriptedImporter : UnityEditor.QuickSearchModule:UnityEditor.Search:ASIAI0B)
Imported 'GUID: f079e3afd077fb94fa2bda74d6409499' -> (Import Result ID: '26a54f32abb9d7e23e12068fcd7f1b9f') in 0.001 seconds [static and dynamic dependencies]. Details - ImportResultOutputID=6149eef25d61eeee30ae58bd76ebe47b DependenciesID=7677cdffa8d0085bf1f89704ec04da09 StaticDependenciesID=3fa231174be2f4f4f09b0bff7fa6be0a 
Number of updated asset objects reloaded before import = 0
Number of asset objects unloaded after import = 0
========================================================================
Received Import Request.
  Time of request: 2026-10-01T19:11:25.236389Z
  Time since last request: 0.000269333 seconds.
  importAddress: GUID: 45471ad7b8c1f964da5e3c07d57fbf4f - Path: Packages/com.unity.ide.rider/Rider/Editor/PostProcessors/RiderAssetPostprocessor.cs - Importer: ScriptedImporter/UnityEditor.QuickSearchModule:UnityEditor.Search:ASIAI0B
Importing 'GUID: 45471ad7b8c1f964da5e3c07d57fbf4f - Path: Packages/com.unity.ide.rider/Rider/Editor/PostProcessors/RiderAssetPostprocessor.cs - Importer: ScriptedImporter/UnityEditor.QuickSearchModule:UnityEditor.Search:ASIAI0B' with importer (ScriptedImporter : UnityEditor.QuickSearchModule:UnityEditor.Search:ASIAI0B)
Imported 'GUID: 45471ad7b8c1f964da5e3c07d57fbf4f' -> (Import Result ID: '992872a59e4a8ef5f2a4bbc7305b580b') in 0.001 seconds [static and dynamic dependencies]. Details - ImportResultOutputID=71c7f60c6927adc347111360b4fb4d66 DependenciesID=59b171bfbef539413828492332a62826 StaticDependenciesID=1b4b1cc3c142547dceb529112309c59a 
Number of updated asset objects reloaded before import = 0
Number of asset objects unloaded after import = 0
========================================================================
Received Import Request.
  Time of request: 2026-10-01T19:11:25.237387Z
  Time since last request: 0.000197166 seconds.
  importAddress: GUID: fe6a6957b37b61417b457a1e0541791d - Path: Packages/com.unity.modules.physics2d/package.ModuleCompilationTrigger - Importer: ScriptedImporter/UnityEditor.QuickSearchModule:UnityEditor.Search:ASIAI0B
Importing 'GUID: fe6a6957b37b61417b457a1e0541791d - Path: Packages/com.unity.modules.physics2d/package.ModuleCompilationTrigger - Importer: ScriptedImporter/UnityEditor.QuickSearchModule:UnityEditor.Search:ASIAI0B' with importer (ScriptedImporter : UnityEditor.QuickSearchModule:UnityEditor.Search:ASIAI0B)
Imported 'GUID: fe6a6957b37b61417b457a1e0541791d' -> (Import Result ID: '6033b580bdb5ad8af652838389df921b') in 0.001 seconds [static and dynamic dependencies]. Details - ImportResultOutputID=aec9680e69dcb35d2b2f47d302fff18b DependenciesID=127c54ef8c38be9b40a8cf2204bc2de6 StaticDependenciesID=e6d2ca71c643a1a4290365c42470c9ef 
Number of updated asset objects reloaded before import = 0
Number of asset objects unloaded after import = 1
========================================================================
Received Import Request.
  Time of request: 2026-10-01T19:11:25.238572Z
  Time since last request: 0.000238459 seconds.
  importAddress: GUID: 8472c6472e6d4301873871a9e8fcf952 - Path: Packages/com.unity.ide.rider/Rider/Editor/Properties/AssemblyInfo.cs - Importer: ScriptedImporter/UnityEditor.QuickSearchModule:UnityEditor.Search:ASIAI0B
Importing 'GUID: 8472c6472e6d4301873871a9e8fcf952 - Path: Packages/com.unity.ide.rider/Rider/Editor/Properties/AssemblyInfo.cs - Importer: ScriptedImporter/UnityEditor.QuickSearchModule:UnityEditor.Search:ASIAI0B' with importer (ScriptedImporter : UnityEditor.QuickSearchModule:UnityEditor.Search:ASIAI0B)
Imported 'GUID: 8472c6472e6d4301873871a9e8fcf952' -> (Import Result ID: 'f120998d57011dbbf245860e7b4f8a42') in 0.001 seconds [static and dynamic dependencies]. Details - ImportResultOutputID=023b8865866ea334537856844300772f DependenciesID=04566fdab33cbe0842fad847b95529d5 StaticDependenciesID=545c100b4a495aab6b6a349b061a737d 
Number of updated asset objects reloaded before import = 0
Number of asset objects unloaded after import = 0
========================================================================
Received Import Request.
  Time of request: 2026-10-01T19:11:25.239737Z
  Time since last request: 0.000348166 seconds.
  importAddress: GUID: 4745d06d5a7ca576dcf9e5e67b417652 - Path: Packages/com.unity.modules.accessibility/package.ModuleCompilationTrigger - Importer: ScriptedImporter/UnityEditor.QuickSearchModule:UnityEditor.Search:ASIAI0B
Importing 'GUID: 4745d06d5a7ca576dcf9e5e67b417652 - Path: Packages/com.unity.modules.accessibility/package.ModuleCompilationTrigger - Importer: ScriptedImporter/UnityEditor.QuickSearchModule:UnityEditor.Search:ASIAI0B' with importer (ScriptedImporter : UnityEditor.QuickSearchModule:UnityEditor.Search:ASIAI0B)
Imported 'GUID: 4745d06d5a7ca576dcf9e5e67b417652' -> (Import Result ID: '48069d313a81832d54610e2cc252e6b4') in 0.001 seconds [static and dynamic dependencies]. Details - ImportResultOutputID=f8649b4bc8394c3cbf4b9cc01008738a DependenciesID=7c84df2f5abb545cc707536a36e50d1f StaticDependenciesID=c6e68aae91e50a7e5fb0b3cf7011bcc0 
Number of updated asset objects reloaded before import = 0
Number of asset objects unloaded after import = 1
========================================================================
Received Import Request.
  Time of request: 2026-10-01T19:11:25.241122Z
  Time since last request: 0.000314083 seconds.
  importAddress: GUID: 3e4e7fdc19414089a0fb43e43b1bdae1 - Path: Packages/com.unity.ide.rider/Rider/Editor/ProjectGeneration/SolutionGuidGenerator.cs - Importer: ScriptedImporter/UnityEditor.QuickSearchModule:UnityEditor.Search:ASIAI0B
Importing 'GUID: 3e4e7fdc19414089a0fb43e43b1bdae1 - Path: Packages/com.unity.ide.rider/Rider/Editor/ProjectGeneration/SolutionGuidGenerator.cs - Importer: ScriptedImporter/UnityEditor.QuickSearchModule:UnityEditor.Search:ASIAI0B' with importer (ScriptedImporter : UnityEditor.QuickSearchModule:UnityEditor.Search:ASIAI0B)
Imported 'GUID: 3e4e7fdc19414089a0fb43e43b1bdae1' -> (Import Result ID: '13062218bb16cf3cb4bf443e8ac86aed') in 0.001 seconds [static and dynamic dependencies]. Details - ImportResultOutputID=14fb7e3eccf9b121b390a11e6a82b385 DependenciesID=7409b617e391f956594e92f7df4d8f16 StaticDependenciesID=9b68c7d4b98ba05a6b80746721493e4b 
Number of updated asset objects reloaded before import = 0
Number of asset objects unloaded after import = 0
========================================================================
Received Import Request.
  Time of request: 2026-10-01T19:11:25.24232Z
  Time since last request: 0.000263875 seconds.
  importAddress: GUID: 56f347f155204ffebacb6ed6f4a4e65f - Path: Packages/com.unity.ide.rider/Rider/Editor/RiderStyles.cs - Importer: ScriptedImporter/UnityEditor.QuickSearchModule:UnityEditor.Search:ASIAI0B
Importing 'GUID: 56f347f155204ffebacb6ed6f4a4e65f - Path: Packages/com.unity.ide.rider/Rider/Editor/RiderStyles.cs - Importer: ScriptedImporter/UnityEditor.QuickSearchModule:UnityEditor.Search:ASIAI0B' with importer (ScriptedImporter : UnityEditor.QuickSearchModule:UnityEditor.Search:ASIAI0B)
Imported 'GUID: 56f347f155204ffebacb6ed6f4a4e65f' -> (Import Result ID: 'ec98f6ac4ce91313061beeca93b0d131') in 0.001 seconds [static and dynamic dependencies]. Details - ImportResultOutputID=3effc0f702b4e9544c5babcf91f5700d DependenciesID=dc603c772c14673f5340d659ad237484 StaticDependenciesID=c60a16c759d6d682dc7d1316c1c85997 
Number of updated asset objects reloaded before import = 0
Number of asset objects unloaded after import = 0
========================================================================
Received Import Request.
  Time of request: 2026-10-01T19:11:25.243503Z
  Time since last request: 0.000241042 seconds.
  importAddress: GUID: 22608619ec9a4b1db7417e80c3123098 - Path: Packages/com.unity.ide.rider/Rider/Editor/Util/UnityVersionUtils.cs - Importer: ScriptedImporter/UnityEditor.QuickSearchModule:UnityEditor.Search:ASIAI0B
Importing 'GUID: 22608619ec9a4b1db7417e80c3123098 - Path: Packages/com.unity.ide.rider/Rider/Editor/Util/UnityVersionUtils.cs - Importer: ScriptedImporter/UnityEditor.QuickSearchModule:UnityEditor.Search:ASIAI0B' with importer (ScriptedImporter : UnityEditor.QuickSearchModule:UnityEditor.Search:ASIAI0B)
Imported 'GUID: 22608619ec9a4b1db7417e80c3123098' -> (Import Result ID: 'f5e6a0449352e058035ad6aa44e50aa3') in 0.001 seconds [static and dynamic dependencies]. Details - ImportResultOutputID=4cae107c2e68698de699741023f8a35a DependenciesID=09510cc72a0e38226e1ae48edc81ee27 StaticDependenciesID=a8f7ab49a2886b66d26e2e346f3ecd4f 
Number of updated asset objects reloaded before import = 0
Number of asset objects unloaded after import = 0
========================================================================
Received Import Request.
  Time of request: 2026-10-01T19:11:25.244775Z
  Time since last request: 0.00036175 seconds.
  importAddress: GUID: 48483563a64de3a4e8690122762055f1 - Path: Packages/com.unity.ide.rider/Rider/Editor/UnitTesting/SyncTestRunEventsHandler.cs - Importer: ScriptedImporter/UnityEditor.QuickSearchModule:UnityEditor.Search:ASIAI0B
Importing 'GUID: 48483563a64de3a4e8690122762055f1 - Path: Packages/com.unity.ide.rider/Rider/Editor/UnitTesting/SyncTestRunEventsHandler.cs - Importer: ScriptedImporter/UnityEditor.QuickSearchModule:UnityEditor.Search:ASIAI0B' with importer (ScriptedImporter : UnityEditor.QuickSearchModule:UnityEditor.Search:ASIAI0B)
Imported 'GUID: 48483563a64de3a4e8690122762055f1' -> (Import Result ID: '7a041820c64c30310ea396d523e9ffb5') in 0.001 seconds [static and dynamic dependencies]. Details - ImportResultOutputID=9c0b729b90b6d175d52f6d9826526f5f DependenciesID=423be513238ef0b9b9b14fdf367ee352 StaticDependenciesID=329ebc58920a970db6b72d2b28ab34c9 
Number of updated asset objects reloaded before import = 0
Number of asset objects unloaded after import = 0
========================================================================
Received Import Request.
  Time of request: 2026-10-01T19:11:25.245937Z
  Time since last request: 0.000276458 seconds.
  importAddress: GUID: 071c17858dc6c47ada7b2a1f1ded5402 - Path: Packages/com.unity.ide.rider/Rider/Editor/Util/LibcNativeInterop.cs - Importer: ScriptedImporter/UnityEditor.QuickSearchModule:UnityEditor.Search:ASIAI0B
Importing 'GUID: 071c17858dc6c47ada7b2a1f1ded5402 - Path: Packages/com.unity.ide.rider/Rider/Editor/Util/LibcNativeInterop.cs - Importer: ScriptedImporter/UnityEditor.QuickSearchModule:UnityEditor.Search:ASIAI0B' with importer (ScriptedImporter : UnityEditor.QuickSearchModule:UnityEditor.Search:ASIAI0B)
Imported 'GUID: 071c17858dc6c47ada7b2a1f1ded5402' -> (Import Result ID: 'd0e2da1c6d1664438770bce5e892e616') in 0.001 seconds [static and dynamic dependencies]. Details - ImportResultOutputID=7c12d8bde1577b6503820d40d747a98f DependenciesID=0bd14c9ee66dcb7f456e3b4b5bc69615 StaticDependenciesID=30c02fa79a189bdd6c5ebd74bb014cae 
Number of updated asset objects reloaded before import = 0
Number of asset objects unloaded after import = 0
========================================================================
Received Import Request.
  Time of request: 2026-10-01T19:11:25.247343Z
  Time since last request: 0.000302833 seconds.
  importAddress: GUID: a6ba838b1348d5e46a7eaacd1646c1d3 - Path: Packages/com.unity.ide.rider/Rider/Editor/ProjectGeneration/FileIOProvider.cs - Importer: ScriptedImporter/UnityEditor.QuickSearchModule:UnityEditor.Search:ASIAI0B
Importing 'GUID: a6ba838b1348d5e46a7eaacd1646c1d3 - Path: Packages/com.unity.ide.rider/Rider/Editor/ProjectGeneration/FileIOProvider.cs - Importer: ScriptedImporter/UnityEditor.QuickSearchModule:UnityEditor.Search:ASIAI0B' with importer (ScriptedImporter : UnityEditor.QuickSearchModule:UnityEditor.Search:ASIAI0B)
Imported 'GUID: a6ba838b1348d5e46a7eaacd1646c1d3' -> (Import Result ID: '0ba706538e76e808dbe1ca242b975952') in 0.001 seconds [static and dynamic dependencies]. Details - ImportResultOutputID=94cd59c3d65495dba4854b0484e43c1a DependenciesID=92fe6d0d54f983c66adabcc3f0bb2623 StaticDependenciesID=7a4c48ecb4bbe84b055bcdbb169e2f7d 
Number of updated asset objects reloaded before import = 0
Number of asset objects unloaded after import = 0
========================================================================
Received Import Request.
  Time of request: 2026-10-01T19:11:25.248467Z
  Time since last request: 0.000294 seconds.
  importAddress: GUID: 7019e230344c48d4b81602e2e978e5de - Path: Packages/com.unity.ide.rider/Rider/Editor/ProjectGeneration/LastWriteTracker.cs - Importer: ScriptedImporter/UnityEditor.QuickSearchModule:UnityEditor.Search:ASIAI0B
Importing 'GUID: 7019e230344c48d4b81602e2e978e5de - Path: Packages/com.unity.ide.rider/Rider/Editor/ProjectGeneration/LastWriteTracker.cs - Importer: ScriptedImporter/UnityEditor.QuickSearchModule:UnityEditor.Search:ASIAI0B' with importer (ScriptedImporter : UnityEditor.QuickSearchModule:UnityEditor.Search:ASIAI0B)
Imported 'GUID: 7019e230344c48d4b81602e2e978e5de' -> (Import Result ID: '9bc9ba4759139c762c62991430622b48') in 0.001 seconds [static and dynamic dependencies]. Details - ImportResultOutputID=f42ce24051c8e0139d04bad7967ab478 DependenciesID=295982a3c9cf3540e35693d2fd260c51 StaticDependenciesID=56c04393cab109034a5237c7620ad6ea 
Number of updated asset objects reloaded before import = 0
Number of asset objects unloaded after import = 0
========================================================================
Received Import Request.
  Time of request: 2026-10-01T19:11:25.24945Z
  Time since last request: 0.0002425 seconds.
  importAddress: GUID: 3cc1ebf2abb7fef6871ad48f499b6e21 - Path: Packages/com.unity.modules.vectorgraphics/package.ModuleCompilationTrigger - Importer: ScriptedImporter/UnityEditor.QuickSearchModule:UnityEditor.Search:ASIAI0B
Importing 'GUID: 3cc1ebf2abb7fef6871ad48f499b6e21 - Path: Packages/com.unity.modules.vectorgraphics/package.ModuleCompilationTrigger - Importer: ScriptedImporter/UnityEditor.QuickSearchModule:UnityEditor.Search:ASIAI0B' with importer (ScriptedImporter : UnityEditor.QuickSearchModule:UnityEditor.Search:ASIAI0B)
Imported 'GUID: 3cc1ebf2abb7fef6871ad48f499b6e21' -> (Import Result ID: 'c0e46e7b0bd4c5665c6a9dd466bfd84e') in 0.001 seconds [static and dynamic dependencies]. Details - ImportResultOutputID=5d9118a720c8d3a3da520bce0330a383 DependenciesID=4e435c0bc8e968bb9495deb4c0db3b7c StaticDependenciesID=2d34e4e9dcc8c0bd0277901bdc025c2f 
Number of updated asset objects reloaded before import = 0
Number of asset objects unloaded after import = 1
========================================================================
Received Import Request.
  Time of request: 2026-10-01T19:11:25.250661Z
  Time since last request: 0.000238958 seconds.
  importAddress: GUID: 4d34a9510a5b9d21381c93e73867a193 - Path: Packages/com.unity.ide.rider/Rider/Editor/Util/RiderPathUtil.cs - Importer: ScriptedImporter/UnityEditor.QuickSearchModule:UnityEditor.Search:ASIAI0B
Importing 'GUID: 4d34a9510a5b9d21381c93e73867a193 - Path: Packages/com.unity.ide.rider/Rider/Editor/Util/RiderPathUtil.cs - Importer: ScriptedImporter/UnityEditor.QuickSearchModule:UnityEditor.Search:ASIAI0B' with importer (ScriptedImporter : UnityEditor.QuickSearchModule:UnityEditor.Search:ASIAI0B)
Imported 'GUID: 4d34a9510a5b9d21381c93e73867a193' -> (Import Result ID: 'bd41035bf6d043a21f2c8dd15001886c') in 0.001 seconds [static and dynamic dependencies]. Details - ImportResultOutputID=b873f867c94f296b25a47450d862d4cd DependenciesID=3d8d326200e07a676aa296b2461c52d0 StaticDependenciesID=73e810113386fae17604a352052bf1da 
Number of updated asset objects reloaded before import = 0
Number of asset objects unloaded after import = 0
========================================================================
Received Import Request.
  Time of request: 2026-10-01T19:11:25.251648Z
  Time since last request: 0.000241958 seconds.
  importAddress: GUID: d2ec2d1228c8e67cdd913cb5609176a2 - Path: Packages/com.unity.modules.unitywebrequest/package.ModuleCompilationTrigger - Importer: ScriptedImporter/UnityEditor.QuickSearchModule:UnityEditor.Search:ASIAI0B
Importing 'GUID: d2ec2d1228c8e67cdd913cb5609176a2 - Path: Packages/com.unity.modules.unitywebrequest/package.ModuleCompilationTrigger - Importer: ScriptedImporter/UnityEditor.QuickSearchModule:UnityEditor.Search:ASIAI0B' with importer (ScriptedImporter : UnityEditor.QuickSearchModule:UnityEditor.Search:ASIAI0B)
Imported 'GUID: d2ec2d1228c8e67cdd913cb5609176a2' -> (Import Result ID: '9e8429f6f31305bf7fd4aabb5a1f869e') in 0.001 seconds [static and dynamic dependencies]. Details - ImportResultOutputID=3670697fd027b787df164cadb3806308 DependenciesID=50859ae72656734ed5f5a1e0d8727c23 StaticDependenciesID=b3265fb9e747d6b7d3e1cf4f440b1825 
Number of updated asset objects reloaded before import = 0
Number of asset objects unloaded after import = 1
========================================================================
Received Import Request.
  Time of request: 2026-10-01T19:11:25.252604Z
  Time since last request: 0.000219333 seconds.
  importAddress: GUID: 302b1bdfb7a645db994491799832912b - Path: Packages/com.unity.ide.rider/Rider/Editor/Util/StringBuilderExtensions.cs - Importer: ScriptedImporter/UnityEditor.QuickSearchModule:UnityEditor.Search:ASIAI0B
Importing 'GUID: 302b1bdfb7a645db994491799832912b - Path: Packages/com.unity.ide.rider/Rider/Editor/Util/StringBuilderExtensions.cs - Importer: ScriptedImporter/UnityEditor.QuickSearchModule:UnityEditor.Search:ASIAI0B' with importer (ScriptedImporter : UnityEditor.QuickSearchModule:UnityEditor.Search:ASIAI0B)
Imported 'GUID: 302b1bdfb7a645db994491799832912b' -> (Import Result ID: '830afd9477415aaabd4cc73dd50d678d') in 0.001 seconds [static and dynamic dependencies]. Details - ImportResultOutputID=dccd891c98a6d473ef32ab7499ad0ed5 DependenciesID=b14587e38171cd75a66eee4aa2796a2a StaticDependenciesID=f81e38e42cbd0d655d7c56f7f573be7f 
Number of updated asset objects reloaded before import = 0
Number of asset objects unloaded after import = 0
========================================================================
Received Import Request.
  Time of request: 2026-10-01T19:11:25.253778Z
  Time since last request: 0.000234417 seconds.
  importAddress: GUID: 5eea837708474d7e9c1cb4b2eca0213f - Path: Packages/com.unity.ide.rider/Rider/Editor/ProjectGeneration/IAssemblyNameProvider.cs - Importer: ScriptedImporter/UnityEditor.QuickSearchModule:UnityEditor.Search:ASIAI0B
Importing 'GUID: 5eea837708474d7e9c1cb4b2eca0213f - Path: Packages/com.unity.ide.rider/Rider/Editor/ProjectGeneration/IAssemblyNameProvider.cs - Importer: ScriptedImporter/UnityEditor.QuickSearchModule:UnityEditor.Search:ASIAI0B' with importer (ScriptedImporter : UnityEditor.QuickSearchModule:UnityEditor.Search:ASIAI0B)
Imported 'GUID: 5eea837708474d7e9c1cb4b2eca0213f' -> (Import Result ID: 'c60e57814a2576c40def49e54a1bac20') in 0.001 seconds [static and dynamic dependencies]. Details - ImportResultOutputID=20745e1c84b52f2ee5a37af435a1b033 DependenciesID=c19ffa68cc501115ee2f03c575c5c6be StaticDependenciesID=4b4d837095929f1c4d22534fcc9edd4f 
Number of updated asset objects reloaded before import = 0
Number of asset objects unloaded after import = 0
========================================================================
Received Import Request.
  Time of request: 2026-10-01T19:11:25.254752Z
  Time since last request: 0.00024625 seconds.
  importAddress: GUID: aa1c6b1a353ab464782fc1e7c051eb02 - Path: Packages/com.unity.ide.rider/Rider/Editor/UnitTesting/CallbackInitializer.cs - Importer: ScriptedImporter/UnityEditor.QuickSearchModule:UnityEditor.Search:ASIAI0B
Importing 'GUID: aa1c6b1a353ab464782fc1e7c051eb02 - Path: Packages/com.unity.ide.rider/Rider/Editor/UnitTesting/CallbackInitializer.cs - Importer: ScriptedImporter/UnityEditor.QuickSearchModule:UnityEditor.Search:ASIAI0B' with importer (ScriptedImporter : UnityEditor.QuickSearchModule:UnityEditor.Search:ASIAI0B)
Imported 'GUID: aa1c6b1a353ab464782fc1e7c051eb02' -> (Import Result ID: '4e6e3b9042ecdd3dc366f82829718685') in 0.001 seconds [static and dynamic dependencies]. Details - ImportResultOutputID=dd403bcf1b0bf6036b0b6afbc3bf5817 DependenciesID=33643c71635aa940f8b4142ed5be8958 StaticDependenciesID=df93b3c7194db2835b2e139dabc8081c 
Number of updated asset objects reloaded before import = 0
Number of asset objects unloaded after import = 0
========================================================================
Received Import Request.
  Time of request: 2026-10-01T19:11:25.255775Z
  Time since last request: 0.0002525 seconds.
  importAddress: GUID: 39cb9ab8a3b2452cbf58ffbea841d203 - Path: Packages/com.unity.ide.rider/Rider/Editor/ProjectGeneration/IGenerator.cs - Importer: ScriptedImporter/UnityEditor.QuickSearchModule:UnityEditor.Search:ASIAI0B
Importing 'GUID: 39cb9ab8a3b2452cbf58ffbea841d203 - Path: Packages/com.unity.ide.rider/Rider/Editor/ProjectGeneration/IGenerator.cs - Importer: ScriptedImporter/UnityEditor.QuickSearchModule:UnityEditor.Search:ASIAI0B' with importer (ScriptedImporter : UnityEditor.QuickSearchModule:UnityEditor.Search:ASIAI0B)
Imported 'GUID: 39cb9ab8a3b2452cbf58ffbea841d203' -> (Import Result ID: 'de0416fcc4921dfc774b05dbc1143d6c') in 0.001 seconds [static and dynamic dependencies]. Details - ImportResultOutputID=d9a1f14c2e17e62c603ff88a2a11911d DependenciesID=bfd05b7b93cfb1f2bd3f1f7cea4d902d StaticDependenciesID=1c1d187674f3f30055ab7f907188a1b7 
Number of updated asset objects reloaded before import = 0
Number of asset objects unloaded after import = 0
========================================================================
Received Import Request.
  Time of request: 2026-10-01T19:11:25.257137Z
  Time since last request: 0.000304792 seconds.
  importAddress: GUID: 154ace4bd16de9f4e84052ac257786d6 - Path: Packages/com.unity.ide.rider/Rider/Editor/Util/CommandLineParser.cs - Importer: ScriptedImporter/UnityEditor.QuickSearchModule:UnityEditor.Search:ASIAI0B
Importing 'GUID: 154ace4bd16de9f4e84052ac257786d6 - Path: Packages/com.unity.ide.rider/Rider/Editor/Util/CommandLineParser.cs - Importer: ScriptedImporter/UnityEditor.QuickSearchModule:UnityEditor.Search:ASIAI0B' with importer (ScriptedImporter : UnityEditor.QuickSearchModule:UnityEditor.Search:ASIAI0B)
Imported 'GUID: 154ace4bd16de9f4e84052ac257786d6' -> (Import Result ID: 'e2d74726b1aaf67f9a2f1fc899bfc873') in 0.001 seconds [static and dynamic dependencies]. Details - ImportResultOutputID=efad835b720c2a381d27ed6d0e1db6d6 DependenciesID=25c356a861fd7b137d56fd3cf2bbd787 StaticDependenciesID=3b1c57d94f7b48f0234c9a8fac79d027 
Number of updated asset objects reloaded before import = 0
Number of asset objects unloaded after import = 0
========================================================================
Received Import Request.
  Time of request: 2026-10-01T19:11:25.25821Z
  Time since last request: 0.000244625 seconds.
  importAddress: GUID: 1bdab5b8331b4506bf4eae379235c053 - Path: Packages/com.unity.ide.rider/Rider/Editor/ProjectGeneration/IFileIO.cs - Importer: ScriptedImporter/UnityEditor.QuickSearchModule:UnityEditor.Search:ASIAI0B
Importing 'GUID: 1bdab5b8331b4506bf4eae379235c053 - Path: Packages/com.unity.ide.rider/Rider/Editor/ProjectGeneration/IFileIO.cs - Importer: ScriptedImporter/UnityEditor.QuickSearchModule:UnityEditor.Search:ASIAI0B' with importer (ScriptedImporter : UnityEditor.QuickSearchModule:UnityEditor.Search:ASIAI0B)
Imported 'GUID: 1bdab5b8331b4506bf4eae379235c053' -> (Import Result ID: '0a2a3d6c08092a55e6c53c28dc3c7a34') in 0.001 seconds [static and dynamic dependencies]. Details - ImportResultOutputID=c4adc65530d9907339396ae1c317d3c8 DependenciesID=89c599211195790fbfcea8549cfc961b StaticDependenciesID=f0fe8012d2cf5d755c7da2249401b219 
Number of updated asset objects reloaded before import = 0
Number of asset objects unloaded after import = 0
========================================================================
Received Import Request.
  Time of request: 2026-10-01T19:11:25.259382Z
  Time since last request: 0.000209875 seconds.
  importAddress: GUID: f5a0cc9645f0e2d4fb816156dcf3f4dd - Path: Packages/com.unity.ide.rider/Rider/Editor/RiderInitializer.cs - Importer: ScriptedImporter/UnityEditor.QuickSearchModule:UnityEditor.Search:ASIAI0B
Importing 'GUID: f5a0cc9645f0e2d4fb816156dcf3f4dd - Path: Packages/com.unity.ide.rider/Rider/Editor/RiderInitializer.cs - Importer: ScriptedImporter/UnityEditor.QuickSearchModule:UnityEditor.Search:ASIAI0B' with importer (ScriptedImporter : UnityEditor.QuickSearchModule:UnityEditor.Search:ASIAI0B)
Imported 'GUID: f5a0cc9645f0e2d4fb816156dcf3f4dd' -> (Import Result ID: '5651da89a1b76fd0599a66e860b5857e') in 0.001 seconds [static and dynamic dependencies]. Details - ImportResultOutputID=667e66fd58839a0c92d90828a6c91687 DependenciesID=53aebae198f2261f280d6a2bf2f44854 StaticDependenciesID=de4989f84e293f927b61653acee6ac42 
Number of updated asset objects reloaded before import = 0
Number of asset objects unloaded after import = 0
========================================================================
Received Import Request.
  Time of request: 2026-10-01T19:11:25.260355Z
  Time since last request: 0.000225833 seconds.
  importAddress: GUID: 58ab3828fb407c742a48b82bc5983a87 - Path: Packages/com.unity.ide.rider/Rider/Editor/UnitTesting/SyncTestRunCallback.cs - Importer: ScriptedImporter/UnityEditor.QuickSearchModule:UnityEditor.Search:ASIAI0B
Importing 'GUID: 58ab3828fb407c742a48b82bc5983a87 - Path: Packages/com.unity.ide.rider/Rider/Editor/UnitTesting/SyncTestRunCallback.cs - Importer: ScriptedImporter/UnityEditor.QuickSearchModule:UnityEditor.Search:ASIAI0B' with importer (ScriptedImporter : UnityEditor.QuickSearchModule:UnityEditor.Search:ASIAI0B)
Imported 'GUID: 58ab3828fb407c742a48b82bc5983a87' -> (Import Result ID: '4a61563009d36043fc12c1291ba408e8') in 0.001 seconds [static and dynamic dependencies]. Details - ImportResultOutputID=996224b74030c2681b13a9795bfb3bd1 DependenciesID=dd7247a5d349706800964f02b1804578 StaticDependenciesID=baf355d5fdefac53c95d5692cd5f3a43 
Number of updated asset objects reloaded before import = 0
Number of asset objects unloaded after import = 0
========================================================================
Received Import Request.
  Time of request: 2026-10-01T19:11:25.26132Z
  Time since last request: 0.000238917 seconds.
  importAddress: GUID: a8860c53ca4073d4f92c403e709c12ba - Path: Packages/com.unity.ide.rider/Rider/Editor/Util/RiderMenu.cs - Importer: ScriptedImporter/UnityEditor.QuickSearchModule:UnityEditor.Search:ASIAI0B
Importing 'GUID: a8860c53ca4073d4f92c403e709c12ba - Path: Packages/com.unity.ide.rider/Rider/Editor/Util/RiderMenu.cs - Importer: ScriptedImporter/UnityEditor.QuickSearchModule:UnityEditor.Search:ASIAI0B' with importer (ScriptedImporter : UnityEditor.QuickSearchModule:UnityEditor.Search:ASIAI0B)
Imported 'GUID: a8860c53ca4073d4f92c403e709c12ba' -> (Import Result ID: 'cbeaea1e4eea88662baae68b2136e5a4') in 0.001 seconds [static and dynamic dependencies]. Details - ImportResultOutputID=eb97f341f55fc1596d1b976730702458 DependenciesID=167a3b1cfd43046585d43e7489bf4e2f StaticDependenciesID=7d2c06c2d90a5ad04a4a27c38616f4b6 
Number of updated asset objects reloaded before import = 0
Number of asset objects unloaded after import = 0
========================================================================
Received Import Request.
  Time of request: 2026-10-01T19:11:25.262212Z
  Time since last request: 0.000209584 seconds.
  importAddress: GUID: 56c8c6e437b14f8e9a91e9832c11bc1a - Path: Packages/com.unity.ide.rider/Rider/Editor/ProjectGeneration/AssemblyNameProvider.cs - Importer: ScriptedImporter/UnityEditor.QuickSearchModule:UnityEditor.Search:ASIAI0B
Importing 'GUID: 56c8c6e437b14f8e9a91e9832c11bc1a - Path: Packages/com.unity.ide.rider/Rider/Editor/ProjectGeneration/AssemblyNameProvider.cs - Importer: ScriptedImporter/UnityEditor.QuickSearchModule:UnityEditor.Search:ASIAI0B' with importer (ScriptedImporter : UnityEditor.QuickSearchModule:UnityEditor.Search:ASIAI0B)
Imported 'GUID: 56c8c6e437b14f8e9a91e9832c11bc1a' -> (Import Result ID: '6f3eb65a20e51dc07615c21b03f541a2') in 0.002 seconds [static and dynamic dependencies]. Details - ImportResultOutputID=20f696019d6e62678fd419dfd2834ee8 DependenciesID=8d057ff0670aadba76acccfefd56937e StaticDependenciesID=72ecd1bf1a91db45166a0ab30ed98aef 
Number of updated asset objects reloaded before import = 0
Number of asset objects unloaded after import = 0
========================================================================
Received Import Request.
  Time of request: 2026-10-01T19:11:25.264121Z
  Time since last request: 0.000315833 seconds.
  importAddress: GUID: 0691c2fe40564a64b3a9b7372c5eca2a - Path: Packages/com.unity.ide.rider/Rider/Editor/ProjectGeneration/ProjectPart.cs - Importer: ScriptedImporter/UnityEditor.QuickSearchModule:UnityEditor.Search:ASIAI0B
Importing 'GUID: 0691c2fe40564a64b3a9b7372c5eca2a - Path: Packages/com.unity.ide.rider/Rider/Editor/ProjectGeneration/ProjectPart.cs - Importer: ScriptedImporter/UnityEditor.QuickSearchModule:UnityEditor.Search:ASIAI0B' with importer (ScriptedImporter : UnityEditor.QuickSearchModule:UnityEditor.Search:ASIAI0B)
Imported 'GUID: 0691c2fe40564a64b3a9b7372c5eca2a' -> (Import Result ID: '6c3e7876a2b38ce2f4361f4e3ad48e53') in 0.001 seconds [static and dynamic dependencies]. Details - ImportResultOutputID=bbc577b7b407a25fbdde6b0e9ea5669a DependenciesID=3aa79aa0b628645950adb771677db781 StaticDependenciesID=92a8eb70d0f611df857cacf4d41cd01e 
Number of updated asset objects reloaded before import = 0
Number of asset objects unloaded after import = 0
========================================================================
Received Import Request.
  Time of request: 2026-10-01T19:11:25.265145Z
  Time since last request: 0.000201791 seconds.
  importAddress: GUID: 58aa570dbe0761f43b25ff6c2265bbe2 - Path: Packages/com.unity.ide.rider/Rider/Editor/UnitTesting/TestsCallback.cs - Importer: ScriptedImporter/UnityEditor.QuickSearchModule:UnityEditor.Search:ASIAI0B
Importing 'GUID: 58aa570dbe0761f43b25ff6c2265bbe2 - Path: Packages/com.unity.ide.rider/Rider/Editor/UnitTesting/TestsCallback.cs - Importer: ScriptedImporter/UnityEditor.QuickSearchModule:UnityEditor.Search:ASIAI0B' with importer (ScriptedImporter : UnityEditor.QuickSearchModule:UnityEditor.Search:ASIAI0B)
Imported 'GUID: 58aa570dbe0761f43b25ff6c2265bbe2' -> (Import Result ID: '1728665fdc4e4cef544a5fe673727cfc') in 0.001 seconds [static and dynamic dependencies]. Details - ImportResultOutputID=78dc5b57bf6c74d3a70ed11399a83970 DependenciesID=7515934b5d697e9bd1659df7cbdb6adc StaticDependenciesID=6273184b2f392c68051cb92283f76e7b 
Number of updated asset objects reloaded before import = 0
Number of asset objects unloaded after import = 0
========================================================================
Received Import Request.
  Time of request: 2026-10-01T19:11:25.266345Z
  Time since last request: 0.000263709 seconds.
  importAddress: GUID: 43674d438e19b89d7fe6af07234f3252 - Path: Packages/com.unity.modules.accessibility/package.json - Importer: ScriptedImporter/UnityEditor.QuickSearchModule:UnityEditor.Search:ASIAI0B
Importing 'GUID: 43674d438e19b89d7fe6af07234f3252 - Path: Packages/com.unity.modules.accessibility/package.json - Importer: ScriptedImporter/UnityEditor.QuickSearchModule:UnityEditor.Search:ASIAI0B' with importer (ScriptedImporter : UnityEditor.QuickSearchModule:UnityEditor.Search:ASIAI0B)
Imported 'GUID: 43674d438e19b89d7fe6af07234f3252' -> (Import Result ID: '858789d6869aebcc8c90ea56626a9b2e') in 0.001 seconds [static and dynamic dependencies]. Details - ImportResultOutputID=367216082db003efa69927f0141ab35e DependenciesID=44a8c068e54e611f86c36d66af578fd4 StaticDependenciesID=5a5cf34a3e2498ad444ebe0b9f844332 
Number of updated asset objects reloaded before import = 0
Number of asset objects unloaded after import = 1
========================================================================
Received Import Request.
  Time of request: 2026-10-01T19:11:25.267518Z
  Time since last request: 0.000191292 seconds.
  importAddress: GUID: 3fdd83b151eb8d25c5e2f82fc39dcb04 - Path: Packages/com.unity.modules.unitywebrequest/package.json - Importer: ScriptedImporter/UnityEditor.QuickSearchModule:UnityEditor.Search:ASIAI0B
Importing 'GUID: 3fdd83b151eb8d25c5e2f82fc39dcb04 - Path: Packages/com.unity.modules.unitywebrequest/package.json - Importer: ScriptedImporter/UnityEditor.QuickSearchModule:UnityEditor.Search:ASIAI0B' with importer (ScriptedImporter : UnityEditor.QuickSearchModule:UnityEditor.Search:ASIAI0B)
Imported 'GUID: 3fdd83b151eb8d25c5e2f82fc39dcb04' -> (Import Result ID: '62571f2ca2e1a3476bbada13b074c192') in 0.001 seconds [static and dynamic dependencies]. Details - ImportResultOutputID=f074633b2bdce325244670a1d6650966 DependenciesID=4295434771d51cc985aedbb687da9bc2 StaticDependenciesID=be2d82f9ef2f8852c1990406fa1eac19 
Number of updated asset objects reloaded before import = 0
Number of asset objects unloaded after import = 1
========================================================================
Received Import Request.
  Time of request: 2026-10-01T19:11:25.268444Z
  Time since last request: 0.000241 seconds.
  importAddress: GUID: 8e1f00a9be2eb66438e2835fdf1ea11b - Path: Packages/com.unity.ide.rider/Rider/Editor/Util/SerializableVersion.cs - Importer: ScriptedImporter/UnityEditor.QuickSearchModule:UnityEditor.Search:ASIAI0B
Importing 'GUID: 8e1f00a9be2eb66438e2835fdf1ea11b - Path: Packages/com.unity.ide.rider/Rider/Editor/Util/SerializableVersion.cs - Importer: ScriptedImporter/UnityEditor.QuickSearchModule:UnityEditor.Search:ASIAI0B' with importer (ScriptedImporter : UnityEditor.QuickSearchModule:UnityEditor.Search:ASIAI0B)
Imported 'GUID: 8e1f00a9be2eb66438e2835fdf1ea11b' -> (Import Result ID: '49bc4106c4c1a34248b330840fc3fa50') in 0.001 seconds [static and dynamic dependencies]. Details - ImportResultOutputID=ce5d1e7424722df0c1b5726c9c1aaa3a DependenciesID=8b5b2c036c486efef2adcad57d9a3c2a StaticDependenciesID=8d9914c2789edffc53358125422af565 
Number of updated asset objects reloaded before import = 0
Number of asset objects unloaded after import = 0
========================================================================
Received Import Request.
  Time of request: 2026-10-01T19:11:25.269548Z
  Time since last request: 0.00020025 seconds.
  importAddress: GUID: d528c8c98d269ca44a06cd9624a03945 - Path: Packages/com.unity.ide.rider/Rider/Editor/com.unity.ide.rider.asmdef - Importer: ScriptedImporter/UnityEditor.QuickSearchModule:UnityEditor.Search:ASIAI0B
Importing 'GUID: d528c8c98d269ca44a06cd9624a03945 - Path: Packages/com.unity.ide.rider/Rider/Editor/com.unity.ide.rider.asmdef - Importer: ScriptedImporter/UnityEditor.QuickSearchModule:UnityEditor.Search:ASIAI0B' with importer (ScriptedImporter : UnityEditor.QuickSearchModule:UnityEditor.Search:ASIAI0B)
Imported 'GUID: d528c8c98d269ca44a06cd9624a03945' -> (Import Result ID: '732734c37f0683cdc6986d72db647f3e') in 0.001 seconds [static and dynamic dependencies]. Details - ImportResultOutputID=80a16b3b5512aba9b84911f7f051a02b DependenciesID=26d1fbb3ee7b183e3cddbda89e1ed867 StaticDependenciesID=12d1da68e12b98df41d44b59a7f4681d 
Number of updated asset objects reloaded before import = 0
Number of asset objects unloaded after import = 1
========================================================================
Received Import Request.
  Time of request: 2026-10-01T19:11:25.270693Z
  Time since last request: 0.000243167 seconds.
  importAddress: GUID: 23032f4383e95e772bce465c5896d0fd - Path: Packages/com.unity.modules.terrain/package.ModuleCompilationTrigger - Importer: ScriptedImporter/UnityEditor.QuickSearchModule:UnityEditor.Search:ASIAI0B
Importing 'GUID: 23032f4383e95e772bce465c5896d0fd - Path: Packages/com.unity.modules.terrain/package.ModuleCompilationTrigger - Importer: ScriptedImporter/UnityEditor.QuickSearchModule:UnityEditor.Search:ASIAI0B' with importer (ScriptedImporter : UnityEditor.QuickSearchModule:UnityEditor.Search:ASIAI0B)
Imported 'GUID: 23032f4383e95e772bce465c5896d0fd' -> (Import Result ID: 'f3a3ea933a8643139a441b91d3a847bc') in 0.001 seconds [static and dynamic dependencies]. Details - ImportResultOutputID=b8d06cc7bc3562f364010aa6c23e3376 DependenciesID=030c4727f9ffe07fd768c274b7d1556e StaticDependenciesID=3288b8f2ed8bcd844b101baf57ec8de1 
Number of updated asset objects reloaded before import = 0
Number of asset objects unloaded after import = 1
========================================================================
Received Import Request.
  Time of request: 2026-10-01T19:11:25.271814Z
  Time since last request: 0.000235042 seconds.
  importAddress: GUID: 6d56244f8c39a851975d3c0bd432c66f - Path: Packages/com.unity.modules.terrain/package.json - Importer: ScriptedImporter/UnityEditor.QuickSearchModule:UnityEditor.Search:ASIAI0B
Importing 'GUID: 6d56244f8c39a851975d3c0bd432c66f - Path: Packages/com.unity.modules.terrain/package.json - Importer: ScriptedImporter/UnityEditor.QuickSearchModule:UnityEditor.Search:ASIAI0B' with importer (ScriptedImporter : UnityEditor.QuickSearchModule:UnityEditor.Search:ASIAI0B)
Imported 'GUID: 6d56244f8c39a851975d3c0bd432c66f' -> (Import Result ID: 'ef15476303b06c757d00f737a53cd8ce') in 0.001 seconds [static and dynamic dependencies]. Details - ImportResultOutputID=cf952a650b48b4003bbc179cd5541320 DependenciesID=eabc2e49405e0e9b4bf49e93576665fb StaticDependenciesID=1e89021eed740fa5d4e1863310ed121a 
Number of updated asset objects reloaded before import = 0
Number of asset objects unloaded after import = 1
========================================================================
Received Import Request.
  Time of request: 2026-10-01T19:11:25.272865Z
  Time since last request: 0.000172917 seconds.
  importAddress: GUID: 7078f19173ceac84fb9e29b9f6175201 - Path: Packages/com.unity.ide.rider/Rider/Editor/ProjectGeneration/ProjectGeneration.cs - Importer: ScriptedImporter/UnityEditor.QuickSearchModule:UnityEditor.Search:ASIAI0B
Importing 'GUID: 7078f19173ceac84fb9e29b9f6175201 - Path: Packages/com.unity.ide.rider/Rider/Editor/ProjectGeneration/ProjectGeneration.cs - Importer: ScriptedImporter/UnityEditor.QuickSearchModule:UnityEditor.Search:ASIAI0B' with importer (ScriptedImporter : UnityEditor.QuickSearchModule:UnityEditor.Search:ASIAI0B)
Imported 'GUID: 7078f19173ceac84fb9e29b9f6175201' -> (Import Result ID: '091dd3052921d9fb2b530385f9753e9d') in 0.001 seconds [static and dynamic dependencies]. Details - ImportResultOutputID=ad9865814434be5ffc7814b9a39db173 DependenciesID=a90d3150c4fd36beb6f184d77f622be1 StaticDependenciesID=36108c9695d0da2ec2add0600eb452fb 
Number of updated asset objects reloaded before import = 0
Number of asset objects unloaded after import = 0
========================================================================
Received Import Request.
  Time of request: 2026-10-01T19:11:25.274019Z
  Time since last request: 0.000274458 seconds.
  importAddress: GUID: 8c7e8e301f8b4c30bbf9db502d637f0f - Path: Packages/com.unity.ide.rider/Rider/Editor/ProjectGeneration/IGUIDGenerator.cs - Importer: ScriptedImporter/UnityEditor.QuickSearchModule:UnityEditor.Search:ASIAI0B
Importing 'GUID: 8c7e8e301f8b4c30bbf9db502d637f0f - Path: Packages/com.unity.ide.rider/Rider/Editor/ProjectGeneration/IGUIDGenerator.cs - Importer: ScriptedImporter/UnityEditor.QuickSearchModule:UnityEditor.Search:ASIAI0B' with importer (ScriptedImporter : UnityEditor.QuickSearchModule:UnityEditor.Search:ASIAI0B)
Imported 'GUID: 8c7e8e301f8b4c30bbf9db502d637f0f' -> (Import Result ID: '14e3fb2f37f2cab3e9d32d9eeaa53187') in 0.001 seconds [static and dynamic dependencies]. Details - ImportResultOutputID=7c2fe6672e5b5821acd8adc633f9f147 DependenciesID=ea2166f105f8c470b075b9a9ba9e70c8 StaticDependenciesID=3a2acac7fc14766d7ffd6e500a024e7f 
Number of updated asset objects reloaded before import = 0
Number of asset objects unloaded after import = 0
========================================================================
Received Import Request.
  Time of request: 2026-10-01T19:11:25.275127Z
  Time since last request: 0.000230959 seconds.
  importAddress: GUID: f7a8357347c80dc69c08d0b1a05e2122 - Path: Packages/com.unity.modules.physics2d/package.json - Importer: ScriptedImporter/UnityEditor.QuickSearchModule:UnityEditor.Search:ASIAI0B
Importing 'GUID: f7a8357347c80dc69c08d0b1a05e2122 - Path: Packages/com.unity.modules.physics2d/package.json - Importer: ScriptedImporter/UnityEditor.QuickSearchModule:UnityEditor.Search:ASIAI0B' with importer (ScriptedImporter : UnityEditor.QuickSearchModule:UnityEditor.Search:ASIAI0B)
Imported 'GUID: f7a8357347c80dc69c08d0b1a05e2122' -> (Import Result ID: '0609728dee6769e3910762c2c82e30c3') in 0.001 seconds [static and dynamic dependencies]. Details - ImportResultOutputID=bdb6297dee2a5bb89e7ccc66dac760e4 DependenciesID=27592b2ef56f349b7d3830c116eb7153 StaticDependenciesID=a44ac2dd4f10d548770210faef54d6e5 
Number of updated asset objects reloaded before import = 0
Number of asset objects unloaded after import = 1
========================================================================
Received Import Request.
  Time of request: 2026-10-01T19:11:25.276076Z
  Time since last request: 0.000216875 seconds.
  importAddress: GUID: c4095d72f77fbb64ea39b8b3ca246622 - Path: Packages/com.unity.ide.rider/Rider/Editor/RiderScriptEditor.cs - Importer: ScriptedImporter/UnityEditor.QuickSearchModule:UnityEditor.Search:ASIAI0B
Importing 'GUID: c4095d72f77fbb64ea39b8b3ca246622 - Path: Packages/com.unity.ide.rider/Rider/Editor/RiderScriptEditor.cs - Importer: ScriptedImporter/UnityEditor.QuickSearchModule:UnityEditor.Search:ASIAI0B' with importer (ScriptedImporter : UnityEditor.QuickSearchModule:UnityEditor.Search:ASIAI0B)
Imported 'GUID: c4095d72f77fbb64ea39b8b3ca246622' -> (Import Result ID: 'acade24c3c8ba93251614d880457c2df') in 0.001 seconds [static and dynamic dependencies]. Details - ImportResultOutputID=ef68b43ed7f8c49f77c85667ac1f385b DependenciesID=8cc375952e216a7a7055342b823e1029 StaticDependenciesID=c8afa7ff71179f6ef91dd28157874b49 
Number of updated asset objects reloaded before import = 0
Number of asset objects unloaded after import = 0
========================================================================
Received Import Request.
  Time of request: 2026-10-01T19:11:25.277113Z
  Time since last request: 0.00018625 seconds.
  importAddress: GUID: 8cfde1a59fb35574189691a9de1df93b - Path: Packages/com.unity.ide.rider/Rider/Editor/ProjectGeneration/GUIDProvider.cs - Importer: ScriptedImporter/UnityEditor.QuickSearchModule:UnityEditor.Search:ASIAI0B
Importing 'GUID: 8cfde1a59fb35574189691a9de1df93b - Path: Packages/com.unity.ide.rider/Rider/Editor/ProjectGeneration/GUIDProvider.cs - Importer: ScriptedImporter/UnityEditor.QuickSearchModule:UnityEditor.Search:ASIAI0B' with importer (ScriptedImporter : UnityEditor.QuickSearchModule:UnityEditor.Search:ASIAI0B)
Imported 'GUID: 8cfde1a59fb35574189691a9de1df93b' -> (Import Result ID: 'df5c59b392e52fd9916059559c014805') in 0.001 seconds [static and dynamic dependencies]. Details - ImportResultOutputID=1bc83a6a676bcd2696f8606f7d27daac DependenciesID=12e0c62311c93276f494f08696283b0d StaticDependenciesID=862bf02a1afd6f5013e4c772801c1d81 
Number of updated asset objects reloaded before import = 0
Number of asset objects unloaded after import = 0
========================================================================
Received Import Request.
  Time of request: 2026-10-01T19:11:25.278247Z
  Time since last request: 0.000319167 seconds.
  importAddress: GUID: 05f7f519769978b79b31d063a7fc6fa1 - Path: Packages/com.unity.modules.unitywebrequestassetbundle/package.json - Importer: ScriptedImporter/UnityEditor.QuickSearchModule:UnityEditor.Search:ASIAI0B
Importing 'GUID: 05f7f519769978b79b31d063a7fc6fa1 - Path: Packages/com.unity.modules.unitywebrequestassetbundle/package.json - Importer: ScriptedImporter/UnityEditor.QuickSearchModule:UnityEditor.Search:ASIAI0B' with importer (ScriptedImporter : UnityEditor.QuickSearchModule:UnityEditor.Search:ASIAI0B)
Imported 'GUID: 05f7f519769978b79b31d063a7fc6fa1' -> (Import Result ID: '8385f34f00116ba7ac5c2fb9c0d2eb3d') in 0.001 seconds [static and dynamic dependencies]. Details - ImportResultOutputID=3e4086bc4a0be01bffae8e6086b586d2 DependenciesID=2a2c7d628c50af9cabb15c846945eea7 StaticDependenciesID=e38d381c36ac6353f848654984d40792 
Number of updated asset objects reloaded before import = 0
Number of asset objects unloaded after import = 1
========================================================================
Received Import Request.
  Time of request: 2026-10-01T19:11:25.279498Z
  Time since last request: 0.000312833 seconds.
  importAddress: GUID: 1bfe12aa306c0c74db4f4f1a1a0ae5ce - Path: Packages/com.unity.ide.rider/Rider/Editor/PluginSettings.cs - Importer: ScriptedImporter/UnityEditor.QuickSearchModule:UnityEditor.Search:ASIAI0B
Importing 'GUID: 1bfe12aa306c0c74db4f4f1a1a0ae5ce - Path: Packages/com.unity.ide.rider/Rider/Editor/PluginSettings.cs - Importer: ScriptedImporter/UnityEditor.QuickSearchModule:UnityEditor.Search:ASIAI0B' with importer (ScriptedImporter : UnityEditor.QuickSearchModule:UnityEditor.Search:ASIAI0B)
Imported 'GUID: 1bfe12aa306c0c74db4f4f1a1a0ae5ce' -> (Import Result ID: '69b06a67d89a05a5e5947136e3a3157b') in 0.001 seconds [static and dynamic dependencies]. Details - ImportResultOutputID=75ea8cc395e6acd47e31540f730faca8 DependenciesID=b1dacb36e707e37d425cf0e72612a581 StaticDependenciesID=ba6898717c29d1186782d5ba2782c0a3 
Number of updated asset objects reloaded before import = 0
Number of asset objects unloaded after import = 0
========================================================================
Received Import Request.
  Time of request: 2026-10-01T19:11:25.280851Z
  Time since last request: 0.000200125 seconds.
  importAddress: GUID: f9413c47b3a14a64e8810ce76d1a6032 - Path: Packages/com.unity.ide.rider/Rider/Editor/UnitTesting/TestEvent.cs - Importer: ScriptedImporter/UnityEditor.QuickSearchModule:UnityEditor.Search:ASIAI0B
Importing 'GUID: f9413c47b3a14a64e8810ce76d1a6032 - Path: Packages/com.unity.ide.rider/Rider/Editor/UnitTesting/TestEvent.cs - Importer: ScriptedImporter/UnityEditor.QuickSearchModule:UnityEditor.Search:ASIAI0B' with importer (ScriptedImporter : UnityEditor.QuickSearchModule:UnityEditor.Search:ASIAI0B)
Imported 'GUID: f9413c47b3a14a64e8810ce76d1a6032' -> (Import Result ID: 'ca39507960fab70ba30bb2c056ea9ab1') in 0.001 seconds [static and dynamic dependencies]. Details - ImportResultOutputID=cae62b76e8265452834129eb2ee80081 DependenciesID=b111c6ab039efa3c7f851621686cb439 StaticDependenciesID=af906d4d2cfc0470af821d2ee2056e13 
Number of updated asset objects reloaded before import = 0
Number of asset objects unloaded after import = 0
========================================================================
Received Import Request.
  Time of request: 2026-10-01T19:11:25.281907Z
  Time since last request: 0.000197416 seconds.
  importAddress: GUID: aeb8068359664ab5a8d6420381f87510 - Path: Packages/com.unity.ide.rider/Rider/Editor/LogFileOpener.cs - Importer: ScriptedImporter/UnityEditor.QuickSearchModule:UnityEditor.Search:ASIAI0B
Importing 'GUID: aeb8068359664ab5a8d6420381f87510 - Path: Packages/com.unity.ide.rider/Rider/Editor/LogFileOpener.cs - Importer: ScriptedImporter/UnityEditor.QuickSearchModule:UnityEditor.Search:ASIAI0B' with importer (ScriptedImporter : UnityEditor.QuickSearchModule:UnityEditor.Search:ASIAI0B)
Imported 'GUID: aeb8068359664ab5a8d6420381f87510' -> (Import Result ID: '3a30d3ec7e0d0b48cc62260d58721e24') in 0.001 seconds [static and dynamic dependencies]. Details - ImportResultOutputID=b62008ac44e230a270841a6ad1cedb18 DependenciesID=ab2f5b74d3e965d83203f7c193c636e9 StaticDependenciesID=4e3a0a5804bd536e33a898564657a302 
Number of updated asset objects reloaded before import = 0
Number of asset objects unloaded after import = 0
========================================================================
Received Import Request.
  Time of request: 2026-10-01T19:11:25.282844Z
  Time since last request: 0.000196125 seconds.
  importAddress: GUID: 010246a07de7cb34185a2a7b1c1fad59 - Path: Packages/com.unity.ide.rider/Rider/Editor/UnitTesting/CallbackData.cs - Importer: ScriptedImporter/UnityEditor.QuickSearchModule:UnityEditor.Search:ASIAI0B
Importing 'GUID: 010246a07de7cb34185a2a7b1c1fad59 - Path: Packages/com.unity.ide.rider/Rider/Editor/UnitTesting/CallbackData.cs - Importer: ScriptedImporter/UnityEditor.QuickSearchModule:UnityEditor.Search:ASIAI0B' with importer (ScriptedImporter : UnityEditor.QuickSearchModule:UnityEditor.Search:ASIAI0B)
Imported 'GUID: 010246a07de7cb34185a2a7b1c1fad59' -> (Import Result ID: 'c7232c0a7429f4869305d0d6d07e439b') in 0.001 seconds [static and dynamic dependencies]. Details - ImportResultOutputID=401e2d408900f838da33f505b0aeae00 DependenciesID=7f78484cad056ed3924fed1be9ccb8a5 StaticDependenciesID=9b5b6551646376fa7211cbe8cf01ef85 
Number of updated asset objects reloaded before import = 0
Number of asset objects unloaded after import = 0
========================================================================
Received Import Request.
  Time of request: 2026-10-01T19:11:25.28373Z
  Time since last request: 0.000202084 seconds.
  importAddress: GUID: e7c145f2cd3c411ca7f50ebc5f5a6d24 - Path: Packages/com.unity.ide.rider/Rider/Editor/StartUpMethodExecutor.cs - Importer: ScriptedImporter/UnityEditor.QuickSearchModule:UnityEditor.Search:ASIAI0B
Importing 'GUID: e7c145f2cd3c411ca7f50ebc5f5a6d24 - Path: Packages/com.unity.ide.rider/Rider/Editor/StartUpMethodExecutor.cs - Importer: ScriptedImporter/UnityEditor.QuickSearchModule:UnityEditor.Search:ASIAI0B' with importer (ScriptedImporter : UnityEditor.QuickSearchModule:UnityEditor.Search:ASIAI0B)
Imported 'GUID: e7c145f2cd3c411ca7f50ebc5f5a6d24' -> (Import Result ID: '71e3030d120175c141040c8d033c6de4') in 0.001 seconds [static and dynamic dependencies]. Details - ImportResultOutputID=b1214530ddf47360cb36ad56cdbdcd45 DependenciesID=675945399a3d329be0309a2fd48e826d StaticDependenciesID=0351e4f1500f0bfa91ee123b7be3f768 
Number of updated asset objects reloaded before import = 0
Number of asset objects unloaded after import = 0
========================================================================
Received Import Request.
  Time of request: 2026-10-01T19:11:25.284946Z
  Time since last request: 0.000178625 seconds.
  importAddress: GUID: 78af99d0156944f293b020b49a6830c2 - Path: Packages/com.unity.ide.rider/Rider/Editor/ProjectGeneration/ProjectGenerationFlag.cs - Importer: ScriptedImporter/UnityEditor.QuickSearchModule:UnityEditor.Search:ASIAI0B
Importing 'GUID: 78af99d0156944f293b020b49a6830c2 - Path: Packages/com.unity.ide.rider/Rider/Editor/ProjectGeneration/ProjectGenerationFlag.cs - Importer: ScriptedImporter/UnityEditor.QuickSearchModule:UnityEditor.Search:ASIAI0B' with importer (ScriptedImporter : UnityEditor.QuickSearchModule:UnityEditor.Search:ASIAI0B)
Imported 'GUID: 78af99d0156944f293b020b49a6830c2' -> (Import Result ID: '8599bb285f13a5ef5dcc4440f67eff1e') in 0.001 seconds [static and dynamic dependencies]. Details - ImportResultOutputID=ddf7e11b63ef55b067e3815150238950 DependenciesID=57f8ac506bffd61013aeb5faacb4f301 StaticDependenciesID=780caff31a5a3fcf8a9b055e56025306 
Number of updated asset objects reloaded before import = 0
Number of asset objects unloaded after import = 0
========================================================================
Received Import Request.
  Time of request: 2026-10-01T19:11:25.286095Z
  Time since last request: 0.000244375 seconds.
  importAddress: GUID: 7610600f5c83e01041a6fe849d39279f - Path: Packages/com.unity.modules.unitywebrequestassetbundle/package.ModuleCompilationTrigger - Importer: ScriptedImporter/UnityEditor.QuickSearchModule:UnityEditor.Search:ASIAI0B
Importing 'GUID: 7610600f5c83e01041a6fe849d39279f - Path: Packages/com.unity.modules.unitywebrequestassetbundle/package.ModuleCompilationTrigger - Importer: ScriptedImporter/UnityEditor.QuickSearchModule:UnityEditor.Search:ASIAI0B' with importer (ScriptedImporter : UnityEditor.QuickSearchModule:UnityEditor.Search:ASIAI0B)
Imported 'GUID: 7610600f5c83e01041a6fe849d39279f' -> (Import Result ID: 'ceda37bc618bb449a10b951a1a93c3c5') in 0.001 seconds [static and dynamic dependencies]. Details - ImportResultOutputID=5a5e4f094e77b2660abddcd771bb4e94 DependenciesID=b3b58dd86f46455ac07e568ca4a6bcf1 StaticDependenciesID=b8d5a093707eed5d33034480f7f691fb 
Number of updated asset objects reloaded before import = 0
Number of asset objects unloaded after import = 1
========================================================================
Received Import Request.
  Time of request: 2026-10-01T19:11:25.287128Z
  Time since last request: 0.0001745 seconds.
  importAddress: GUID: bdbd564a9fdad0b738e76d030cad1204 - Path: Packages/com.unity.ide.rider/Rider/Editor/Util/FileSystemUtil.cs - Importer: ScriptedImporter/UnityEditor.QuickSearchModule:UnityEditor.Search:ASIAI0B
Importing 'GUID: bdbd564a9fdad0b738e76d030cad1204 - Path: Packages/com.unity.ide.rider/Rider/Editor/Util/FileSystemUtil.cs - Importer: ScriptedImporter/UnityEditor.QuickSearchModule:UnityEditor.Search:ASIAI0B' with importer (ScriptedImporter : UnityEditor.QuickSearchModule:UnityEditor.Search:ASIAI0B)
Imported 'GUID: bdbd564a9fdad0b738e76d030cad1204' -> (Import Result ID: 'f8789437c1682ce83b4b23cebe16ce81') in 0.001 seconds [static and dynamic dependencies]. Details - ImportResultOutputID=cf63294981958d0c2fbe1b3d601ecaf4 DependenciesID=09ffabb6108456cf7a87cefa310936a2 StaticDependenciesID=ba01f350a81beed4b2cacf2e840a37b4 
Number of updated asset objects reloaded before import = 0
Number of asset objects unloaded after import = 0
========================================================================
Received Import Request.
  Time of request: 2026-10-01T19:11:25.288211Z
  Time since last request: 0.000246541 seconds.
  importAddress: GUID: bc3a27147f944790916176e2172ad506 - Path: Packages/com.unity.ide.rider/Rider/Editor/RiderScriptEditorDataPersisted.cs - Importer: ScriptedImporter/UnityEditor.QuickSearchModule:UnityEditor.Search:ASIAI0B
Importing 'GUID: bc3a27147f944790916176e2172ad506 - Path: Packages/com.unity.ide.rider/Rider/Editor/RiderScriptEditorDataPersisted.cs - Importer: ScriptedImporter/UnityEditor.QuickSearchModule:UnityEditor.Search:ASIAI0B' with importer (ScriptedImporter : UnityEditor.QuickSearchModule:UnityEditor.Search:ASIAI0B)
Imported 'GUID: bc3a27147f944790916176e2172ad506' -> (Import Result ID: 'abe014edde59f446011ef2f48e09d5c0') in 0.001 seconds [static and dynamic dependencies]. Details - ImportResultOutputID=1509259efd6cd762a7b58f610ba440b7 DependenciesID=20f492131479492ac518d71b0df75e85 StaticDependenciesID=4c7524e7084f0f5def8ba673169823ca 
Number of updated asset objects reloaded before import = 0
Number of asset objects unloaded after import = 0
========================================================================
Received Import Request.
  Time of request: 2026-10-01T19:11:25.289236Z
  Time since last request: 0.000203666 seconds.
  importAddress: GUID: 78e5667e52329c3ceef41288763404ae - Path: Packages/com.unity.modules.vectorgraphics/package.json - Importer: ScriptedImporter/UnityEditor.QuickSearchModule:UnityEditor.Search:ASIAI0B
Importing 'GUID: 78e5667e52329c3ceef41288763404ae - Path: Packages/com.unity.modules.vectorgraphics/package.json - Importer: ScriptedImporter/UnityEditor.QuickSearchModule:UnityEditor.Search:ASIAI0B' with importer (ScriptedImporter : UnityEditor.QuickSearchModule:UnityEditor.Search:ASIAI0B)
Imported 'GUID: 78e5667e52329c3ceef41288763404ae' -> (Import Result ID: '57df944f0516823e99c40c8538441167') in 0.001 seconds [static and dynamic dependencies]. Details - ImportResultOutputID=16ec621468ae15503a45c00d5ced39d5 DependenciesID=1e2b3ff9654099da615d595896cc8b46 StaticDependenciesID=aeb0530570c62eeab9b4f61baaece20c 
Number of updated asset objects reloaded before import = 0
Number of asset objects unloaded after import = 1
========================================================================
Received Import Request.
  Time of request: 2026-10-01T19:11:25.290378Z
  Time since last request: 0.000311542 seconds.
  importAddress: GUID: b0221f76dde941d492827802c9b7c1f9 - Path: Packages/com.unity.ide.rider/Rider/Editor/Util/StringUtils.cs - Importer: ScriptedImporter/UnityEditor.QuickSearchModule:UnityEditor.Search:ASIAI0B
Importing 'GUID: b0221f76dde941d492827802c9b7c1f9 - Path: Packages/com.unity.ide.rider/Rider/Editor/Util/StringUtils.cs - Importer: ScriptedImporter/UnityEditor.QuickSearchModule:UnityEditor.Search:ASIAI0B' with importer (ScriptedImporter : UnityEditor.QuickSearchModule:UnityEditor.Search:ASIAI0B)
Imported 'GUID: b0221f76dde941d492827802c9b7c1f9' -> (Import Result ID: '9e9d49ee1e3498fe787be452d9dd8e21') in 0.001 seconds [static and dynamic dependencies]. Details - ImportResultOutputID=b296b696fd348a655af39dac3d573b8a DependenciesID=c9c664cecf3e2908cf68c170cddbec02 StaticDependenciesID=b57f465a57aa854de450404e4afcbc6a 
Number of updated asset objects reloaded before import = 0
Number of asset objects unloaded after import = 0
========================================================================
Received Import Request.
  Time of request: 2026-10-01T19:11:25.291751Z
  Time since last request: 0.000254666 seconds.
  importAddress: GUID: 71bb46b59a9a7a346bbab1e185c723df - Path: Packages/com.unity.ide.rider/Rider/Editor/LoggingLevel.cs - Importer: ScriptedImporter/UnityEditor.QuickSearchModule:UnityEditor.Search:ASIAI0B
Importing 'GUID: 71bb46b59a9a7a346bbab1e185c723df - Path: Packages/com.unity.ide.rider/Rider/Editor/LoggingLevel.cs - Importer: ScriptedImporter/UnityEditor.QuickSearchModule:UnityEditor.Search:ASIAI0B' with importer (ScriptedImporter : UnityEditor.QuickSearchModule:UnityEditor.Search:ASIAI0B)
Imported 'GUID: 71bb46b59a9a7a346bbab1e185c723df' -> (Import Result ID: '579031c8188a84ba5816bb8fc20c3a27') in 0.001 seconds [static and dynamic dependencies]. Details - ImportResultOutputID=2511d1e5aa5345960db120becf44d741 DependenciesID=ea226400ce65c53333330d11bc7e40dc StaticDependenciesID=93280956ab6ee00af80a624d3ffbeaf4 
Number of updated asset objects reloaded before import = 0
Number of asset objects unloaded after import = 0
========================================================================
Received Import Request.
  Time of request: 2026-10-01T19:11:25.292906Z
  Time since last request: 0.000223917 seconds.
  importAddress: GUID: 5c3b27069cb3ddf42ba1260eeefcdd1c - Path: Packages/com.unity.ide.rider/Rider/Editor/UnitTesting/RiderTestRunner.cs - Importer: ScriptedImporter/UnityEditor.QuickSearchModule:UnityEditor.Search:ASIAI0B
Importing 'GUID: 5c3b27069cb3ddf42ba1260eeefcdd1c - Path: Packages/com.unity.ide.rider/Rider/Editor/UnitTesting/RiderTestRunner.cs - Importer: ScriptedImporter/UnityEditor.QuickSearchModule:UnityEditor.Search:ASIAI0B' with importer (ScriptedImporter : UnityEditor.QuickSearchModule:UnityEditor.Search:ASIAI0B)
Imported 'GUID: 5c3b27069cb3ddf42ba1260eeefcdd1c' -> (Import Result ID: '71cdfcd5ebc24759e79ac1419416c136') in 0.001 seconds [static and dynamic dependencies]. Details - ImportResultOutputID=d3c0518772873a9a1a54a069f5272597 DependenciesID=9aaf9a9824accd3be830008c028fc55c StaticDependenciesID=d2d66a2c24f6c0c2c31f8656a08dceaf 
Number of updated asset objects reloaded before import = 0
Number of asset objects unloaded after import = 0
========================================================================
Received Import Request.
  Time of request: 2026-10-01T19:11:25.29407Z
  Time since last request: 0.000246209 seconds.
  importAddress: GUID: 32e50e97779a4753a461190076119a99 - Path: Packages/com.unity.ide.rider/Rider/Editor/ProjectGeneration/PackageManagerTracker.cs - Importer: ScriptedImporter/UnityEditor.QuickSearchModule:UnityEditor.Search:ASIAI0B
Importing 'GUID: 32e50e97779a4753a461190076119a99 - Path: Packages/com.unity.ide.rider/Rider/Editor/ProjectGeneration/PackageManagerTracker.cs - Importer: ScriptedImporter/UnityEditor.QuickSearchModule:UnityEditor.Search:ASIAI0B' with importer (ScriptedImporter : UnityEditor.QuickSearchModule:UnityEditor.Search:ASIAI0B)
Imported 'GUID: 32e50e97779a4753a461190076119a99' -> (Import Result ID: '280c358fca77e8ddaa759a5524bf942a') in 0.002 seconds [static and dynamic dependencies]. Details - ImportResultOutputID=03fee9df4bb267ca16e25c0c4e33118c DependenciesID=c5f9c4f0278b1656332ac9c56378cafe StaticDependenciesID=94eda7a4233d4367ea7be710d984a4a9 
Number of updated asset objects reloaded before import = 0
Number of asset objects unloaded after import = 0
Editor requested this worker to shutdown with reason: Scaling down because of idle timeout
AcceleratorClientConnectionCallback - disconnected - :0
AssetImportWorker is now disconnected from the server
Process exiting
[ExitDontLaunchBugReporter] Exiting without the bug reporter. Application will exit with return code 0
